                                                                
  1s  2s  2p                                                    
  3s( 2)  3p( 6)  3d( 2)  4f( 1)
 1S0 1S0 1S0 2F1 1S  1S  2F 
  3s( 2)  3p( 6)  3d( 2)  4f( 1)
 1S0 1S0 1D2 2F1 1S  1D  2F 
  3s( 2)  3p( 6)  3d( 2)  4f( 1)
 1S0 1S0 1G2 2F1 1S  1G  2F 
  3s( 2)  3p( 6)  3d( 2)  4f( 1)
 1S0 1S0 3P2 2F1 1S  3P  2F 
  3s( 2)  3p( 6)  3d( 2)  4f( 1)
 1S0 1S0 3F2 2F1 1S  3F  2F 
  3s( 2)  3p( 6)  3d( 1)  4s( 1)  4f( 1)
 1S0 1S0 2D1 2S1 2F1 1S  2D  1D  2F 
  3s( 2)  3p( 6)  3d( 1)  4s( 1)  4f( 1)
 1S0 1S0 2D1 2S1 2F1 1S  2D  3D  2F 
  3s( 2)  3p( 6)  3d( 1)  4d( 1)  4f( 1)
 1S0 1S0 2D1 2D1 2F1 1S  2D  1S  2F 
  3s( 2)  3p( 6)  3d( 1)  4d( 1)  4f( 1)
 1S0 1S0 2D1 2D1 2F1 1S  2D  1P  2F 
  3s( 2)  3p( 6)  3d( 1)  4d( 1)  4f( 1)
 1S0 1S0 2D1 2D1 2F1 1S  2D  1D  2F 
  3s( 2)  3p( 6)  3d( 1)  4d( 1)  4f( 1)
 1S0 1S0 2D1 2D1 2F1 1S  2D  1F  2F 
  3s( 2)  3p( 6)  3d( 1)  4d( 1)  4f( 1)
 1S0 1S0 2D1 2D1 2F1 1S  2D  1G  2F 
  3s( 2)  3p( 6)  3d( 1)  4d( 1)  4f( 1)
 1S0 1S0 2D1 2D1 2F1 1S  2D  3S  2F 
  3s( 2)  3p( 6)  3d( 1)  4d( 1)  4f( 1)
 1S0 1S0 2D1 2D1 2F1 1S  2D  3P  2F 
  3s( 2)  3p( 6)  3d( 1)  4d( 1)  4f( 1)
 1S0 1S0 2D1 2D1 2F1 1S  2D  3D  2F 
  3s( 2)  3p( 6)  3d( 1)  4d( 1)  4f( 1)
 1S0 1S0 2D1 2D1 2F1 1S  2D  3F  2F 
  3s( 2)  3p( 6)  3d( 1)  4d( 1)  4f( 1)
 1S0 1S0 2D1 2D1 2F1 1S  2D  3G  2F 
  3s( 2)  3p( 6)  4s( 2)  4f( 1)
 1S0 1S0 1S0 2F1 1S  1S  2F 
  3s( 2)  3p( 6)  4s( 1)  4d( 1)  4f( 1)
 1S0 1S0 2S1 2D1 2F1 1S  2S  1D  2F 
  3s( 2)  3p( 6)  4s( 1)  4d( 1)  4f( 1)
 1S0 1S0 2S1 2D1 2F1 1S  2S  3D  2F 
  3s( 2)  3p( 6)  4p( 2)  4f( 1)
 1S0 1S0 1S0 2F1 1S  1S  2F 
  3s( 2)  3p( 6)  4p( 2)  4f( 1)
 1S0 1S0 1D2 2F1 1S  1D  2F 
  3s( 2)  3p( 6)  4p( 2)  4f( 1)
 1S0 1S0 3P2 2F1 1S  3P  2F 
  3s( 2)  3p( 6)  4p( 1)  4f( 2)
 1S0 1S0 2P1 1D2 1S  2P  2F 
  3s( 2)  3p( 6)  4p( 1)  4f( 2)
 1S0 1S0 2P1 1G2 1S  2P  2F 
  3s( 2)  3p( 6)  4p( 1)  4f( 2)
 1S0 1S0 2P1 3F2 1S  2P  2F 
  3s( 2)  3p( 6)  4d( 2)  4f( 1)
 1S0 1S0 1S0 2F1 1S  1S  2F 
  3s( 2)  3p( 6)  4d( 2)  4f( 1)
 1S0 1S0 1D2 2F1 1S  1D  2F 
  3s( 2)  3p( 6)  4d( 2)  4f( 1)
 1S0 1S0 1G2 2F1 1S  1G  2F 
  3s( 2)  3p( 6)  4d( 2)  4f( 1)
 1S0 1S0 3P2 2F1 1S  3P  2F 
  3s( 2)  3p( 6)  4d( 2)  4f( 1)
 1S0 1S0 3F2 2F1 1S  3F  2F 
  3s( 2)  3p( 6)  4f( 3)
 1S0 1S0 2F1 1S  2F 
  3s( 2)  3p( 6)  4f( 3)
 1S0 1S0 2F2 1S  2F 
  3s( 2)  3p( 5)  3d( 2)  4f( 2)
 1S0 2P1 1S0 1D2 2P  2P  2F 
  3s( 2)  3p( 5)  3d( 2)  4f( 2)
 1S0 2P1 1S0 1G2 2P  2P  2F 
  3s( 2)  3p( 5)  3d( 2)  4f( 2)
 1S0 2P1 1S0 3F2 2P  2P  2F 
  3s( 2)  3p( 5)  3d( 2)  4f( 2)
 1S0 2P1 1D2 1S0 2P  2F  2F 
  3s( 2)  3p( 5)  3d( 2)  4f( 2)
 1S0 2P1 1D2 1D2 2P  2P  2F 
  3s( 2)  3p( 5)  3d( 2)  4f( 2)
 1S0 2P1 1D2 1D2 2P  2D  2F 
  3s( 2)  3p( 5)  3d( 2)  4f( 2)
 1S0 2P1 1D2 1D2 2P  2F  2F 
  3s( 2)  3p( 5)  3d( 2)  4f( 2)
 1S0 2P1 1D2 1G2 2P  2P  2F 
  3s( 2)  3p( 5)  3d( 2)  4f( 2)
 1S0 2P1 1D2 1G2 2P  2D  2F 
  3s( 2)  3p( 5)  3d( 2)  4f( 2)
 1S0 2P1 1D2 1G2 2P  2F  2F 
  3s( 2)  3p( 5)  3d( 2)  4f( 2)
 1S0 2P1 1D2 1I2 2P  2F  2F 
  3s( 2)  3p( 5)  3d( 2)  4f( 2)
 1S0 2P1 1D2 3P2 2P  2D  2F 
  3s( 2)  3p( 5)  3d( 2)  4f( 2)
 1S0 2P1 1D2 3P2 2P  2F  2F 
  3s( 2)  3p( 5)  3d( 2)  4f( 2)
 1S0 2P1 1D2 3F2 2P  2P  2F 
  3s( 2)  3p( 5)  3d( 2)  4f( 2)
 1S0 2P1 1D2 3F2 2P  2D  2F 
  3s( 2)  3p( 5)  3d( 2)  4f( 2)
 1S0 2P1 1D2 3F2 2P  2F  2F 
  3s( 2)  3p( 5)  3d( 2)  4f( 2)
 1S0 2P1 1D2 3H2 2P  2D  2F 
  3s( 2)  3p( 5)  3d( 2)  4f( 2)
 1S0 2P1 1D2 3H2 2P  2F  2F 
  3s( 2)  3p( 5)  3d( 2)  4f( 2)
 1S0 2P1 1G2 1S0 2P  2F  2F 
  3s( 2)  3p( 5)  3d( 2)  4f( 2)
 1S0 2P1 1G2 1D2 2P  2F  2F 
  3s( 2)  3p( 5)  3d( 2)  4f( 2)
 1S0 2P1 1G2 1D2 2P  2G  2F 
  3s( 2)  3p( 5)  3d( 2)  4f( 2)
 1S0 2P1 1G2 1D2 2P  2H  2F 
  3s( 2)  3p( 5)  3d( 2)  4f( 2)
 1S0 2P1 1G2 1G2 2P  2F  2F 
  3s( 2)  3p( 5)  3d( 2)  4f( 2)
 1S0 2P1 1G2 1G2 2P  2G  2F 
  3s( 2)  3p( 5)  3d( 2)  4f( 2)
 1S0 2P1 1G2 1G2 2P  2H  2F 
  3s( 2)  3p( 5)  3d( 2)  4f( 2)
 1S0 2P1 1G2 1I2 2P  2F  2F 
  3s( 2)  3p( 5)  3d( 2)  4f( 2)
 1S0 2P1 1G2 1I2 2P  2G  2F 
  3s( 2)  3p( 5)  3d( 2)  4f( 2)
 1S0 2P1 1G2 1I2 2P  2H  2F 
  3s( 2)  3p( 5)  3d( 2)  4f( 2)
 1S0 2P1 1G2 3P2 2P  2F  2F 
  3s( 2)  3p( 5)  3d( 2)  4f( 2)
 1S0 2P1 1G2 3P2 2P  2G  2F 
  3s( 2)  3p( 5)  3d( 2)  4f( 2)
 1S0 2P1 1G2 3F2 2P  2F  2F 
  3s( 2)  3p( 5)  3d( 2)  4f( 2)
 1S0 2P1 1G2 3F2 2P  2G  2F 
  3s( 2)  3p( 5)  3d( 2)  4f( 2)
 1S0 2P1 1G2 3F2 2P  2H  2F 
  3s( 2)  3p( 5)  3d( 2)  4f( 2)
 1S0 2P1 1G2 3H2 2P  2F  2F 
  3s( 2)  3p( 5)  3d( 2)  4f( 2)
 1S0 2P1 1G2 3H2 2P  2G  2F 
  3s( 2)  3p( 5)  3d( 2)  4f( 2)
 1S0 2P1 1G2 3H2 2P  2H  2F 
  3s( 2)  3p( 5)  3d( 2)  4f( 2)
 1S0 2P1 3P2 1D2 2P  2P  2F 
  3s( 2)  3p( 5)  3d( 2)  4f( 2)
 1S0 2P1 3P2 1D2 2P  2D  2F 
  3s( 2)  3p( 5)  3d( 2)  4f( 2)
 1S0 2P1 3P2 1G2 2P  2P  2F 
  3s( 2)  3p( 5)  3d( 2)  4f( 2)
 1S0 2P1 3P2 1G2 2P  2D  2F 
  3s( 2)  3p( 5)  3d( 2)  4f( 2)
 1S0 2P1 3P2 3P2 2P  2D  2F 
  3s( 2)  3p( 5)  3d( 2)  4f( 2)
 1S0 2P1 3P2 3P2 2P  4D  2F 
  3s( 2)  3p( 5)  3d( 2)  4f( 2)
 1S0 2P1 3P2 3F2 2P  2S  2F 
  3s( 2)  3p( 5)  3d( 2)  4f( 2)
 1S0 2P1 3P2 3F2 2P  2P  2F 
  3s( 2)  3p( 5)  3d( 2)  4f( 2)
 1S0 2P1 3P2 3F2 2P  2D  2F 
  3s( 2)  3p( 5)  3d( 2)  4f( 2)
 1S0 2P1 3P2 3F2 2P  4S  2F 
  3s( 2)  3p( 5)  3d( 2)  4f( 2)
 1S0 2P1 3P2 3F2 2P  4P  2F 
  3s( 2)  3p( 5)  3d( 2)  4f( 2)
 1S0 2P1 3P2 3F2 2P  4D  2F 
  3s( 2)  3p( 5)  3d( 2)  4f( 2)
 1S0 2P1 3P2 3H2 2P  2D  2F 
  3s( 2)  3p( 5)  3d( 2)  4f( 2)
 1S0 2P1 3P2 3H2 2P  4D  2F 
  3s( 2)  3p( 5)  3d( 2)  4f( 2)
 1S0 2P1 3F2 1S0 2P  2F  2F 
  3s( 2)  3p( 5)  3d( 2)  4f( 2)
 1S0 2P1 3F2 1D2 2P  2D  2F 
  3s( 2)  3p( 5)  3d( 2)  4f( 2)
 1S0 2P1 3F2 1D2 2P  2F  2F 
  3s( 2)  3p( 5)  3d( 2)  4f( 2)
 1S0 2P1 3F2 1D2 2P  2G  2F 
  3s( 2)  3p( 5)  3d( 2)  4f( 2)
 1S0 2P1 3F2 1G2 2P  2D  2F 
  3s( 2)  3p( 5)  3d( 2)  4f( 2)
 1S0 2P1 3F2 1G2 2P  2F  2F 
  3s( 2)  3p( 5)  3d( 2)  4f( 2)
 1S0 2P1 3F2 1G2 2P  2G  2F 
  3s( 2)  3p( 5)  3d( 2)  4f( 2)
 1S0 2P1 3F2 1I2 2P  2F  2F 
  3s( 2)  3p( 5)  3d( 2)  4f( 2)
 1S0 2P1 3F2 1I2 2P  2G  2F 
  3s( 2)  3p( 5)  3d( 2)  4f( 2)
 1S0 2P1 3F2 3P2 2P  2D  2F 
  3s( 2)  3p( 5)  3d( 2)  4f( 2)
 1S0 2P1 3F2 3P2 2P  2F  2F 
  3s( 2)  3p( 5)  3d( 2)  4f( 2)
 1S0 2P1 3F2 3P2 2P  2G  2F 
  3s( 2)  3p( 5)  3d( 2)  4f( 2)
 1S0 2P1 3F2 3P2 2P  4D  2F 
  3s( 2)  3p( 5)  3d( 2)  4f( 2)
 1S0 2P1 3F2 3P2 2P  4F  2F 
  3s( 2)  3p( 5)  3d( 2)  4f( 2)
 1S0 2P1 3F2 3P2 2P  4G  2F 
  3s( 2)  3p( 5)  3d( 2)  4f( 2)
 1S0 2P1 3F2 3F2 2P  2D  2F 
  3s( 2)  3p( 5)  3d( 2)  4f( 2)
 1S0 2P1 3F2 3F2 2P  2F  2F 
  3s( 2)  3p( 5)  3d( 2)  4f( 2)
 1S0 2P1 3F2 3F2 2P  2G  2F 
  3s( 2)  3p( 5)  3d( 2)  4f( 2)
 1S0 2P1 3F2 3F2 2P  4D  2F 
  3s( 2)  3p( 5)  3d( 2)  4f( 2)
 1S0 2P1 3F2 3F2 2P  4F  2F 
  3s( 2)  3p( 5)  3d( 2)  4f( 2)
 1S0 2P1 3F2 3F2 2P  4G  2F 
  3s( 2)  3p( 5)  3d( 2)  4f( 2)
 1S0 2P1 3F2 3H2 2P  2D  2F 
  3s( 2)  3p( 5)  3d( 2)  4f( 2)
 1S0 2P1 3F2 3H2 2P  2F  2F 
  3s( 2)  3p( 5)  3d( 2)  4f( 2)
 1S0 2P1 3F2 3H2 2P  2G  2F 
  3s( 2)  3p( 5)  3d( 2)  4f( 2)
 1S0 2P1 3F2 3H2 2P  4D  2F 
  3s( 2)  3p( 5)  3d( 2)  4f( 2)
 1S0 2P1 3F2 3H2 2P  4F  2F 
  3s( 2)  3p( 5)  3d( 2)  4f( 2)
 1S0 2P1 3F2 3H2 2P  4G  2F 
  3s( 2)  3p( 5)  3d( 1)  4s( 1)  4f( 2)
 1S0 2P1 2D1 2S1 1S0 2P  1F  2F  2F 
  3s( 2)  3p( 5)  3d( 1)  4s( 1)  4f( 2)
 1S0 2P1 2D1 2S1 1S0 2P  3F  2F  2F 
  3s( 2)  3p( 5)  3d( 1)  4s( 1)  4f( 2)
 1S0 2P1 2D1 2S1 1D2 2P  1P  2P  2F 
  3s( 2)  3p( 5)  3d( 1)  4s( 1)  4f( 2)
 1S0 2P1 2D1 2S1 1D2 2P  1D  2D  2F 
  3s( 2)  3p( 5)  3d( 1)  4s( 1)  4f( 2)
 1S0 2P1 2D1 2S1 1D2 2P  1F  2F  2F 
  3s( 2)  3p( 5)  3d( 1)  4s( 1)  4f( 2)
 1S0 2P1 2D1 2S1 1D2 2P  3P  2P  2F 
  3s( 2)  3p( 5)  3d( 1)  4s( 1)  4f( 2)
 1S0 2P1 2D1 2S1 1D2 2P  3D  2D  2F 
  3s( 2)  3p( 5)  3d( 1)  4s( 1)  4f( 2)
 1S0 2P1 2D1 2S1 1D2 2P  3F  2F  2F 
  3s( 2)  3p( 5)  3d( 1)  4s( 1)  4f( 2)
 1S0 2P1 2D1 2S1 1G2 2P  1P  2P  2F 
  3s( 2)  3p( 5)  3d( 1)  4s( 1)  4f( 2)
 1S0 2P1 2D1 2S1 1G2 2P  1D  2D  2F 
  3s( 2)  3p( 5)  3d( 1)  4s( 1)  4f( 2)
 1S0 2P1 2D1 2S1 1G2 2P  1F  2F  2F 
  3s( 2)  3p( 5)  3d( 1)  4s( 1)  4f( 2)
 1S0 2P1 2D1 2S1 1G2 2P  3P  2P  2F 
  3s( 2)  3p( 5)  3d( 1)  4s( 1)  4f( 2)
 1S0 2P1 2D1 2S1 1G2 2P  3D  2D  2F 
  3s( 2)  3p( 5)  3d( 1)  4s( 1)  4f( 2)
 1S0 2P1 2D1 2S1 1G2 2P  3F  2F  2F 
  3s( 2)  3p( 5)  3d( 1)  4s( 1)  4f( 2)
 1S0 2P1 2D1 2S1 1I2 2P  1F  2F  2F 
  3s( 2)  3p( 5)  3d( 1)  4s( 1)  4f( 2)
 1S0 2P1 2D1 2S1 1I2 2P  3F  2F  2F 
  3s( 2)  3p( 5)  3d( 1)  4s( 1)  4f( 2)
 1S0 2P1 2D1 2S1 3P2 2P  1D  2D  2F 
  3s( 2)  3p( 5)  3d( 1)  4s( 1)  4f( 2)
 1S0 2P1 2D1 2S1 3P2 2P  1F  2F  2F 
  3s( 2)  3p( 5)  3d( 1)  4s( 1)  4f( 2)
 1S0 2P1 2D1 2S1 3P2 2P  3D  2D  2F 
  3s( 2)  3p( 5)  3d( 1)  4s( 1)  4f( 2)
 1S0 2P1 2D1 2S1 3P2 2P  3D  4D  2F 
  3s( 2)  3p( 5)  3d( 1)  4s( 1)  4f( 2)
 1S0 2P1 2D1 2S1 3P2 2P  3F  2F  2F 
  3s( 2)  3p( 5)  3d( 1)  4s( 1)  4f( 2)
 1S0 2P1 2D1 2S1 3P2 2P  3F  4F  2F 
  3s( 2)  3p( 5)  3d( 1)  4s( 1)  4f( 2)
 1S0 2P1 2D1 2S1 3F2 2P  1P  2P  2F 
  3s( 2)  3p( 5)  3d( 1)  4s( 1)  4f( 2)
 1S0 2P1 2D1 2S1 3F2 2P  1D  2D  2F 
  3s( 2)  3p( 5)  3d( 1)  4s( 1)  4f( 2)
 1S0 2P1 2D1 2S1 3F2 2P  1F  2F  2F 
  3s( 2)  3p( 5)  3d( 1)  4s( 1)  4f( 2)
 1S0 2P1 2D1 2S1 3F2 2P  3P  2P  2F 
  3s( 2)  3p( 5)  3d( 1)  4s( 1)  4f( 2)
 1S0 2P1 2D1 2S1 3F2 2P  3P  4P  2F 
  3s( 2)  3p( 5)  3d( 1)  4s( 1)  4f( 2)
 1S0 2P1 2D1 2S1 3F2 2P  3D  2D  2F 
  3s( 2)  3p( 5)  3d( 1)  4s( 1)  4f( 2)
 1S0 2P1 2D1 2S1 3F2 2P  3D  4D  2F 
  3s( 2)  3p( 5)  3d( 1)  4s( 1)  4f( 2)
 1S0 2P1 2D1 2S1 3F2 2P  3F  2F  2F 
  3s( 2)  3p( 5)  3d( 1)  4s( 1)  4f( 2)
 1S0 2P1 2D1 2S1 3F2 2P  3F  4F  2F 
  3s( 2)  3p( 5)  3d( 1)  4s( 1)  4f( 2)
 1S0 2P1 2D1 2S1 3H2 2P  1D  2D  2F 
  3s( 2)  3p( 5)  3d( 1)  4s( 1)  4f( 2)
 1S0 2P1 2D1 2S1 3H2 2P  1F  2F  2F 
  3s( 2)  3p( 5)  3d( 1)  4s( 1)  4f( 2)
 1S0 2P1 2D1 2S1 3H2 2P  3D  2D  2F 
  3s( 2)  3p( 5)  3d( 1)  4s( 1)  4f( 2)
 1S0 2P1 2D1 2S1 3H2 2P  3D  4D  2F 
  3s( 2)  3p( 5)  3d( 1)  4s( 1)  4f( 2)
 1S0 2P1 2D1 2S1 3H2 2P  3F  2F  2F 
  3s( 2)  3p( 5)  3d( 1)  4s( 1)  4f( 2)
 1S0 2P1 2D1 2S1 3H2 2P  3F  4F  2F 
  3s( 2)  3p( 5)  3d( 1)  4d( 1)  4f( 2)
 1S0 2P1 2D1 2D1 1S0 2P  1P  2F  2F 
  3s( 2)  3p( 5)  3d( 1)  4d( 1)  4f( 2)
 1S0 2P1 2D1 2D1 1S0 2P  1D  2F  2F 
  3s( 2)  3p( 5)  3d( 1)  4d( 1)  4f( 2)
 1S0 2P1 2D1 2D1 1S0 2P  1F  2F  2F 
  3s( 2)  3p( 5)  3d( 1)  4d( 1)  4f( 2)
 1S0 2P1 2D1 2D1 1S0 2P  3P  2F  2F 
  3s( 2)  3p( 5)  3d( 1)  4d( 1)  4f( 2)
 1S0 2P1 2D1 2D1 1S0 2P  3D  2F  2F 
  3s( 2)  3p( 5)  3d( 1)  4d( 1)  4f( 2)
 1S0 2P1 2D1 2D1 1S0 2P  3F  2F  2F 
  3s( 2)  3p( 5)  3d( 1)  4d( 1)  4f( 2)
 1S0 2P1 2D1 2D1 1D2 2P  1P  2P  2F 
  3s( 2)  3p( 5)  3d( 1)  4d( 1)  4f( 2)
 1S0 2P1 2D1 2D1 1D2 2P  1P  2D  2F 
  3s( 2)  3p( 5)  3d( 1)  4d( 1)  4f( 2)
 1S0 2P1 2D1 2D1 1D2 2P  1P  2F  2F 
  3s( 2)  3p( 5)  3d( 1)  4d( 1)  4f( 2)
 1S0 2P1 2D1 2D1 1D2 2P  1D  2P  2F 
  3s( 2)  3p( 5)  3d( 1)  4d( 1)  4f( 2)
 1S0 2P1 2D1 2D1 1D2 2P  1D  2D  2F 
  3s( 2)  3p( 5)  3d( 1)  4d( 1)  4f( 2)
 1S0 2P1 2D1 2D1 1D2 2P  1D  2F  2F 
  3s( 2)  3p( 5)  3d( 1)  4d( 1)  4f( 2)
 1S0 2P1 2D1 2D1 1D2 2P  1D  2G  2F 
  3s( 2)  3p( 5)  3d( 1)  4d( 1)  4f( 2)
 1S0 2P1 2D1 2D1 1D2 2P  1F  2P  2F 
  3s( 2)  3p( 5)  3d( 1)  4d( 1)  4f( 2)
 1S0 2P1 2D1 2D1 1D2 2P  1F  2D  2F 
  3s( 2)  3p( 5)  3d( 1)  4d( 1)  4f( 2)
 1S0 2P1 2D1 2D1 1D2 2P  1F  2F  2F 
  3s( 2)  3p( 5)  3d( 1)  4d( 1)  4f( 2)
 1S0 2P1 2D1 2D1 1D2 2P  1F  2G  2F 
  3s( 2)  3p( 5)  3d( 1)  4d( 1)  4f( 2)
 1S0 2P1 2D1 2D1 1D2 2P  1F  2H  2F 
  3s( 2)  3p( 5)  3d( 1)  4d( 1)  4f( 2)
 1S0 2P1 2D1 2D1 1D2 2P  3P  2P  2F 
  3s( 2)  3p( 5)  3d( 1)  4d( 1)  4f( 2)
 1S0 2P1 2D1 2D1 1D2 2P  3P  2D  2F 
  3s( 2)  3p( 5)  3d( 1)  4d( 1)  4f( 2)
 1S0 2P1 2D1 2D1 1D2 2P  3P  2F  2F 
  3s( 2)  3p( 5)  3d( 1)  4d( 1)  4f( 2)
 1S0 2P1 2D1 2D1 1D2 2P  3D  2P  2F 
  3s( 2)  3p( 5)  3d( 1)  4d( 1)  4f( 2)
 1S0 2P1 2D1 2D1 1D2 2P  3D  2D  2F 
  3s( 2)  3p( 5)  3d( 1)  4d( 1)  4f( 2)
 1S0 2P1 2D1 2D1 1D2 2P  3D  2F  2F 
  3s( 2)  3p( 5)  3d( 1)  4d( 1)  4f( 2)
 1S0 2P1 2D1 2D1 1D2 2P  3D  2G  2F 
  3s( 2)  3p( 5)  3d( 1)  4d( 1)  4f( 2)
 1S0 2P1 2D1 2D1 1D2 2P  3F  2P  2F 
  3s( 2)  3p( 5)  3d( 1)  4d( 1)  4f( 2)
 1S0 2P1 2D1 2D1 1D2 2P  3F  2D  2F 
  3s( 2)  3p( 5)  3d( 1)  4d( 1)  4f( 2)
 1S0 2P1 2D1 2D1 1D2 2P  3F  2F  2F 
  3s( 2)  3p( 5)  3d( 1)  4d( 1)  4f( 2)
 1S0 2P1 2D1 2D1 1D2 2P  3F  2G  2F 
  3s( 2)  3p( 5)  3d( 1)  4d( 1)  4f( 2)
 1S0 2P1 2D1 2D1 1D2 2P  3F  2H  2F 
  3s( 2)  3p( 5)  3d( 1)  4d( 1)  4f( 2)
 1S0 2P1 2D1 2D1 1G2 2P  1P  2P  2F 
  3s( 2)  3p( 5)  3d( 1)  4d( 1)  4f( 2)
 1S0 2P1 2D1 2D1 1G2 2P  1P  2D  2F 
  3s( 2)  3p( 5)  3d( 1)  4d( 1)  4f( 2)
 1S0 2P1 2D1 2D1 1G2 2P  1P  2F  2F 
  3s( 2)  3p( 5)  3d( 1)  4d( 1)  4f( 2)
 1S0 2P1 2D1 2D1 1G2 2P  1D  2P  2F 
  3s( 2)  3p( 5)  3d( 1)  4d( 1)  4f( 2)
 1S0 2P1 2D1 2D1 1G2 2P  1D  2D  2F 
  3s( 2)  3p( 5)  3d( 1)  4d( 1)  4f( 2)
 1S0 2P1 2D1 2D1 1G2 2P  1D  2F  2F 
  3s( 2)  3p( 5)  3d( 1)  4d( 1)  4f( 2)
 1S0 2P1 2D1 2D1 1G2 2P  1D  2G  2F 
  3s( 2)  3p( 5)  3d( 1)  4d( 1)  4f( 2)
 1S0 2P1 2D1 2D1 1G2 2P  1F  2P  2F 
  3s( 2)  3p( 5)  3d( 1)  4d( 1)  4f( 2)
 1S0 2P1 2D1 2D1 1G2 2P  1F  2D  2F 
  3s( 2)  3p( 5)  3d( 1)  4d( 1)  4f( 2)
 1S0 2P1 2D1 2D1 1G2 2P  1F  2F  2F 
  3s( 2)  3p( 5)  3d( 1)  4d( 1)  4f( 2)
 1S0 2P1 2D1 2D1 1G2 2P  1F  2G  2F 
  3s( 2)  3p( 5)  3d( 1)  4d( 1)  4f( 2)
 1S0 2P1 2D1 2D1 1G2 2P  1F  2H  2F 
  3s( 2)  3p( 5)  3d( 1)  4d( 1)  4f( 2)
 1S0 2P1 2D1 2D1 1G2 2P  3P  2P  2F 
  3s( 2)  3p( 5)  3d( 1)  4d( 1)  4f( 2)
 1S0 2P1 2D1 2D1 1G2 2P  3P  2D  2F 
  3s( 2)  3p( 5)  3d( 1)  4d( 1)  4f( 2)
 1S0 2P1 2D1 2D1 1G2 2P  3P  2F  2F 
  3s( 2)  3p( 5)  3d( 1)  4d( 1)  4f( 2)
 1S0 2P1 2D1 2D1 1G2 2P  3D  2P  2F 
  3s( 2)  3p( 5)  3d( 1)  4d( 1)  4f( 2)
 1S0 2P1 2D1 2D1 1G2 2P  3D  2D  2F 
  3s( 2)  3p( 5)  3d( 1)  4d( 1)  4f( 2)
 1S0 2P1 2D1 2D1 1G2 2P  3D  2F  2F 
  3s( 2)  3p( 5)  3d( 1)  4d( 1)  4f( 2)
 1S0 2P1 2D1 2D1 1G2 2P  3D  2G  2F 
  3s( 2)  3p( 5)  3d( 1)  4d( 1)  4f( 2)
 1S0 2P1 2D1 2D1 1G2 2P  3F  2P  2F 
  3s( 2)  3p( 5)  3d( 1)  4d( 1)  4f( 2)
 1S0 2P1 2D1 2D1 1G2 2P  3F  2D  2F 
  3s( 2)  3p( 5)  3d( 1)  4d( 1)  4f( 2)
 1S0 2P1 2D1 2D1 1G2 2P  3F  2F  2F 
  3s( 2)  3p( 5)  3d( 1)  4d( 1)  4f( 2)
 1S0 2P1 2D1 2D1 1G2 2P  3F  2G  2F 
  3s( 2)  3p( 5)  3d( 1)  4d( 1)  4f( 2)
 1S0 2P1 2D1 2D1 1G2 2P  3F  2H  2F 
  3s( 2)  3p( 5)  3d( 1)  4d( 1)  4f( 2)
 1S0 2P1 2D1 2D1 1I2 2P  1P  2F  2F 
  3s( 2)  3p( 5)  3d( 1)  4d( 1)  4f( 2)
 1S0 2P1 2D1 2D1 1I2 2P  1D  2F  2F 
  3s( 2)  3p( 5)  3d( 1)  4d( 1)  4f( 2)
 1S0 2P1 2D1 2D1 1I2 2P  1D  2G  2F 
  3s( 2)  3p( 5)  3d( 1)  4d( 1)  4f( 2)
 1S0 2P1 2D1 2D1 1I2 2P  1F  2F  2F 
  3s( 2)  3p( 5)  3d( 1)  4d( 1)  4f( 2)
 1S0 2P1 2D1 2D1 1I2 2P  1F  2G  2F 
  3s( 2)  3p( 5)  3d( 1)  4d( 1)  4f( 2)
 1S0 2P1 2D1 2D1 1I2 2P  1F  2H  2F 
  3s( 2)  3p( 5)  3d( 1)  4d( 1)  4f( 2)
 1S0 2P1 2D1 2D1 1I2 2P  3P  2F  2F 
  3s( 2)  3p( 5)  3d( 1)  4d( 1)  4f( 2)
 1S0 2P1 2D1 2D1 1I2 2P  3D  2F  2F 
  3s( 2)  3p( 5)  3d( 1)  4d( 1)  4f( 2)
 1S0 2P1 2D1 2D1 1I2 2P  3D  2G  2F 
  3s( 2)  3p( 5)  3d( 1)  4d( 1)  4f( 2)
 1S0 2P1 2D1 2D1 1I2 2P  3F  2F  2F 
  3s( 2)  3p( 5)  3d( 1)  4d( 1)  4f( 2)
 1S0 2P1 2D1 2D1 1I2 2P  3F  2G  2F 
  3s( 2)  3p( 5)  3d( 1)  4d( 1)  4f( 2)
 1S0 2P1 2D1 2D1 1I2 2P  3F  2H  2F 
  3s( 2)  3p( 5)  3d( 1)  4d( 1)  4f( 2)
 1S0 2P1 2D1 2D1 3P2 2P  1P  2D  2F 
  3s( 2)  3p( 5)  3d( 1)  4d( 1)  4f( 2)
 1S0 2P1 2D1 2D1 3P2 2P  1P  2F  2F 
  3s( 2)  3p( 5)  3d( 1)  4d( 1)  4f( 2)
 1S0 2P1 2D1 2D1 3P2 2P  1D  2D  2F 
  3s( 2)  3p( 5)  3d( 1)  4d( 1)  4f( 2)
 1S0 2P1 2D1 2D1 3P2 2P  1D  2F  2F 
  3s( 2)  3p( 5)  3d( 1)  4d( 1)  4f( 2)
 1S0 2P1 2D1 2D1 3P2 2P  1D  2G  2F 
  3s( 2)  3p( 5)  3d( 1)  4d( 1)  4f( 2)
 1S0 2P1 2D1 2D1 3P2 2P  1F  2D  2F 
  3s( 2)  3p( 5)  3d( 1)  4d( 1)  4f( 2)
 1S0 2P1 2D1 2D1 3P2 2P  1F  2F  2F 
  3s( 2)  3p( 5)  3d( 1)  4d( 1)  4f( 2)
 1S0 2P1 2D1 2D1 3P2 2P  1F  2G  2F 
  3s( 2)  3p( 5)  3d( 1)  4d( 1)  4f( 2)
 1S0 2P1 2D1 2D1 3P2 2P  3P  2D  2F 
  3s( 2)  3p( 5)  3d( 1)  4d( 1)  4f( 2)
 1S0 2P1 2D1 2D1 3P2 2P  3P  2F  2F 
  3s( 2)  3p( 5)  3d( 1)  4d( 1)  4f( 2)
 1S0 2P1 2D1 2D1 3P2 2P  3P  4D  2F 
  3s( 2)  3p( 5)  3d( 1)  4d( 1)  4f( 2)
 1S0 2P1 2D1 2D1 3P2 2P  3P  4F  2F 
  3s( 2)  3p( 5)  3d( 1)  4d( 1)  4f( 2)
 1S0 2P1 2D1 2D1 3P2 2P  3D  2D  2F 
  3s( 2)  3p( 5)  3d( 1)  4d( 1)  4f( 2)
 1S0 2P1 2D1 2D1 3P2 2P  3D  2F  2F 
  3s( 2)  3p( 5)  3d( 1)  4d( 1)  4f( 2)
 1S0 2P1 2D1 2D1 3P2 2P  3D  2G  2F 
  3s( 2)  3p( 5)  3d( 1)  4d( 1)  4f( 2)
 1S0 2P1 2D1 2D1 3P2 2P  3D  4D  2F 
  3s( 2)  3p( 5)  3d( 1)  4d( 1)  4f( 2)
 1S0 2P1 2D1 2D1 3P2 2P  3D  4F  2F 
  3s( 2)  3p( 5)  3d( 1)  4d( 1)  4f( 2)
 1S0 2P1 2D1 2D1 3P2 2P  3D  4G  2F 
  3s( 2)  3p( 5)  3d( 1)  4d( 1)  4f( 2)
 1S0 2P1 2D1 2D1 3P2 2P  3F  2D  2F 
  3s( 2)  3p( 5)  3d( 1)  4d( 1)  4f( 2)
 1S0 2P1 2D1 2D1 3P2 2P  3F  2F  2F 
  3s( 2)  3p( 5)  3d( 1)  4d( 1)  4f( 2)
 1S0 2P1 2D1 2D1 3P2 2P  3F  2G  2F 
  3s( 2)  3p( 5)  3d( 1)  4d( 1)  4f( 2)
 1S0 2P1 2D1 2D1 3P2 2P  3F  4D  2F 
  3s( 2)  3p( 5)  3d( 1)  4d( 1)  4f( 2)
 1S0 2P1 2D1 2D1 3P2 2P  3F  4F  2F 
  3s( 2)  3p( 5)  3d( 1)  4d( 1)  4f( 2)
 1S0 2P1 2D1 2D1 3P2 2P  3F  4G  2F 
  3s( 2)  3p( 5)  3d( 1)  4d( 1)  4f( 2)
 1S0 2P1 2D1 2D1 3F2 2P  1P  2P  2F 
  3s( 2)  3p( 5)  3d( 1)  4d( 1)  4f( 2)
 1S0 2P1 2D1 2D1 3F2 2P  1P  2D  2F 
  3s( 2)  3p( 5)  3d( 1)  4d( 1)  4f( 2)
 1S0 2P1 2D1 2D1 3F2 2P  1P  2F  2F 
  3s( 2)  3p( 5)  3d( 1)  4d( 1)  4f( 2)
 1S0 2P1 2D1 2D1 3F2 2P  1D  2S  2F 
  3s( 2)  3p( 5)  3d( 1)  4d( 1)  4f( 2)
 1S0 2P1 2D1 2D1 3F2 2P  1D  2P  2F 
  3s( 2)  3p( 5)  3d( 1)  4d( 1)  4f( 2)
 1S0 2P1 2D1 2D1 3F2 2P  1D  2D  2F 
  3s( 2)  3p( 5)  3d( 1)  4d( 1)  4f( 2)
 1S0 2P1 2D1 2D1 3F2 2P  1D  2F  2F 
  3s( 2)  3p( 5)  3d( 1)  4d( 1)  4f( 2)
 1S0 2P1 2D1 2D1 3F2 2P  1D  2G  2F 
  3s( 2)  3p( 5)  3d( 1)  4d( 1)  4f( 2)
 1S0 2P1 2D1 2D1 3F2 2P  1F  2P  2F 
  3s( 2)  3p( 5)  3d( 1)  4d( 1)  4f( 2)
 1S0 2P1 2D1 2D1 3F2 2P  1F  2D  2F 
  3s( 2)  3p( 5)  3d( 1)  4d( 1)  4f( 2)
 1S0 2P1 2D1 2D1 3F2 2P  1F  2F  2F 
  3s( 2)  3p( 5)  3d( 1)  4d( 1)  4f( 2)
 1S0 2P1 2D1 2D1 3F2 2P  1F  2G  2F 
  3s( 2)  3p( 5)  3d( 1)  4d( 1)  4f( 2)
 1S0 2P1 2D1 2D1 3F2 2P  1F  2H  2F 
  3s( 2)  3p( 5)  3d( 1)  4d( 1)  4f( 2)
 1S0 2P1 2D1 2D1 3F2 2P  3P  2P  2F 
  3s( 2)  3p( 5)  3d( 1)  4d( 1)  4f( 2)
 1S0 2P1 2D1 2D1 3F2 2P  3P  2D  2F 
  3s( 2)  3p( 5)  3d( 1)  4d( 1)  4f( 2)
 1S0 2P1 2D1 2D1 3F2 2P  3P  2F  2F 
  3s( 2)  3p( 5)  3d( 1)  4d( 1)  4f( 2)
 1S0 2P1 2D1 2D1 3F2 2P  3P  4P  2F 
  3s( 2)  3p( 5)  3d( 1)  4d( 1)  4f( 2)
 1S0 2P1 2D1 2D1 3F2 2P  3P  4D  2F 
  3s( 2)  3p( 5)  3d( 1)  4d( 1)  4f( 2)
 1S0 2P1 2D1 2D1 3F2 2P  3P  4F  2F 
  3s( 2)  3p( 5)  3d( 1)  4d( 1)  4f( 2)
 1S0 2P1 2D1 2D1 3F2 2P  3D  2S  2F 
  3s( 2)  3p( 5)  3d( 1)  4d( 1)  4f( 2)
 1S0 2P1 2D1 2D1 3F2 2P  3D  2P  2F 
  3s( 2)  3p( 5)  3d( 1)  4d( 1)  4f( 2)
 1S0 2P1 2D1 2D1 3F2 2P  3D  2D  2F 
  3s( 2)  3p( 5)  3d( 1)  4d( 1)  4f( 2)
 1S0 2P1 2D1 2D1 3F2 2P  3D  2F  2F 
  3s( 2)  3p( 5)  3d( 1)  4d( 1)  4f( 2)
 1S0 2P1 2D1 2D1 3F2 2P  3D  2G  2F 
  3s( 2)  3p( 5)  3d( 1)  4d( 1)  4f( 2)
 1S0 2P1 2D1 2D1 3F2 2P  3D  4S  2F 
  3s( 2)  3p( 5)  3d( 1)  4d( 1)  4f( 2)
 1S0 2P1 2D1 2D1 3F2 2P  3D  4P  2F 
  3s( 2)  3p( 5)  3d( 1)  4d( 1)  4f( 2)
 1S0 2P1 2D1 2D1 3F2 2P  3D  4D  2F 
  3s( 2)  3p( 5)  3d( 1)  4d( 1)  4f( 2)
 1S0 2P1 2D1 2D1 3F2 2P  3D  4F  2F 
  3s( 2)  3p( 5)  3d( 1)  4d( 1)  4f( 2)
 1S0 2P1 2D1 2D1 3F2 2P  3D  4G  2F 
  3s( 2)  3p( 5)  3d( 1)  4d( 1)  4f( 2)
 1S0 2P1 2D1 2D1 3F2 2P  3F  2P  2F 
  3s( 2)  3p( 5)  3d( 1)  4d( 1)  4f( 2)
 1S0 2P1 2D1 2D1 3F2 2P  3F  2D  2F 
  3s( 2)  3p( 5)  3d( 1)  4d( 1)  4f( 2)
 1S0 2P1 2D1 2D1 3F2 2P  3F  2F  2F 
  3s( 2)  3p( 5)  3d( 1)  4d( 1)  4f( 2)
 1S0 2P1 2D1 2D1 3F2 2P  3F  2G  2F 
  3s( 2)  3p( 5)  3d( 1)  4d( 1)  4f( 2)
 1S0 2P1 2D1 2D1 3F2 2P  3F  2H  2F 
  3s( 2)  3p( 5)  3d( 1)  4d( 1)  4f( 2)
 1S0 2P1 2D1 2D1 3F2 2P  3F  4P  2F 
  3s( 2)  3p( 5)  3d( 1)  4d( 1)  4f( 2)
 1S0 2P1 2D1 2D1 3F2 2P  3F  4D  2F 
  3s( 2)  3p( 5)  3d( 1)  4d( 1)  4f( 2)
 1S0 2P1 2D1 2D1 3F2 2P  3F  4F  2F 
  3s( 2)  3p( 5)  3d( 1)  4d( 1)  4f( 2)
 1S0 2P1 2D1 2D1 3F2 2P  3F  4G  2F 
  3s( 2)  3p( 5)  3d( 1)  4d( 1)  4f( 2)
 1S0 2P1 2D1 2D1 3F2 2P  3F  4H  2F 
  3s( 2)  3p( 5)  3d( 1)  4d( 1)  4f( 2)
 1S0 2P1 2D1 2D1 3H2 2P  1P  2D  2F 
  3s( 2)  3p( 5)  3d( 1)  4d( 1)  4f( 2)
 1S0 2P1 2D1 2D1 3H2 2P  1P  2F  2F 
  3s( 2)  3p( 5)  3d( 1)  4d( 1)  4f( 2)
 1S0 2P1 2D1 2D1 3H2 2P  1D  2D  2F 
  3s( 2)  3p( 5)  3d( 1)  4d( 1)  4f( 2)
 1S0 2P1 2D1 2D1 3H2 2P  1D  2F  2F 
  3s( 2)  3p( 5)  3d( 1)  4d( 1)  4f( 2)
 1S0 2P1 2D1 2D1 3H2 2P  1D  2G  2F 
  3s( 2)  3p( 5)  3d( 1)  4d( 1)  4f( 2)
 1S0 2P1 2D1 2D1 3H2 2P  1F  2D  2F 
  3s( 2)  3p( 5)  3d( 1)  4d( 1)  4f( 2)
 1S0 2P1 2D1 2D1 3H2 2P  1F  2F  2F 
  3s( 2)  3p( 5)  3d( 1)  4d( 1)  4f( 2)
 1S0 2P1 2D1 2D1 3H2 2P  1F  2G  2F 
  3s( 2)  3p( 5)  3d( 1)  4d( 1)  4f( 2)
 1S0 2P1 2D1 2D1 3H2 2P  1F  2H  2F 
  3s( 2)  3p( 5)  3d( 1)  4d( 1)  4f( 2)
 1S0 2P1 2D1 2D1 3H2 2P  3P  2D  2F 
  3s( 2)  3p( 5)  3d( 1)  4d( 1)  4f( 2)
 1S0 2P1 2D1 2D1 3H2 2P  3P  2F  2F 
  3s( 2)  3p( 5)  3d( 1)  4d( 1)  4f( 2)
 1S0 2P1 2D1 2D1 3H2 2P  3P  4D  2F 
  3s( 2)  3p( 5)  3d( 1)  4d( 1)  4f( 2)
 1S0 2P1 2D1 2D1 3H2 2P  3P  4F  2F 
  3s( 2)  3p( 5)  3d( 1)  4d( 1)  4f( 2)
 1S0 2P1 2D1 2D1 3H2 2P  3D  2D  2F 
  3s( 2)  3p( 5)  3d( 1)  4d( 1)  4f( 2)
 1S0 2P1 2D1 2D1 3H2 2P  3D  2F  2F 
  3s( 2)  3p( 5)  3d( 1)  4d( 1)  4f( 2)
 1S0 2P1 2D1 2D1 3H2 2P  3D  2G  2F 
  3s( 2)  3p( 5)  3d( 1)  4d( 1)  4f( 2)
 1S0 2P1 2D1 2D1 3H2 2P  3D  4D  2F 
  3s( 2)  3p( 5)  3d( 1)  4d( 1)  4f( 2)
 1S0 2P1 2D1 2D1 3H2 2P  3D  4F  2F 
  3s( 2)  3p( 5)  3d( 1)  4d( 1)  4f( 2)
 1S0 2P1 2D1 2D1 3H2 2P  3D  4G  2F 
  3s( 2)  3p( 5)  3d( 1)  4d( 1)  4f( 2)
 1S0 2P1 2D1 2D1 3H2 2P  3F  2D  2F 
  3s( 2)  3p( 5)  3d( 1)  4d( 1)  4f( 2)
 1S0 2P1 2D1 2D1 3H2 2P  3F  2F  2F 
  3s( 2)  3p( 5)  3d( 1)  4d( 1)  4f( 2)
 1S0 2P1 2D1 2D1 3H2 2P  3F  2G  2F 
  3s( 2)  3p( 5)  3d( 1)  4d( 1)  4f( 2)
 1S0 2P1 2D1 2D1 3H2 2P  3F  2H  2F 
  3s( 2)  3p( 5)  3d( 1)  4d( 1)  4f( 2)
 1S0 2P1 2D1 2D1 3H2 2P  3F  4D  2F 
  3s( 2)  3p( 5)  3d( 1)  4d( 1)  4f( 2)
 1S0 2P1 2D1 2D1 3H2 2P  3F  4F  2F 
  3s( 2)  3p( 5)  3d( 1)  4d( 1)  4f( 2)
 1S0 2P1 2D1 2D1 3H2 2P  3F  4G  2F 
  3s( 2)  3p( 5)  3d( 1)  4d( 1)  4f( 2)
 1S0 2P1 2D1 2D1 3H2 2P  3F  4H  2F 
  3s( 2)  3p( 5)  4s( 2)  4f( 2)
 1S0 2P1 1S0 1D2 2P  2P  2F 
  3s( 2)  3p( 5)  4s( 2)  4f( 2)
 1S0 2P1 1S0 1G2 2P  2P  2F 
  3s( 2)  3p( 5)  4s( 2)  4f( 2)
 1S0 2P1 1S0 3F2 2P  2P  2F 
  3s( 2)  3p( 5)  4s( 1)  4d( 1)  4f( 2)
 1S0 2P1 2S1 2D1 1S0 2P  1P  2F  2F 
  3s( 2)  3p( 5)  4s( 1)  4d( 1)  4f( 2)
 1S0 2P1 2S1 2D1 1S0 2P  3P  2F  2F 
  3s( 2)  3p( 5)  4s( 1)  4d( 1)  4f( 2)
 1S0 2P1 2S1 2D1 1D2 2P  1P  2P  2F 
  3s( 2)  3p( 5)  4s( 1)  4d( 1)  4f( 2)
 1S0 2P1 2S1 2D1 1D2 2P  1P  2D  2F 
  3s( 2)  3p( 5)  4s( 1)  4d( 1)  4f( 2)
 1S0 2P1 2S1 2D1 1D2 2P  1P  2F  2F 
  3s( 2)  3p( 5)  4s( 1)  4d( 1)  4f( 2)
 1S0 2P1 2S1 2D1 1D2 2P  3P  2P  2F 
  3s( 2)  3p( 5)  4s( 1)  4d( 1)  4f( 2)
 1S0 2P1 2S1 2D1 1D2 2P  3P  2D  2F 
  3s( 2)  3p( 5)  4s( 1)  4d( 1)  4f( 2)
 1S0 2P1 2S1 2D1 1D2 2P  3P  2F  2F 
  3s( 2)  3p( 5)  4s( 1)  4d( 1)  4f( 2)
 1S0 2P1 2S1 2D1 1G2 2P  1P  2P  2F 
  3s( 2)  3p( 5)  4s( 1)  4d( 1)  4f( 2)
 1S0 2P1 2S1 2D1 1G2 2P  1P  2D  2F 
  3s( 2)  3p( 5)  4s( 1)  4d( 1)  4f( 2)
 1S0 2P1 2S1 2D1 1G2 2P  1P  2F  2F 
  3s( 2)  3p( 5)  4s( 1)  4d( 1)  4f( 2)
 1S0 2P1 2S1 2D1 1G2 2P  3P  2P  2F 
  3s( 2)  3p( 5)  4s( 1)  4d( 1)  4f( 2)
 1S0 2P1 2S1 2D1 1G2 2P  3P  2D  2F 
  3s( 2)  3p( 5)  4s( 1)  4d( 1)  4f( 2)
 1S0 2P1 2S1 2D1 1G2 2P  3P  2F  2F 
  3s( 2)  3p( 5)  4s( 1)  4d( 1)  4f( 2)
 1S0 2P1 2S1 2D1 1I2 2P  1P  2F  2F 
  3s( 2)  3p( 5)  4s( 1)  4d( 1)  4f( 2)
 1S0 2P1 2S1 2D1 1I2 2P  3P  2F  2F 
  3s( 2)  3p( 5)  4s( 1)  4d( 1)  4f( 2)
 1S0 2P1 2S1 2D1 3P2 2P  1P  2D  2F 
  3s( 2)  3p( 5)  4s( 1)  4d( 1)  4f( 2)
 1S0 2P1 2S1 2D1 3P2 2P  1P  2F  2F 
  3s( 2)  3p( 5)  4s( 1)  4d( 1)  4f( 2)
 1S0 2P1 2S1 2D1 3P2 2P  3P  2D  2F 
  3s( 2)  3p( 5)  4s( 1)  4d( 1)  4f( 2)
 1S0 2P1 2S1 2D1 3P2 2P  3P  2F  2F 
  3s( 2)  3p( 5)  4s( 1)  4d( 1)  4f( 2)
 1S0 2P1 2S1 2D1 3P2 2P  3P  4D  2F 
  3s( 2)  3p( 5)  4s( 1)  4d( 1)  4f( 2)
 1S0 2P1 2S1 2D1 3P2 2P  3P  4F  2F 
  3s( 2)  3p( 5)  4s( 1)  4d( 1)  4f( 2)
 1S0 2P1 2S1 2D1 3F2 2P  1P  2P  2F 
  3s( 2)  3p( 5)  4s( 1)  4d( 1)  4f( 2)
 1S0 2P1 2S1 2D1 3F2 2P  1P  2D  2F 
  3s( 2)  3p( 5)  4s( 1)  4d( 1)  4f( 2)
 1S0 2P1 2S1 2D1 3F2 2P  1P  2F  2F 
  3s( 2)  3p( 5)  4s( 1)  4d( 1)  4f( 2)
 1S0 2P1 2S1 2D1 3F2 2P  3P  2P  2F 
  3s( 2)  3p( 5)  4s( 1)  4d( 1)  4f( 2)
 1S0 2P1 2S1 2D1 3F2 2P  3P  2D  2F 
  3s( 2)  3p( 5)  4s( 1)  4d( 1)  4f( 2)
 1S0 2P1 2S1 2D1 3F2 2P  3P  2F  2F 
  3s( 2)  3p( 5)  4s( 1)  4d( 1)  4f( 2)
 1S0 2P1 2S1 2D1 3F2 2P  3P  4P  2F 
  3s( 2)  3p( 5)  4s( 1)  4d( 1)  4f( 2)
 1S0 2P1 2S1 2D1 3F2 2P  3P  4D  2F 
  3s( 2)  3p( 5)  4s( 1)  4d( 1)  4f( 2)
 1S0 2P1 2S1 2D1 3F2 2P  3P  4F  2F 
  3s( 2)  3p( 5)  4s( 1)  4d( 1)  4f( 2)
 1S0 2P1 2S1 2D1 3H2 2P  1P  2D  2F 
  3s( 2)  3p( 5)  4s( 1)  4d( 1)  4f( 2)
 1S0 2P1 2S1 2D1 3H2 2P  1P  2F  2F 
  3s( 2)  3p( 5)  4s( 1)  4d( 1)  4f( 2)
 1S0 2P1 2S1 2D1 3H2 2P  3P  2D  2F 
  3s( 2)  3p( 5)  4s( 1)  4d( 1)  4f( 2)
 1S0 2P1 2S1 2D1 3H2 2P  3P  2F  2F 
  3s( 2)  3p( 5)  4s( 1)  4d( 1)  4f( 2)
 1S0 2P1 2S1 2D1 3H2 2P  3P  4D  2F 
  3s( 2)  3p( 5)  4s( 1)  4d( 1)  4f( 2)
 1S0 2P1 2S1 2D1 3H2 2P  3P  4F  2F 
  3s( 2)  3p( 5)  4p( 2)  4f( 2)
 1S0 2P1 1S0 1D2 2P  2P  2F 
  3s( 2)  3p( 5)  4p( 2)  4f( 2)
 1S0 2P1 1S0 1G2 2P  2P  2F 
  3s( 2)  3p( 5)  4p( 2)  4f( 2)
 1S0 2P1 1S0 3F2 2P  2P  2F 
  3s( 2)  3p( 5)  4p( 2)  4f( 2)
 1S0 2P1 1D2 1S0 2P  2F  2F 
  3s( 2)  3p( 5)  4p( 2)  4f( 2)
 1S0 2P1 1D2 1D2 2P  2P  2F 
  3s( 2)  3p( 5)  4p( 2)  4f( 2)
 1S0 2P1 1D2 1D2 2P  2D  2F 
  3s( 2)  3p( 5)  4p( 2)  4f( 2)
 1S0 2P1 1D2 1D2 2P  2F  2F 
  3s( 2)  3p( 5)  4p( 2)  4f( 2)
 1S0 2P1 1D2 1G2 2P  2P  2F 
  3s( 2)  3p( 5)  4p( 2)  4f( 2)
 1S0 2P1 1D2 1G2 2P  2D  2F 
  3s( 2)  3p( 5)  4p( 2)  4f( 2)
 1S0 2P1 1D2 1G2 2P  2F  2F 
  3s( 2)  3p( 5)  4p( 2)  4f( 2)
 1S0 2P1 1D2 1I2 2P  2F  2F 
  3s( 2)  3p( 5)  4p( 2)  4f( 2)
 1S0 2P1 1D2 3P2 2P  2D  2F 
  3s( 2)  3p( 5)  4p( 2)  4f( 2)
 1S0 2P1 1D2 3P2 2P  2F  2F 
  3s( 2)  3p( 5)  4p( 2)  4f( 2)
 1S0 2P1 1D2 3F2 2P  2P  2F 
  3s( 2)  3p( 5)  4p( 2)  4f( 2)
 1S0 2P1 1D2 3F2 2P  2D  2F 
  3s( 2)  3p( 5)  4p( 2)  4f( 2)
 1S0 2P1 1D2 3F2 2P  2F  2F 
  3s( 2)  3p( 5)  4p( 2)  4f( 2)
 1S0 2P1 1D2 3H2 2P  2D  2F 
  3s( 2)  3p( 5)  4p( 2)  4f( 2)
 1S0 2P1 1D2 3H2 2P  2F  2F 
  3s( 2)  3p( 5)  4p( 2)  4f( 2)
 1S0 2P1 3P2 1D2 2P  2P  2F 
  3s( 2)  3p( 5)  4p( 2)  4f( 2)
 1S0 2P1 3P2 1D2 2P  2D  2F 
  3s( 2)  3p( 5)  4p( 2)  4f( 2)
 1S0 2P1 3P2 1G2 2P  2P  2F 
  3s( 2)  3p( 5)  4p( 2)  4f( 2)
 1S0 2P1 3P2 1G2 2P  2D  2F 
  3s( 2)  3p( 5)  4p( 2)  4f( 2)
 1S0 2P1 3P2 3P2 2P  2D  2F 
  3s( 2)  3p( 5)  4p( 2)  4f( 2)
 1S0 2P1 3P2 3P2 2P  4D  2F 
  3s( 2)  3p( 5)  4p( 2)  4f( 2)
 1S0 2P1 3P2 3F2 2P  2S  2F 
  3s( 2)  3p( 5)  4p( 2)  4f( 2)
 1S0 2P1 3P2 3F2 2P  2P  2F 
  3s( 2)  3p( 5)  4p( 2)  4f( 2)
 1S0 2P1 3P2 3F2 2P  2D  2F 
  3s( 2)  3p( 5)  4p( 2)  4f( 2)
 1S0 2P1 3P2 3F2 2P  4S  2F 
  3s( 2)  3p( 5)  4p( 2)  4f( 2)
 1S0 2P1 3P2 3F2 2P  4P  2F 
  3s( 2)  3p( 5)  4p( 2)  4f( 2)
 1S0 2P1 3P2 3F2 2P  4D  2F 
  3s( 2)  3p( 5)  4p( 2)  4f( 2)
 1S0 2P1 3P2 3H2 2P  2D  2F 
  3s( 2)  3p( 5)  4p( 2)  4f( 2)
 1S0 2P1 3P2 3H2 2P  4D  2F 
  3s( 2)  3p( 5)  4p( 1)  4f( 3)
 1S0 2P1 2P1 2P1 2P  1D  2F 
  3s( 2)  3p( 5)  4p( 1)  4f( 3)
 1S0 2P1 2P1 2P1 2P  3D  2F 
  3s( 2)  3p( 5)  4p( 1)  4f( 3)
 1S0 2P1 2P1 2D1 2P  1P  2F 
  3s( 2)  3p( 5)  4p( 1)  4f( 3)
 1S0 2P1 2P1 2D1 2P  1D  2F 
  3s( 2)  3p( 5)  4p( 1)  4f( 3)
 1S0 2P1 2P1 2D1 2P  3P  2F 
  3s( 2)  3p( 5)  4p( 1)  4f( 3)
 1S0 2P1 2P1 2D1 2P  3D  2F 
  3s( 2)  3p( 5)  4p( 1)  4f( 3)
 1S0 2P1 2P1 2D2 2P  1P  2F 
  3s( 2)  3p( 5)  4p( 1)  4f( 3)
 1S0 2P1 2P1 2D2 2P  1D  2F 
  3s( 2)  3p( 5)  4p( 1)  4f( 3)
 1S0 2P1 2P1 2D2 2P  3P  2F 
  3s( 2)  3p( 5)  4p( 1)  4f( 3)
 1S0 2P1 2P1 2D2 2P  3D  2F 
  3s( 2)  3p( 5)  4p( 1)  4f( 3)
 1S0 2P1 2P1 2F1 2P  1S  2F 
  3s( 2)  3p( 5)  4p( 1)  4f( 3)
 1S0 2P1 2P1 2F1 2P  1P  2F 
  3s( 2)  3p( 5)  4p( 1)  4f( 3)
 1S0 2P1 2P1 2F1 2P  1D  2F 
  3s( 2)  3p( 5)  4p( 1)  4f( 3)
 1S0 2P1 2P1 2F1 2P  3S  2F 
  3s( 2)  3p( 5)  4p( 1)  4f( 3)
 1S0 2P1 2P1 2F1 2P  3P  2F 
  3s( 2)  3p( 5)  4p( 1)  4f( 3)
 1S0 2P1 2P1 2F1 2P  3D  2F 
  3s( 2)  3p( 5)  4p( 1)  4f( 3)
 1S0 2P1 2P1 2F2 2P  1S  2F 
  3s( 2)  3p( 5)  4p( 1)  4f( 3)
 1S0 2P1 2P1 2F2 2P  1P  2F 
  3s( 2)  3p( 5)  4p( 1)  4f( 3)
 1S0 2P1 2P1 2F2 2P  1D  2F 
  3s( 2)  3p( 5)  4p( 1)  4f( 3)
 1S0 2P1 2P1 2F2 2P  3S  2F 
  3s( 2)  3p( 5)  4p( 1)  4f( 3)
 1S0 2P1 2P1 2F2 2P  3P  2F 
  3s( 2)  3p( 5)  4p( 1)  4f( 3)
 1S0 2P1 2P1 2F2 2P  3D  2F 
  3s( 2)  3p( 5)  4p( 1)  4f( 3)
 1S0 2P1 2P1 2G1 2P  1P  2F 
  3s( 2)  3p( 5)  4p( 1)  4f( 3)
 1S0 2P1 2P1 2G1 2P  1D  2F 
  3s( 2)  3p( 5)  4p( 1)  4f( 3)
 1S0 2P1 2P1 2G1 2P  3P  2F 
  3s( 2)  3p( 5)  4p( 1)  4f( 3)
 1S0 2P1 2P1 2G1 2P  3D  2F 
  3s( 2)  3p( 5)  4p( 1)  4f( 3)
 1S0 2P1 2P1 2G2 2P  1P  2F 
  3s( 2)  3p( 5)  4p( 1)  4f( 3)
 1S0 2P1 2P1 2G2 2P  1D  2F 
  3s( 2)  3p( 5)  4p( 1)  4f( 3)
 1S0 2P1 2P1 2G2 2P  3P  2F 
  3s( 2)  3p( 5)  4p( 1)  4f( 3)
 1S0 2P1 2P1 2G2 2P  3D  2F 
  3s( 2)  3p( 5)  4p( 1)  4f( 3)
 1S0 2P1 2P1 2H1 2P  1D  2F 
  3s( 2)  3p( 5)  4p( 1)  4f( 3)
 1S0 2P1 2P1 2H1 2P  3D  2F 
  3s( 2)  3p( 5)  4p( 1)  4f( 3)
 1S0 2P1 2P1 2H2 2P  1D  2F 
  3s( 2)  3p( 5)  4p( 1)  4f( 3)
 1S0 2P1 2P1 2H2 2P  3D  2F 
  3s( 2)  3p( 5)  4p( 1)  4f( 3)
 1S0 2P1 2P1 4D1 2P  3P  2F 
  3s( 2)  3p( 5)  4p( 1)  4f( 3)
 1S0 2P1 2P1 4D1 2P  3D  2F 
  3s( 2)  3p( 5)  4p( 1)  4f( 3)
 1S0 2P1 2P1 4F1 2P  3S  2F 
  3s( 2)  3p( 5)  4p( 1)  4f( 3)
 1S0 2P1 2P1 4F1 2P  3P  2F 
  3s( 2)  3p( 5)  4p( 1)  4f( 3)
 1S0 2P1 2P1 4F1 2P  3D  2F 
  3s( 2)  3p( 5)  4p( 1)  4f( 3)
 1S0 2P1 2P1 4G1 2P  3P  2F 
  3s( 2)  3p( 5)  4p( 1)  4f( 3)
 1S0 2P1 2P1 4G1 2P  3D  2F 
  3s( 2)  3p( 5)  4d( 2)  4f( 2)
 1S0 2P1 1S0 1D2 2P  2P  2F 
  3s( 2)  3p( 5)  4d( 2)  4f( 2)
 1S0 2P1 1S0 1G2 2P  2P  2F 
  3s( 2)  3p( 5)  4d( 2)  4f( 2)
 1S0 2P1 1S0 3F2 2P  2P  2F 
  3s( 2)  3p( 5)  4d( 2)  4f( 2)
 1S0 2P1 1D2 1S0 2P  2F  2F 
  3s( 2)  3p( 5)  4d( 2)  4f( 2)
 1S0 2P1 1D2 1D2 2P  2P  2F 
  3s( 2)  3p( 5)  4d( 2)  4f( 2)
 1S0 2P1 1D2 1D2 2P  2D  2F 
  3s( 2)  3p( 5)  4d( 2)  4f( 2)
 1S0 2P1 1D2 1D2 2P  2F  2F 
  3s( 2)  3p( 5)  4d( 2)  4f( 2)
 1S0 2P1 1D2 1G2 2P  2P  2F 
  3s( 2)  3p( 5)  4d( 2)  4f( 2)
 1S0 2P1 1D2 1G2 2P  2D  2F 
  3s( 2)  3p( 5)  4d( 2)  4f( 2)
 1S0 2P1 1D2 1G2 2P  2F  2F 
  3s( 2)  3p( 5)  4d( 2)  4f( 2)
 1S0 2P1 1D2 1I2 2P  2F  2F 
  3s( 2)  3p( 5)  4d( 2)  4f( 2)
 1S0 2P1 1D2 3P2 2P  2D  2F 
  3s( 2)  3p( 5)  4d( 2)  4f( 2)
 1S0 2P1 1D2 3P2 2P  2F  2F 
  3s( 2)  3p( 5)  4d( 2)  4f( 2)
 1S0 2P1 1D2 3F2 2P  2P  2F 
  3s( 2)  3p( 5)  4d( 2)  4f( 2)
 1S0 2P1 1D2 3F2 2P  2D  2F 
  3s( 2)  3p( 5)  4d( 2)  4f( 2)
 1S0 2P1 1D2 3F2 2P  2F  2F 
  3s( 2)  3p( 5)  4d( 2)  4f( 2)
 1S0 2P1 1D2 3H2 2P  2D  2F 
  3s( 2)  3p( 5)  4d( 2)  4f( 2)
 1S0 2P1 1D2 3H2 2P  2F  2F 
  3s( 2)  3p( 5)  4d( 2)  4f( 2)
 1S0 2P1 1G2 1S0 2P  2F  2F 
  3s( 2)  3p( 5)  4d( 2)  4f( 2)
 1S0 2P1 1G2 1D2 2P  2F  2F 
  3s( 2)  3p( 5)  4d( 2)  4f( 2)
 1S0 2P1 1G2 1D2 2P  2G  2F 
  3s( 2)  3p( 5)  4d( 2)  4f( 2)
 1S0 2P1 1G2 1D2 2P  2H  2F 
  3s( 2)  3p( 5)  4d( 2)  4f( 2)
 1S0 2P1 1G2 1G2 2P  2F  2F 
  3s( 2)  3p( 5)  4d( 2)  4f( 2)
 1S0 2P1 1G2 1G2 2P  2G  2F 
  3s( 2)  3p( 5)  4d( 2)  4f( 2)
 1S0 2P1 1G2 1G2 2P  2H  2F 
  3s( 2)  3p( 5)  4d( 2)  4f( 2)
 1S0 2P1 1G2 1I2 2P  2F  2F 
  3s( 2)  3p( 5)  4d( 2)  4f( 2)
 1S0 2P1 1G2 1I2 2P  2G  2F 
  3s( 2)  3p( 5)  4d( 2)  4f( 2)
 1S0 2P1 1G2 1I2 2P  2H  2F 
  3s( 2)  3p( 5)  4d( 2)  4f( 2)
 1S0 2P1 1G2 3P2 2P  2F  2F 
  3s( 2)  3p( 5)  4d( 2)  4f( 2)
 1S0 2P1 1G2 3P2 2P  2G  2F 
  3s( 2)  3p( 5)  4d( 2)  4f( 2)
 1S0 2P1 1G2 3F2 2P  2F  2F 
  3s( 2)  3p( 5)  4d( 2)  4f( 2)
 1S0 2P1 1G2 3F2 2P  2G  2F 
  3s( 2)  3p( 5)  4d( 2)  4f( 2)
 1S0 2P1 1G2 3F2 2P  2H  2F 
  3s( 2)  3p( 5)  4d( 2)  4f( 2)
 1S0 2P1 1G2 3H2 2P  2F  2F 
  3s( 2)  3p( 5)  4d( 2)  4f( 2)
 1S0 2P1 1G2 3H2 2P  2G  2F 
  3s( 2)  3p( 5)  4d( 2)  4f( 2)
 1S0 2P1 1G2 3H2 2P  2H  2F 
  3s( 2)  3p( 5)  4d( 2)  4f( 2)
 1S0 2P1 3P2 1D2 2P  2P  2F 
  3s( 2)  3p( 5)  4d( 2)  4f( 2)
 1S0 2P1 3P2 1D2 2P  2D  2F 
  3s( 2)  3p( 5)  4d( 2)  4f( 2)
 1S0 2P1 3P2 1G2 2P  2P  2F 
  3s( 2)  3p( 5)  4d( 2)  4f( 2)
 1S0 2P1 3P2 1G2 2P  2D  2F 
  3s( 2)  3p( 5)  4d( 2)  4f( 2)
 1S0 2P1 3P2 3P2 2P  2D  2F 
  3s( 2)  3p( 5)  4d( 2)  4f( 2)
 1S0 2P1 3P2 3P2 2P  4D  2F 
  3s( 2)  3p( 5)  4d( 2)  4f( 2)
 1S0 2P1 3P2 3F2 2P  2S  2F 
  3s( 2)  3p( 5)  4d( 2)  4f( 2)
 1S0 2P1 3P2 3F2 2P  2P  2F 
  3s( 2)  3p( 5)  4d( 2)  4f( 2)
 1S0 2P1 3P2 3F2 2P  2D  2F 
  3s( 2)  3p( 5)  4d( 2)  4f( 2)
 1S0 2P1 3P2 3F2 2P  4S  2F 
  3s( 2)  3p( 5)  4d( 2)  4f( 2)
 1S0 2P1 3P2 3F2 2P  4P  2F 
  3s( 2)  3p( 5)  4d( 2)  4f( 2)
 1S0 2P1 3P2 3F2 2P  4D  2F 
  3s( 2)  3p( 5)  4d( 2)  4f( 2)
 1S0 2P1 3P2 3H2 2P  2D  2F 
  3s( 2)  3p( 5)  4d( 2)  4f( 2)
 1S0 2P1 3P2 3H2 2P  4D  2F 
  3s( 2)  3p( 5)  4d( 2)  4f( 2)
 1S0 2P1 3F2 1S0 2P  2F  2F 
  3s( 2)  3p( 5)  4d( 2)  4f( 2)
 1S0 2P1 3F2 1D2 2P  2D  2F 
  3s( 2)  3p( 5)  4d( 2)  4f( 2)
 1S0 2P1 3F2 1D2 2P  2F  2F 
  3s( 2)  3p( 5)  4d( 2)  4f( 2)
 1S0 2P1 3F2 1D2 2P  2G  2F 
  3s( 2)  3p( 5)  4d( 2)  4f( 2)
 1S0 2P1 3F2 1G2 2P  2D  2F 
  3s( 2)  3p( 5)  4d( 2)  4f( 2)
 1S0 2P1 3F2 1G2 2P  2F  2F 
  3s( 2)  3p( 5)  4d( 2)  4f( 2)
 1S0 2P1 3F2 1G2 2P  2G  2F 
  3s( 2)  3p( 5)  4d( 2)  4f( 2)
 1S0 2P1 3F2 1I2 2P  2F  2F 
  3s( 2)  3p( 5)  4d( 2)  4f( 2)
 1S0 2P1 3F2 1I2 2P  2G  2F 
  3s( 2)  3p( 5)  4d( 2)  4f( 2)
 1S0 2P1 3F2 3P2 2P  2D  2F 
  3s( 2)  3p( 5)  4d( 2)  4f( 2)
 1S0 2P1 3F2 3P2 2P  2F  2F 
  3s( 2)  3p( 5)  4d( 2)  4f( 2)
 1S0 2P1 3F2 3P2 2P  2G  2F 
  3s( 2)  3p( 5)  4d( 2)  4f( 2)
 1S0 2P1 3F2 3P2 2P  4D  2F 
  3s( 2)  3p( 5)  4d( 2)  4f( 2)
 1S0 2P1 3F2 3P2 2P  4F  2F 
  3s( 2)  3p( 5)  4d( 2)  4f( 2)
 1S0 2P1 3F2 3P2 2P  4G  2F 
  3s( 2)  3p( 5)  4d( 2)  4f( 2)
 1S0 2P1 3F2 3F2 2P  2D  2F 
  3s( 2)  3p( 5)  4d( 2)  4f( 2)
 1S0 2P1 3F2 3F2 2P  2F  2F 
  3s( 2)  3p( 5)  4d( 2)  4f( 2)
 1S0 2P1 3F2 3F2 2P  2G  2F 
  3s( 2)  3p( 5)  4d( 2)  4f( 2)
 1S0 2P1 3F2 3F2 2P  4D  2F 
  3s( 2)  3p( 5)  4d( 2)  4f( 2)
 1S0 2P1 3F2 3F2 2P  4F  2F 
  3s( 2)  3p( 5)  4d( 2)  4f( 2)
 1S0 2P1 3F2 3F2 2P  4G  2F 
  3s( 2)  3p( 5)  4d( 2)  4f( 2)
 1S0 2P1 3F2 3H2 2P  2D  2F 
  3s( 2)  3p( 5)  4d( 2)  4f( 2)
 1S0 2P1 3F2 3H2 2P  2F  2F 
  3s( 2)  3p( 5)  4d( 2)  4f( 2)
 1S0 2P1 3F2 3H2 2P  2G  2F 
  3s( 2)  3p( 5)  4d( 2)  4f( 2)
 1S0 2P1 3F2 3H2 2P  4D  2F 
  3s( 2)  3p( 5)  4d( 2)  4f( 2)
 1S0 2P1 3F2 3H2 2P  4F  2F 
  3s( 2)  3p( 5)  4d( 2)  4f( 2)
 1S0 2P1 3F2 3H2 2P  4G  2F 
  3s( 2)  3p( 5)  4f( 4)
 1S0 2P1 1D1 2P  2F 
  3s( 2)  3p( 5)  4f( 4)
 1S0 2P1 1D2 2P  2F 
  3s( 2)  3p( 5)  4f( 4)
 1S0 2P1 1D3 2P  2F 
  3s( 2)  3p( 5)  4f( 4)
 1S0 2P1 1D4 2P  2F 
  3s( 2)  3p( 5)  4f( 4)
 1S0 2P1 1F1 2P  2F 
  3s( 2)  3p( 5)  4f( 4)
 1S0 2P1 1G1 2P  2F 
  3s( 2)  3p( 5)  4f( 4)
 1S0 2P1 1G2 2P  2F 
  3s( 2)  3p( 5)  4f( 4)
 1S0 2P1 1G3 2P  2F 
  3s( 2)  3p( 5)  4f( 4)
 1S0 2P1 1G4 2P  2F 
  3s( 2)  3p( 5)  4f( 4)
 1S0 2P1 3D1 2P  2F 
  3s( 2)  3p( 5)  4f( 4)
 1S0 2P1 3D2 2P  2F 
  3s( 2)  3p( 5)  4f( 4)
 1S0 2P1 3F1 2P  2F 
  3s( 2)  3p( 5)  4f( 4)
 1S0 2P1 3F2 2P  2F 
  3s( 2)  3p( 5)  4f( 4)
 1S0 2P1 3F3 2P  2F 
  3s( 2)  3p( 5)  4f( 4)
 1S0 2P1 3F4 2P  2F 
  3s( 2)  3p( 5)  4f( 4)
 1S0 2P1 3G1 2P  2F 
  3s( 2)  3p( 5)  4f( 4)
 1S0 2P1 3G2 2P  2F 
  3s( 2)  3p( 5)  4f( 4)
 1S0 2P1 3G3 2P  2F 
  3s( 2)  3p( 4)  3d( 2)  4f( 3)
 1S0 1S0 1S0 2F1 1S  1S  2F 
  3s( 2)  3p( 4)  3d( 2)  4f( 3)
 1S0 1S0 1S0 2F2 1S  1S  2F 
  3s( 2)  3p( 4)  3d( 2)  4f( 3)
 1S0 1S0 1D2 2P1 1S  1D  2F 
  3s( 2)  3p( 4)  3d( 2)  4f( 3)
 1S0 1S0 1D2 2D1 1S  1D  2F 
  3s( 2)  3p( 4)  3d( 2)  4f( 3)
 1S0 1S0 1D2 2D2 1S  1D  2F 
  3s( 2)  3p( 4)  3d( 2)  4f( 3)
 1S0 1S0 1D2 2F1 1S  1D  2F 
  3s( 2)  3p( 4)  3d( 2)  4f( 3)
 1S0 1S0 1D2 2F2 1S  1D  2F 
  3s( 2)  3p( 4)  3d( 2)  4f( 3)
 1S0 1S0 1D2 2G1 1S  1D  2F 
  3s( 2)  3p( 4)  3d( 2)  4f( 3)
 1S0 1S0 1D2 2G2 1S  1D  2F 
  3s( 2)  3p( 4)  3d( 2)  4f( 3)
 1S0 1S0 1D2 2H1 1S  1D  2F 
  3s( 2)  3p( 4)  3d( 2)  4f( 3)
 1S0 1S0 1D2 2H2 1S  1D  2F 
  3s( 2)  3p( 4)  3d( 2)  4f( 3)
 1S0 1S0 1G2 2P1 1S  1G  2F 
  3s( 2)  3p( 4)  3d( 2)  4f( 3)
 1S0 1S0 1G2 2D1 1S  1G  2F 
  3s( 2)  3p( 4)  3d( 2)  4f( 3)
 1S0 1S0 1G2 2D2 1S  1G  2F 
  3s( 2)  3p( 4)  3d( 2)  4f( 3)
 1S0 1S0 1G2 2F1 1S  1G  2F 
  3s( 2)  3p( 4)  3d( 2)  4f( 3)
 1S0 1S0 1G2 2F2 1S  1G  2F 
  3s( 2)  3p( 4)  3d( 2)  4f( 3)
 1S0 1S0 1G2 2G1 1S  1G  2F 
  3s( 2)  3p( 4)  3d( 2)  4f( 3)
 1S0 1S0 1G2 2G2 1S  1G  2F 
  3s( 2)  3p( 4)  3d( 2)  4f( 3)
 1S0 1S0 1G2 2H1 1S  1G  2F 
  3s( 2)  3p( 4)  3d( 2)  4f( 3)
 1S0 1S0 1G2 2H2 1S  1G  2F 
  3s( 2)  3p( 4)  3d( 2)  4f( 3)
 1S0 1S0 1G2 2I1 1S  1G  2F 
  3s( 2)  3p( 4)  3d( 2)  4f( 3)
 1S0 1S0 1G2 2K1 1S  1G  2F 
  3s( 2)  3p( 4)  3d( 2)  4f( 3)
 1S0 1S0 3P2 2D1 1S  3P  2F 
  3s( 2)  3p( 4)  3d( 2)  4f( 3)
 1S0 1S0 3P2 2D2 1S  3P  2F 
  3s( 2)  3p( 4)  3d( 2)  4f( 3)
 1S0 1S0 3P2 2F1 1S  3P  2F 
  3s( 2)  3p( 4)  3d( 2)  4f( 3)
 1S0 1S0 3P2 2F2 1S  3P  2F 
  3s( 2)  3p( 4)  3d( 2)  4f( 3)
 1S0 1S0 3P2 2G1 1S  3P  2F 
  3s( 2)  3p( 4)  3d( 2)  4f( 3)
 1S0 1S0 3P2 2G2 1S  3P  2F 
  3s( 2)  3p( 4)  3d( 2)  4f( 3)
 1S0 1S0 3P2 4D1 1S  3P  2F 
  3s( 2)  3p( 4)  3d( 2)  4f( 3)
 1S0 1S0 3P2 4F1 1S  3P  2F 
  3s( 2)  3p( 4)  3d( 2)  4f( 3)
 1S0 1S0 3P2 4G1 1S  3P  2F 
  3s( 2)  3p( 4)  3d( 2)  4f( 3)
 1S0 1S0 3F2 2P1 1S  3F  2F 
  3s( 2)  3p( 4)  3d( 2)  4f( 3)
 1S0 1S0 3F2 2D1 1S  3F  2F 
  3s( 2)  3p( 4)  3d( 2)  4f( 3)
 1S0 1S0 3F2 2D2 1S  3F  2F 
  3s( 2)  3p( 4)  3d( 2)  4f( 3)
 1S0 1S0 3F2 2F1 1S  3F  2F 
  3s( 2)  3p( 4)  3d( 2)  4f( 3)
 1S0 1S0 3F2 2F2 1S  3F  2F 
  3s( 2)  3p( 4)  3d( 2)  4f( 3)
 1S0 1S0 3F2 2G1 1S  3F  2F 
  3s( 2)  3p( 4)  3d( 2)  4f( 3)
 1S0 1S0 3F2 2G2 1S  3F  2F 
  3s( 2)  3p( 4)  3d( 2)  4f( 3)
 1S0 1S0 3F2 2H1 1S  3F  2F 
  3s( 2)  3p( 4)  3d( 2)  4f( 3)
 1S0 1S0 3F2 2H2 1S  3F  2F 
  3s( 2)  3p( 4)  3d( 2)  4f( 3)
 1S0 1S0 3F2 2I1 1S  3F  2F 
  3s( 2)  3p( 4)  3d( 2)  4f( 3)
 1S0 1S0 3F2 4S1 1S  3F  2F 
  3s( 2)  3p( 4)  3d( 2)  4f( 3)
 1S0 1S0 3F2 4D1 1S  3F  2F 
  3s( 2)  3p( 4)  3d( 2)  4f( 3)
 1S0 1S0 3F2 4F1 1S  3F  2F 
  3s( 2)  3p( 4)  3d( 2)  4f( 3)
 1S0 1S0 3F2 4G1 1S  3F  2F 
  3s( 2)  3p( 4)  3d( 2)  4f( 3)
 1S0 1S0 3F2 4I1 1S  3F  2F 
  3s( 2)  3p( 4)  3d( 2)  4f( 3)
 1S0 1D2 1S0 2P1 1D  1D  2F 
  3s( 2)  3p( 4)  3d( 2)  4f( 3)
 1S0 1D2 1S0 2D1 1D  1D  2F 
  3s( 2)  3p( 4)  3d( 2)  4f( 3)
 1S0 1D2 1S0 2D2 1D  1D  2F 
  3s( 2)  3p( 4)  3d( 2)  4f( 3)
 1S0 1D2 1S0 2F1 1D  1D  2F 
  3s( 2)  3p( 4)  3d( 2)  4f( 3)
 1S0 1D2 1S0 2F2 1D  1D  2F 
  3s( 2)  3p( 4)  3d( 2)  4f( 3)
 1S0 1D2 1S0 2G1 1D  1D  2F 
  3s( 2)  3p( 4)  3d( 2)  4f( 3)
 1S0 1D2 1S0 2G2 1D  1D  2F 
  3s( 2)  3p( 4)  3d( 2)  4f( 3)
 1S0 1D2 1S0 2H1 1D  1D  2F 
  3s( 2)  3p( 4)  3d( 2)  4f( 3)
 1S0 1D2 1S0 2H2 1D  1D  2F 
  3s( 2)  3p( 4)  3d( 2)  4f( 3)
 1S0 1D2 1D2 2P1 1D  1D  2F 
  3s( 2)  3p( 4)  3d( 2)  4f( 3)
 1S0 1D2 1D2 2P1 1D  1F  2F 
  3s( 2)  3p( 4)  3d( 2)  4f( 3)
 1S0 1D2 1D2 2P1 1D  1G  2F 
  3s( 2)  3p( 4)  3d( 2)  4f( 3)
 1S0 1D2 1D2 2D1 1D  1P  2F 
  3s( 2)  3p( 4)  3d( 2)  4f( 3)
 1S0 1D2 1D2 2D1 1D  1D  2F 
  3s( 2)  3p( 4)  3d( 2)  4f( 3)
 1S0 1D2 1D2 2D1 1D  1F  2F 
  3s( 2)  3p( 4)  3d( 2)  4f( 3)
 1S0 1D2 1D2 2D1 1D  1G  2F 
  3s( 2)  3p( 4)  3d( 2)  4f( 3)
 1S0 1D2 1D2 2D2 1D  1P  2F 
  3s( 2)  3p( 4)  3d( 2)  4f( 3)
 1S0 1D2 1D2 2D2 1D  1D  2F 
  3s( 2)  3p( 4)  3d( 2)  4f( 3)
 1S0 1D2 1D2 2D2 1D  1F  2F 
  3s( 2)  3p( 4)  3d( 2)  4f( 3)
 1S0 1D2 1D2 2D2 1D  1G  2F 
  3s( 2)  3p( 4)  3d( 2)  4f( 3)
 1S0 1D2 1D2 2F1 1D  1S  2F 
  3s( 2)  3p( 4)  3d( 2)  4f( 3)
 1S0 1D2 1D2 2F1 1D  1P  2F 
  3s( 2)  3p( 4)  3d( 2)  4f( 3)
 1S0 1D2 1D2 2F1 1D  1D  2F 
  3s( 2)  3p( 4)  3d( 2)  4f( 3)
 1S0 1D2 1D2 2F1 1D  1F  2F 
  3s( 2)  3p( 4)  3d( 2)  4f( 3)
 1S0 1D2 1D2 2F1 1D  1G  2F 
  3s( 2)  3p( 4)  3d( 2)  4f( 3)
 1S0 1D2 1D2 2F2 1D  1S  2F 
  3s( 2)  3p( 4)  3d( 2)  4f( 3)
 1S0 1D2 1D2 2F2 1D  1P  2F 
  3s( 2)  3p( 4)  3d( 2)  4f( 3)
 1S0 1D2 1D2 2F2 1D  1D  2F 
  3s( 2)  3p( 4)  3d( 2)  4f( 3)
 1S0 1D2 1D2 2F2 1D  1F  2F 
  3s( 2)  3p( 4)  3d( 2)  4f( 3)
 1S0 1D2 1D2 2F2 1D  1G  2F 
  3s( 2)  3p( 4)  3d( 2)  4f( 3)
 1S0 1D2 1D2 2G1 1D  1P  2F 
  3s( 2)  3p( 4)  3d( 2)  4f( 3)
 1S0 1D2 1D2 2G1 1D  1D  2F 
  3s( 2)  3p( 4)  3d( 2)  4f( 3)
 1S0 1D2 1D2 2G1 1D  1F  2F 
  3s( 2)  3p( 4)  3d( 2)  4f( 3)
 1S0 1D2 1D2 2G1 1D  1G  2F 
  3s( 2)  3p( 4)  3d( 2)  4f( 3)
 1S0 1D2 1D2 2G2 1D  1P  2F 
  3s( 2)  3p( 4)  3d( 2)  4f( 3)
 1S0 1D2 1D2 2G2 1D  1D  2F 
  3s( 2)  3p( 4)  3d( 2)  4f( 3)
 1S0 1D2 1D2 2G2 1D  1F  2F 
  3s( 2)  3p( 4)  3d( 2)  4f( 3)
 1S0 1D2 1D2 2G2 1D  1G  2F 
  3s( 2)  3p( 4)  3d( 2)  4f( 3)
 1S0 1D2 1D2 2H1 1D  1D  2F 
  3s( 2)  3p( 4)  3d( 2)  4f( 3)
 1S0 1D2 1D2 2H1 1D  1F  2F 
  3s( 2)  3p( 4)  3d( 2)  4f( 3)
 1S0 1D2 1D2 2H1 1D  1G  2F 
  3s( 2)  3p( 4)  3d( 2)  4f( 3)
 1S0 1D2 1D2 2H2 1D  1D  2F 
  3s( 2)  3p( 4)  3d( 2)  4f( 3)
 1S0 1D2 1D2 2H2 1D  1F  2F 
  3s( 2)  3p( 4)  3d( 2)  4f( 3)
 1S0 1D2 1D2 2H2 1D  1G  2F 
  3s( 2)  3p( 4)  3d( 2)  4f( 3)
 1S0 1D2 1D2 2I1 1D  1F  2F 
  3s( 2)  3p( 4)  3d( 2)  4f( 3)
 1S0 1D2 1D2 2I1 1D  1G  2F 
  3s( 2)  3p( 4)  3d( 2)  4f( 3)
 1S0 1D2 1D2 2K1 1D  1G  2F 
  3s( 2)  3p( 4)  3d( 2)  4f( 3)
 1S0 1D2 1G2 2P1 1D  1D  2F 
  3s( 2)  3p( 4)  3d( 2)  4f( 3)
 1S0 1D2 1G2 2P1 1D  1F  2F 
  3s( 2)  3p( 4)  3d( 2)  4f( 3)
 1S0 1D2 1G2 2P1 1D  1G  2F 
  3s( 2)  3p( 4)  3d( 2)  4f( 3)
 1S0 1D2 1G2 2D1 1D  1D  2F 
  3s( 2)  3p( 4)  3d( 2)  4f( 3)
 1S0 1D2 1G2 2D1 1D  1F  2F 
  3s( 2)  3p( 4)  3d( 2)  4f( 3)
 1S0 1D2 1G2 2D1 1D  1G  2F 
  3s( 2)  3p( 4)  3d( 2)  4f( 3)
 1S0 1D2 1G2 2D1 1D  1H  2F 
  3s( 2)  3p( 4)  3d( 2)  4f( 3)
 1S0 1D2 1G2 2D2 1D  1D  2F 
  3s( 2)  3p( 4)  3d( 2)  4f( 3)
 1S0 1D2 1G2 2D2 1D  1F  2F 
  3s( 2)  3p( 4)  3d( 2)  4f( 3)
 1S0 1D2 1G2 2D2 1D  1G  2F 
  3s( 2)  3p( 4)  3d( 2)  4f( 3)
 1S0 1D2 1G2 2D2 1D  1H  2F 
  3s( 2)  3p( 4)  3d( 2)  4f( 3)
 1S0 1D2 1G2 2F1 1D  1D  2F 
  3s( 2)  3p( 4)  3d( 2)  4f( 3)
 1S0 1D2 1G2 2F1 1D  1F  2F 
  3s( 2)  3p( 4)  3d( 2)  4f( 3)
 1S0 1D2 1G2 2F1 1D  1G  2F 
  3s( 2)  3p( 4)  3d( 2)  4f( 3)
 1S0 1D2 1G2 2F1 1D  1H  2F 
  3s( 2)  3p( 4)  3d( 2)  4f( 3)
 1S0 1D2 1G2 2F1 1D  1I  2F 
  3s( 2)  3p( 4)  3d( 2)  4f( 3)
 1S0 1D2 1G2 2F2 1D  1D  2F 
  3s( 2)  3p( 4)  3d( 2)  4f( 3)
 1S0 1D2 1G2 2F2 1D  1F  2F 
  3s( 2)  3p( 4)  3d( 2)  4f( 3)
 1S0 1D2 1G2 2F2 1D  1G  2F 
  3s( 2)  3p( 4)  3d( 2)  4f( 3)
 1S0 1D2 1G2 2F2 1D  1H  2F 
  3s( 2)  3p( 4)  3d( 2)  4f( 3)
 1S0 1D2 1G2 2F2 1D  1I  2F 
  3s( 2)  3p( 4)  3d( 2)  4f( 3)
 1S0 1D2 1G2 2G1 1D  1D  2F 
  3s( 2)  3p( 4)  3d( 2)  4f( 3)
 1S0 1D2 1G2 2G1 1D  1F  2F 
  3s( 2)  3p( 4)  3d( 2)  4f( 3)
 1S0 1D2 1G2 2G1 1D  1G  2F 
  3s( 2)  3p( 4)  3d( 2)  4f( 3)
 1S0 1D2 1G2 2G1 1D  1H  2F 
  3s( 2)  3p( 4)  3d( 2)  4f( 3)
 1S0 1D2 1G2 2G1 1D  1I  2F 
  3s( 2)  3p( 4)  3d( 2)  4f( 3)
 1S0 1D2 1G2 2G2 1D  1D  2F 
  3s( 2)  3p( 4)  3d( 2)  4f( 3)
 1S0 1D2 1G2 2G2 1D  1F  2F 
  3s( 2)  3p( 4)  3d( 2)  4f( 3)
 1S0 1D2 1G2 2G2 1D  1G  2F 
  3s( 2)  3p( 4)  3d( 2)  4f( 3)
 1S0 1D2 1G2 2G2 1D  1H  2F 
  3s( 2)  3p( 4)  3d( 2)  4f( 3)
 1S0 1D2 1G2 2G2 1D  1I  2F 
  3s( 2)  3p( 4)  3d( 2)  4f( 3)
 1S0 1D2 1G2 2H1 1D  1D  2F 
  3s( 2)  3p( 4)  3d( 2)  4f( 3)
 1S0 1D2 1G2 2H1 1D  1F  2F 
  3s( 2)  3p( 4)  3d( 2)  4f( 3)
 1S0 1D2 1G2 2H1 1D  1G  2F 
  3s( 2)  3p( 4)  3d( 2)  4f( 3)
 1S0 1D2 1G2 2H1 1D  1H  2F 
  3s( 2)  3p( 4)  3d( 2)  4f( 3)
 1S0 1D2 1G2 2H1 1D  1I  2F 
  3s( 2)  3p( 4)  3d( 2)  4f( 3)
 1S0 1D2 1G2 2H2 1D  1D  2F 
  3s( 2)  3p( 4)  3d( 2)  4f( 3)
 1S0 1D2 1G2 2H2 1D  1F  2F 
  3s( 2)  3p( 4)  3d( 2)  4f( 3)
 1S0 1D2 1G2 2H2 1D  1G  2F 
  3s( 2)  3p( 4)  3d( 2)  4f( 3)
 1S0 1D2 1G2 2H2 1D  1H  2F 
  3s( 2)  3p( 4)  3d( 2)  4f( 3)
 1S0 1D2 1G2 2H2 1D  1I  2F 
  3s( 2)  3p( 4)  3d( 2)  4f( 3)
 1S0 1D2 1G2 2I1 1D  1F  2F 
  3s( 2)  3p( 4)  3d( 2)  4f( 3)
 1S0 1D2 1G2 2I1 1D  1G  2F 
  3s( 2)  3p( 4)  3d( 2)  4f( 3)
 1S0 1D2 1G2 2I1 1D  1H  2F 
  3s( 2)  3p( 4)  3d( 2)  4f( 3)
 1S0 1D2 1G2 2I1 1D  1I  2F 
  3s( 2)  3p( 4)  3d( 2)  4f( 3)
 1S0 1D2 1G2 2K1 1D  1G  2F 
  3s( 2)  3p( 4)  3d( 2)  4f( 3)
 1S0 1D2 1G2 2K1 1D  1H  2F 
  3s( 2)  3p( 4)  3d( 2)  4f( 3)
 1S0 1D2 1G2 2K1 1D  1I  2F 
  3s( 2)  3p( 4)  3d( 2)  4f( 3)
 1S0 1D2 1G2 2L1 1D  1H  2F 
  3s( 2)  3p( 4)  3d( 2)  4f( 3)
 1S0 1D2 1G2 2L1 1D  1I  2F 
  3s( 2)  3p( 4)  3d( 2)  4f( 3)
 1S0 1D2 3P2 2P1 1D  3D  2F 
  3s( 2)  3p( 4)  3d( 2)  4f( 3)
 1S0 1D2 3P2 2P1 1D  3F  2F 
  3s( 2)  3p( 4)  3d( 2)  4f( 3)
 1S0 1D2 3P2 2D1 1D  3P  2F 
  3s( 2)  3p( 4)  3d( 2)  4f( 3)
 1S0 1D2 3P2 2D1 1D  3D  2F 
  3s( 2)  3p( 4)  3d( 2)  4f( 3)
 1S0 1D2 3P2 2D1 1D  3F  2F 
  3s( 2)  3p( 4)  3d( 2)  4f( 3)
 1S0 1D2 3P2 2D2 1D  3P  2F 
  3s( 2)  3p( 4)  3d( 2)  4f( 3)
 1S0 1D2 3P2 2D2 1D  3D  2F 
  3s( 2)  3p( 4)  3d( 2)  4f( 3)
 1S0 1D2 3P2 2D2 1D  3F  2F 
  3s( 2)  3p( 4)  3d( 2)  4f( 3)
 1S0 1D2 3P2 2F1 1D  3P  2F 
  3s( 2)  3p( 4)  3d( 2)  4f( 3)
 1S0 1D2 3P2 2F1 1D  3D  2F 
  3s( 2)  3p( 4)  3d( 2)  4f( 3)
 1S0 1D2 3P2 2F1 1D  3F  2F 
  3s( 2)  3p( 4)  3d( 2)  4f( 3)
 1S0 1D2 3P2 2F2 1D  3P  2F 
  3s( 2)  3p( 4)  3d( 2)  4f( 3)
 1S0 1D2 3P2 2F2 1D  3D  2F 
  3s( 2)  3p( 4)  3d( 2)  4f( 3)
 1S0 1D2 3P2 2F2 1D  3F  2F 
  3s( 2)  3p( 4)  3d( 2)  4f( 3)
 1S0 1D2 3P2 2G1 1D  3P  2F 
  3s( 2)  3p( 4)  3d( 2)  4f( 3)
 1S0 1D2 3P2 2G1 1D  3D  2F 
  3s( 2)  3p( 4)  3d( 2)  4f( 3)
 1S0 1D2 3P2 2G1 1D  3F  2F 
  3s( 2)  3p( 4)  3d( 2)  4f( 3)
 1S0 1D2 3P2 2G2 1D  3P  2F 
  3s( 2)  3p( 4)  3d( 2)  4f( 3)
 1S0 1D2 3P2 2G2 1D  3D  2F 
  3s( 2)  3p( 4)  3d( 2)  4f( 3)
 1S0 1D2 3P2 2G2 1D  3F  2F 
  3s( 2)  3p( 4)  3d( 2)  4f( 3)
 1S0 1D2 3P2 2H1 1D  3D  2F 
  3s( 2)  3p( 4)  3d( 2)  4f( 3)
 1S0 1D2 3P2 2H1 1D  3F  2F 
  3s( 2)  3p( 4)  3d( 2)  4f( 3)
 1S0 1D2 3P2 2H2 1D  3D  2F 
  3s( 2)  3p( 4)  3d( 2)  4f( 3)
 1S0 1D2 3P2 2H2 1D  3F  2F 
  3s( 2)  3p( 4)  3d( 2)  4f( 3)
 1S0 1D2 3P2 2I1 1D  3F  2F 
  3s( 2)  3p( 4)  3d( 2)  4f( 3)
 1S0 1D2 3P2 4S1 1D  3F  2F 
  3s( 2)  3p( 4)  3d( 2)  4f( 3)
 1S0 1D2 3P2 4D1 1D  3P  2F 
  3s( 2)  3p( 4)  3d( 2)  4f( 3)
 1S0 1D2 3P2 4D1 1D  3D  2F 
  3s( 2)  3p( 4)  3d( 2)  4f( 3)
 1S0 1D2 3P2 4D1 1D  3F  2F 
  3s( 2)  3p( 4)  3d( 2)  4f( 3)
 1S0 1D2 3P2 4F1 1D  3P  2F 
  3s( 2)  3p( 4)  3d( 2)  4f( 3)
 1S0 1D2 3P2 4F1 1D  3D  2F 
  3s( 2)  3p( 4)  3d( 2)  4f( 3)
 1S0 1D2 3P2 4F1 1D  3F  2F 
  3s( 2)  3p( 4)  3d( 2)  4f( 3)
 1S0 1D2 3P2 4G1 1D  3P  2F 
  3s( 2)  3p( 4)  3d( 2)  4f( 3)
 1S0 1D2 3P2 4G1 1D  3D  2F 
  3s( 2)  3p( 4)  3d( 2)  4f( 3)
 1S0 1D2 3P2 4G1 1D  3F  2F 
  3s( 2)  3p( 4)  3d( 2)  4f( 3)
 1S0 1D2 3P2 4I1 1D  3F  2F 
  3s( 2)  3p( 4)  3d( 2)  4f( 3)
 1S0 1D2 3F2 2P1 1D  3D  2F 
  3s( 2)  3p( 4)  3d( 2)  4f( 3)
 1S0 1D2 3F2 2P1 1D  3F  2F 
  3s( 2)  3p( 4)  3d( 2)  4f( 3)
 1S0 1D2 3F2 2P1 1D  3G  2F 
  3s( 2)  3p( 4)  3d( 2)  4f( 3)
 1S0 1D2 3F2 2D1 1D  3P  2F 
  3s( 2)  3p( 4)  3d( 2)  4f( 3)
 1S0 1D2 3F2 2D1 1D  3D  2F 
  3s( 2)  3p( 4)  3d( 2)  4f( 3)
 1S0 1D2 3F2 2D1 1D  3F  2F 
  3s( 2)  3p( 4)  3d( 2)  4f( 3)
 1S0 1D2 3F2 2D1 1D  3G  2F 
  3s( 2)  3p( 4)  3d( 2)  4f( 3)
 1S0 1D2 3F2 2D1 1D  3H  2F 
  3s( 2)  3p( 4)  3d( 2)  4f( 3)
 1S0 1D2 3F2 2D2 1D  3P  2F 
  3s( 2)  3p( 4)  3d( 2)  4f( 3)
 1S0 1D2 3F2 2D2 1D  3D  2F 
  3s( 2)  3p( 4)  3d( 2)  4f( 3)
 1S0 1D2 3F2 2D2 1D  3F  2F 
  3s( 2)  3p( 4)  3d( 2)  4f( 3)
 1S0 1D2 3F2 2D2 1D  3G  2F 
  3s( 2)  3p( 4)  3d( 2)  4f( 3)
 1S0 1D2 3F2 2D2 1D  3H  2F 
  3s( 2)  3p( 4)  3d( 2)  4f( 3)
 1S0 1D2 3F2 2F1 1D  3P  2F 
  3s( 2)  3p( 4)  3d( 2)  4f( 3)
 1S0 1D2 3F2 2F1 1D  3D  2F 
  3s( 2)  3p( 4)  3d( 2)  4f( 3)
 1S0 1D2 3F2 2F1 1D  3F  2F 
  3s( 2)  3p( 4)  3d( 2)  4f( 3)
 1S0 1D2 3F2 2F1 1D  3G  2F 
  3s( 2)  3p( 4)  3d( 2)  4f( 3)
 1S0 1D2 3F2 2F1 1D  3H  2F 
  3s( 2)  3p( 4)  3d( 2)  4f( 3)
 1S0 1D2 3F2 2F2 1D  3P  2F 
  3s( 2)  3p( 4)  3d( 2)  4f( 3)
 1S0 1D2 3F2 2F2 1D  3D  2F 
  3s( 2)  3p( 4)  3d( 2)  4f( 3)
 1S0 1D2 3F2 2F2 1D  3F  2F 
  3s( 2)  3p( 4)  3d( 2)  4f( 3)
 1S0 1D2 3F2 2F2 1D  3G  2F 
  3s( 2)  3p( 4)  3d( 2)  4f( 3)
 1S0 1D2 3F2 2F2 1D  3H  2F 
  3s( 2)  3p( 4)  3d( 2)  4f( 3)
 1S0 1D2 3F2 2G1 1D  3P  2F 
  3s( 2)  3p( 4)  3d( 2)  4f( 3)
 1S0 1D2 3F2 2G1 1D  3D  2F 
  3s( 2)  3p( 4)  3d( 2)  4f( 3)
 1S0 1D2 3F2 2G1 1D  3F  2F 
  3s( 2)  3p( 4)  3d( 2)  4f( 3)
 1S0 1D2 3F2 2G1 1D  3G  2F 
  3s( 2)  3p( 4)  3d( 2)  4f( 3)
 1S0 1D2 3F2 2G1 1D  3H  2F 
  3s( 2)  3p( 4)  3d( 2)  4f( 3)
 1S0 1D2 3F2 2G2 1D  3P  2F 
  3s( 2)  3p( 4)  3d( 2)  4f( 3)
 1S0 1D2 3F2 2G2 1D  3D  2F 
  3s( 2)  3p( 4)  3d( 2)  4f( 3)
 1S0 1D2 3F2 2G2 1D  3F  2F 
  3s( 2)  3p( 4)  3d( 2)  4f( 3)
 1S0 1D2 3F2 2G2 1D  3G  2F 
  3s( 2)  3p( 4)  3d( 2)  4f( 3)
 1S0 1D2 3F2 2G2 1D  3H  2F 
  3s( 2)  3p( 4)  3d( 2)  4f( 3)
 1S0 1D2 3F2 2H1 1D  3D  2F 
  3s( 2)  3p( 4)  3d( 2)  4f( 3)
 1S0 1D2 3F2 2H1 1D  3F  2F 
  3s( 2)  3p( 4)  3d( 2)  4f( 3)
 1S0 1D2 3F2 2H1 1D  3G  2F 
  3s( 2)  3p( 4)  3d( 2)  4f( 3)
 1S0 1D2 3F2 2H1 1D  3H  2F 
  3s( 2)  3p( 4)  3d( 2)  4f( 3)
 1S0 1D2 3F2 2H2 1D  3D  2F 
  3s( 2)  3p( 4)  3d( 2)  4f( 3)
 1S0 1D2 3F2 2H2 1D  3F  2F 
  3s( 2)  3p( 4)  3d( 2)  4f( 3)
 1S0 1D2 3F2 2H2 1D  3G  2F 
  3s( 2)  3p( 4)  3d( 2)  4f( 3)
 1S0 1D2 3F2 2H2 1D  3H  2F 
  3s( 2)  3p( 4)  3d( 2)  4f( 3)
 1S0 1D2 3F2 2I1 1D  3F  2F 
  3s( 2)  3p( 4)  3d( 2)  4f( 3)
 1S0 1D2 3F2 2I1 1D  3G  2F 
  3s( 2)  3p( 4)  3d( 2)  4f( 3)
 1S0 1D2 3F2 2I1 1D  3H  2F 
  3s( 2)  3p( 4)  3d( 2)  4f( 3)
 1S0 1D2 3F2 2K1 1D  3G  2F 
  3s( 2)  3p( 4)  3d( 2)  4f( 3)
 1S0 1D2 3F2 2K1 1D  3H  2F 
  3s( 2)  3p( 4)  3d( 2)  4f( 3)
 1S0 1D2 3F2 2L1 1D  3H  2F 
  3s( 2)  3p( 4)  3d( 2)  4f( 3)
 1S0 1D2 3F2 4S1 1D  3F  2F 
  3s( 2)  3p( 4)  3d( 2)  4f( 3)
 1S0 1D2 3F2 4D1 1D  3P  2F 
  3s( 2)  3p( 4)  3d( 2)  4f( 3)
 1S0 1D2 3F2 4D1 1D  3D  2F 
  3s( 2)  3p( 4)  3d( 2)  4f( 3)
 1S0 1D2 3F2 4D1 1D  3F  2F 
  3s( 2)  3p( 4)  3d( 2)  4f( 3)
 1S0 1D2 3F2 4D1 1D  3G  2F 
  3s( 2)  3p( 4)  3d( 2)  4f( 3)
 1S0 1D2 3F2 4D1 1D  3H  2F 
  3s( 2)  3p( 4)  3d( 2)  4f( 3)
 1S0 1D2 3F2 4F1 1D  3P  2F 
  3s( 2)  3p( 4)  3d( 2)  4f( 3)
 1S0 1D2 3F2 4F1 1D  3D  2F 
  3s( 2)  3p( 4)  3d( 2)  4f( 3)
 1S0 1D2 3F2 4F1 1D  3F  2F 
  3s( 2)  3p( 4)  3d( 2)  4f( 3)
 1S0 1D2 3F2 4F1 1D  3G  2F 
  3s( 2)  3p( 4)  3d( 2)  4f( 3)
 1S0 1D2 3F2 4F1 1D  3H  2F 
  3s( 2)  3p( 4)  3d( 2)  4f( 3)
 1S0 1D2 3F2 4G1 1D  3P  2F 
  3s( 2)  3p( 4)  3d( 2)  4f( 3)
 1S0 1D2 3F2 4G1 1D  3D  2F 
  3s( 2)  3p( 4)  3d( 2)  4f( 3)
 1S0 1D2 3F2 4G1 1D  3F  2F 
  3s( 2)  3p( 4)  3d( 2)  4f( 3)
 1S0 1D2 3F2 4G1 1D  3G  2F 
  3s( 2)  3p( 4)  3d( 2)  4f( 3)
 1S0 1D2 3F2 4G1 1D  3H  2F 
  3s( 2)  3p( 4)  3d( 2)  4f( 3)
 1S0 1D2 3F2 4I1 1D  3F  2F 
  3s( 2)  3p( 4)  3d( 2)  4f( 3)
 1S0 1D2 3F2 4I1 1D  3G  2F 
  3s( 2)  3p( 4)  3d( 2)  4f( 3)
 1S0 1D2 3F2 4I1 1D  3H  2F 
  3s( 2)  3p( 4)  3d( 2)  4f( 3)
 1S0 3P2 1S0 2D1 3P  3P  2F 
  3s( 2)  3p( 4)  3d( 2)  4f( 3)
 1S0 3P2 1S0 2D2 3P  3P  2F 
  3s( 2)  3p( 4)  3d( 2)  4f( 3)
 1S0 3P2 1S0 2F1 3P  3P  2F 
  3s( 2)  3p( 4)  3d( 2)  4f( 3)
 1S0 3P2 1S0 2F2 3P  3P  2F 
  3s( 2)  3p( 4)  3d( 2)  4f( 3)
 1S0 3P2 1S0 2G1 3P  3P  2F 
  3s( 2)  3p( 4)  3d( 2)  4f( 3)
 1S0 3P2 1S0 2G2 3P  3P  2F 
  3s( 2)  3p( 4)  3d( 2)  4f( 3)
 1S0 3P2 1S0 4D1 3P  3P  2F 
  3s( 2)  3p( 4)  3d( 2)  4f( 3)
 1S0 3P2 1S0 4F1 3P  3P  2F 
  3s( 2)  3p( 4)  3d( 2)  4f( 3)
 1S0 3P2 1S0 4G1 3P  3P  2F 
  3s( 2)  3p( 4)  3d( 2)  4f( 3)
 1S0 3P2 1D2 2P1 3P  3D  2F 
  3s( 2)  3p( 4)  3d( 2)  4f( 3)
 1S0 3P2 1D2 2P1 3P  3F  2F 
  3s( 2)  3p( 4)  3d( 2)  4f( 3)
 1S0 3P2 1D2 2D1 3P  3P  2F 
  3s( 2)  3p( 4)  3d( 2)  4f( 3)
 1S0 3P2 1D2 2D1 3P  3D  2F 
  3s( 2)  3p( 4)  3d( 2)  4f( 3)
 1S0 3P2 1D2 2D1 3P  3F  2F 
  3s( 2)  3p( 4)  3d( 2)  4f( 3)
 1S0 3P2 1D2 2D2 3P  3P  2F 
  3s( 2)  3p( 4)  3d( 2)  4f( 3)
 1S0 3P2 1D2 2D2 3P  3D  2F 
  3s( 2)  3p( 4)  3d( 2)  4f( 3)
 1S0 3P2 1D2 2D2 3P  3F  2F 
  3s( 2)  3p( 4)  3d( 2)  4f( 3)
 1S0 3P2 1D2 2F1 3P  3P  2F 
  3s( 2)  3p( 4)  3d( 2)  4f( 3)
 1S0 3P2 1D2 2F1 3P  3D  2F 
  3s( 2)  3p( 4)  3d( 2)  4f( 3)
 1S0 3P2 1D2 2F1 3P  3F  2F 
  3s( 2)  3p( 4)  3d( 2)  4f( 3)
 1S0 3P2 1D2 2F2 3P  3P  2F 
  3s( 2)  3p( 4)  3d( 2)  4f( 3)
 1S0 3P2 1D2 2F2 3P  3D  2F 
  3s( 2)  3p( 4)  3d( 2)  4f( 3)
 1S0 3P2 1D2 2F2 3P  3F  2F 
  3s( 2)  3p( 4)  3d( 2)  4f( 3)
 1S0 3P2 1D2 2G1 3P  3P  2F 
  3s( 2)  3p( 4)  3d( 2)  4f( 3)
 1S0 3P2 1D2 2G1 3P  3D  2F 
  3s( 2)  3p( 4)  3d( 2)  4f( 3)
 1S0 3P2 1D2 2G1 3P  3F  2F 
  3s( 2)  3p( 4)  3d( 2)  4f( 3)
 1S0 3P2 1D2 2G2 3P  3P  2F 
  3s( 2)  3p( 4)  3d( 2)  4f( 3)
 1S0 3P2 1D2 2G2 3P  3D  2F 
  3s( 2)  3p( 4)  3d( 2)  4f( 3)
 1S0 3P2 1D2 2G2 3P  3F  2F 
  3s( 2)  3p( 4)  3d( 2)  4f( 3)
 1S0 3P2 1D2 2H1 3P  3D  2F 
  3s( 2)  3p( 4)  3d( 2)  4f( 3)
 1S0 3P2 1D2 2H1 3P  3F  2F 
  3s( 2)  3p( 4)  3d( 2)  4f( 3)
 1S0 3P2 1D2 2H2 3P  3D  2F 
  3s( 2)  3p( 4)  3d( 2)  4f( 3)
 1S0 3P2 1D2 2H2 3P  3F  2F 
  3s( 2)  3p( 4)  3d( 2)  4f( 3)
 1S0 3P2 1D2 2I1 3P  3F  2F 
  3s( 2)  3p( 4)  3d( 2)  4f( 3)
 1S0 3P2 1D2 4S1 3P  3F  2F 
  3s( 2)  3p( 4)  3d( 2)  4f( 3)
 1S0 3P2 1D2 4D1 3P  3P  2F 
  3s( 2)  3p( 4)  3d( 2)  4f( 3)
 1S0 3P2 1D2 4D1 3P  3D  2F 
  3s( 2)  3p( 4)  3d( 2)  4f( 3)
 1S0 3P2 1D2 4D1 3P  3F  2F 
  3s( 2)  3p( 4)  3d( 2)  4f( 3)
 1S0 3P2 1D2 4F1 3P  3P  2F 
  3s( 2)  3p( 4)  3d( 2)  4f( 3)
 1S0 3P2 1D2 4F1 3P  3D  2F 
  3s( 2)  3p( 4)  3d( 2)  4f( 3)
 1S0 3P2 1D2 4F1 3P  3F  2F 
  3s( 2)  3p( 4)  3d( 2)  4f( 3)
 1S0 3P2 1D2 4G1 3P  3P  2F 
  3s( 2)  3p( 4)  3d( 2)  4f( 3)
 1S0 3P2 1D2 4G1 3P  3D  2F 
  3s( 2)  3p( 4)  3d( 2)  4f( 3)
 1S0 3P2 1D2 4G1 3P  3F  2F 
  3s( 2)  3p( 4)  3d( 2)  4f( 3)
 1S0 3P2 1D2 4I1 3P  3F  2F 
  3s( 2)  3p( 4)  3d( 2)  4f( 3)
 1S0 3P2 1G2 2P1 3P  3F  2F 
  3s( 2)  3p( 4)  3d( 2)  4f( 3)
 1S0 3P2 1G2 2P1 3P  3G  2F 
  3s( 2)  3p( 4)  3d( 2)  4f( 3)
 1S0 3P2 1G2 2D1 3P  3F  2F 
  3s( 2)  3p( 4)  3d( 2)  4f( 3)
 1S0 3P2 1G2 2D1 3P  3G  2F 
  3s( 2)  3p( 4)  3d( 2)  4f( 3)
 1S0 3P2 1G2 2D1 3P  3H  2F 
  3s( 2)  3p( 4)  3d( 2)  4f( 3)
 1S0 3P2 1G2 2D2 3P  3F  2F 
  3s( 2)  3p( 4)  3d( 2)  4f( 3)
 1S0 3P2 1G2 2D2 3P  3G  2F 
  3s( 2)  3p( 4)  3d( 2)  4f( 3)
 1S0 3P2 1G2 2D2 3P  3H  2F 
  3s( 2)  3p( 4)  3d( 2)  4f( 3)
 1S0 3P2 1G2 2F1 3P  3F  2F 
  3s( 2)  3p( 4)  3d( 2)  4f( 3)
 1S0 3P2 1G2 2F1 3P  3G  2F 
  3s( 2)  3p( 4)  3d( 2)  4f( 3)
 1S0 3P2 1G2 2F1 3P  3H  2F 
  3s( 2)  3p( 4)  3d( 2)  4f( 3)
 1S0 3P2 1G2 2F2 3P  3F  2F 
  3s( 2)  3p( 4)  3d( 2)  4f( 3)
 1S0 3P2 1G2 2F2 3P  3G  2F 
  3s( 2)  3p( 4)  3d( 2)  4f( 3)
 1S0 3P2 1G2 2F2 3P  3H  2F 
  3s( 2)  3p( 4)  3d( 2)  4f( 3)
 1S0 3P2 1G2 2G1 3P  3F  2F 
  3s( 2)  3p( 4)  3d( 2)  4f( 3)
 1S0 3P2 1G2 2G1 3P  3G  2F 
  3s( 2)  3p( 4)  3d( 2)  4f( 3)
 1S0 3P2 1G2 2G1 3P  3H  2F 
  3s( 2)  3p( 4)  3d( 2)  4f( 3)
 1S0 3P2 1G2 2G2 3P  3F  2F 
  3s( 2)  3p( 4)  3d( 2)  4f( 3)
 1S0 3P2 1G2 2G2 3P  3G  2F 
  3s( 2)  3p( 4)  3d( 2)  4f( 3)
 1S0 3P2 1G2 2G2 3P  3H  2F 
  3s( 2)  3p( 4)  3d( 2)  4f( 3)
 1S0 3P2 1G2 2H1 3P  3F  2F 
  3s( 2)  3p( 4)  3d( 2)  4f( 3)
 1S0 3P2 1G2 2H1 3P  3G  2F 
  3s( 2)  3p( 4)  3d( 2)  4f( 3)
 1S0 3P2 1G2 2H1 3P  3H  2F 
  3s( 2)  3p( 4)  3d( 2)  4f( 3)
 1S0 3P2 1G2 2H2 3P  3F  2F 
  3s( 2)  3p( 4)  3d( 2)  4f( 3)
 1S0 3P2 1G2 2H2 3P  3G  2F 
  3s( 2)  3p( 4)  3d( 2)  4f( 3)
 1S0 3P2 1G2 2H2 3P  3H  2F 
  3s( 2)  3p( 4)  3d( 2)  4f( 3)
 1S0 3P2 1G2 2I1 3P  3F  2F 
  3s( 2)  3p( 4)  3d( 2)  4f( 3)
 1S0 3P2 1G2 2I1 3P  3G  2F 
  3s( 2)  3p( 4)  3d( 2)  4f( 3)
 1S0 3P2 1G2 2I1 3P  3H  2F 
  3s( 2)  3p( 4)  3d( 2)  4f( 3)
 1S0 3P2 1G2 2K1 3P  3G  2F 
  3s( 2)  3p( 4)  3d( 2)  4f( 3)
 1S0 3P2 1G2 2K1 3P  3H  2F 
  3s( 2)  3p( 4)  3d( 2)  4f( 3)
 1S0 3P2 1G2 2L1 3P  3H  2F 
  3s( 2)  3p( 4)  3d( 2)  4f( 3)
 1S0 3P2 1G2 4S1 3P  3F  2F 
  3s( 2)  3p( 4)  3d( 2)  4f( 3)
 1S0 3P2 1G2 4D1 3P  3F  2F 
  3s( 2)  3p( 4)  3d( 2)  4f( 3)
 1S0 3P2 1G2 4D1 3P  3G  2F 
  3s( 2)  3p( 4)  3d( 2)  4f( 3)
 1S0 3P2 1G2 4D1 3P  3H  2F 
  3s( 2)  3p( 4)  3d( 2)  4f( 3)
 1S0 3P2 1G2 4F1 3P  3F  2F 
  3s( 2)  3p( 4)  3d( 2)  4f( 3)
 1S0 3P2 1G2 4F1 3P  3G  2F 
  3s( 2)  3p( 4)  3d( 2)  4f( 3)
 1S0 3P2 1G2 4F1 3P  3H  2F 
  3s( 2)  3p( 4)  3d( 2)  4f( 3)
 1S0 3P2 1G2 4G1 3P  3F  2F 
  3s( 2)  3p( 4)  3d( 2)  4f( 3)
 1S0 3P2 1G2 4G1 3P  3G  2F 
  3s( 2)  3p( 4)  3d( 2)  4f( 3)
 1S0 3P2 1G2 4G1 3P  3H  2F 
  3s( 2)  3p( 4)  3d( 2)  4f( 3)
 1S0 3P2 1G2 4I1 3P  3F  2F 
  3s( 2)  3p( 4)  3d( 2)  4f( 3)
 1S0 3P2 1G2 4I1 3P  3G  2F 
  3s( 2)  3p( 4)  3d( 2)  4f( 3)
 1S0 3P2 1G2 4I1 3P  3H  2F 
  3s( 2)  3p( 4)  3d( 2)  4f( 3)
 1S0 3P2 3P2 2P1 3P  1D  2F 
  3s( 2)  3p( 4)  3d( 2)  4f( 3)
 1S0 3P2 3P2 2P1 3P  3D  2F 
  3s( 2)  3p( 4)  3d( 2)  4f( 3)
 1S0 3P2 3P2 2D1 3P  1P  2F 
  3s( 2)  3p( 4)  3d( 2)  4f( 3)
 1S0 3P2 3P2 2D1 3P  1D  2F 
  3s( 2)  3p( 4)  3d( 2)  4f( 3)
 1S0 3P2 3P2 2D1 3P  3P  2F 
  3s( 2)  3p( 4)  3d( 2)  4f( 3)
 1S0 3P2 3P2 2D1 3P  3D  2F 
  3s( 2)  3p( 4)  3d( 2)  4f( 3)
 1S0 3P2 3P2 2D2 3P  1P  2F 
  3s( 2)  3p( 4)  3d( 2)  4f( 3)
 1S0 3P2 3P2 2D2 3P  1D  2F 
  3s( 2)  3p( 4)  3d( 2)  4f( 3)
 1S0 3P2 3P2 2D2 3P  3P  2F 
  3s( 2)  3p( 4)  3d( 2)  4f( 3)
 1S0 3P2 3P2 2D2 3P  3D  2F 
  3s( 2)  3p( 4)  3d( 2)  4f( 3)
 1S0 3P2 3P2 2F1 3P  1S  2F 
  3s( 2)  3p( 4)  3d( 2)  4f( 3)
 1S0 3P2 3P2 2F1 3P  1P  2F 
  3s( 2)  3p( 4)  3d( 2)  4f( 3)
 1S0 3P2 3P2 2F1 3P  1D  2F 
  3s( 2)  3p( 4)  3d( 2)  4f( 3)
 1S0 3P2 3P2 2F1 3P  3S  2F 
  3s( 2)  3p( 4)  3d( 2)  4f( 3)
 1S0 3P2 3P2 2F1 3P  3P  2F 
  3s( 2)  3p( 4)  3d( 2)  4f( 3)
 1S0 3P2 3P2 2F1 3P  3D  2F 
  3s( 2)  3p( 4)  3d( 2)  4f( 3)
 1S0 3P2 3P2 2F2 3P  1S  2F 
  3s( 2)  3p( 4)  3d( 2)  4f( 3)
 1S0 3P2 3P2 2F2 3P  1P  2F 
  3s( 2)  3p( 4)  3d( 2)  4f( 3)
 1S0 3P2 3P2 2F2 3P  1D  2F 
  3s( 2)  3p( 4)  3d( 2)  4f( 3)
 1S0 3P2 3P2 2F2 3P  3S  2F 
  3s( 2)  3p( 4)  3d( 2)  4f( 3)
 1S0 3P2 3P2 2F2 3P  3P  2F 
  3s( 2)  3p( 4)  3d( 2)  4f( 3)
 1S0 3P2 3P2 2F2 3P  3D  2F 
  3s( 2)  3p( 4)  3d( 2)  4f( 3)
 1S0 3P2 3P2 2G1 3P  1P  2F 
  3s( 2)  3p( 4)  3d( 2)  4f( 3)
 1S0 3P2 3P2 2G1 3P  1D  2F 
  3s( 2)  3p( 4)  3d( 2)  4f( 3)
 1S0 3P2 3P2 2G1 3P  3P  2F 
  3s( 2)  3p( 4)  3d( 2)  4f( 3)
 1S0 3P2 3P2 2G1 3P  3D  2F 
  3s( 2)  3p( 4)  3d( 2)  4f( 3)
 1S0 3P2 3P2 2G2 3P  1P  2F 
  3s( 2)  3p( 4)  3d( 2)  4f( 3)
 1S0 3P2 3P2 2G2 3P  1D  2F 
  3s( 2)  3p( 4)  3d( 2)  4f( 3)
 1S0 3P2 3P2 2G2 3P  3P  2F 
  3s( 2)  3p( 4)  3d( 2)  4f( 3)
 1S0 3P2 3P2 2G2 3P  3D  2F 
  3s( 2)  3p( 4)  3d( 2)  4f( 3)
 1S0 3P2 3P2 2H1 3P  1D  2F 
  3s( 2)  3p( 4)  3d( 2)  4f( 3)
 1S0 3P2 3P2 2H1 3P  3D  2F 
  3s( 2)  3p( 4)  3d( 2)  4f( 3)
 1S0 3P2 3P2 2H2 3P  1D  2F 
  3s( 2)  3p( 4)  3d( 2)  4f( 3)
 1S0 3P2 3P2 2H2 3P  3D  2F 
  3s( 2)  3p( 4)  3d( 2)  4f( 3)
 1S0 3P2 3P2 4D1 3P  3P  2F 
  3s( 2)  3p( 4)  3d( 2)  4f( 3)
 1S0 3P2 3P2 4D1 3P  3D  2F 
  3s( 2)  3p( 4)  3d( 2)  4f( 3)
 1S0 3P2 3P2 4D1 3P  5P  2F 
  3s( 2)  3p( 4)  3d( 2)  4f( 3)
 1S0 3P2 3P2 4D1 3P  5D  2F 
  3s( 2)  3p( 4)  3d( 2)  4f( 3)
 1S0 3P2 3P2 4F1 3P  3S  2F 
  3s( 2)  3p( 4)  3d( 2)  4f( 3)
 1S0 3P2 3P2 4F1 3P  3P  2F 
  3s( 2)  3p( 4)  3d( 2)  4f( 3)
 1S0 3P2 3P2 4F1 3P  3D  2F 
  3s( 2)  3p( 4)  3d( 2)  4f( 3)
 1S0 3P2 3P2 4F1 3P  5S  2F 
  3s( 2)  3p( 4)  3d( 2)  4f( 3)
 1S0 3P2 3P2 4F1 3P  5P  2F 
  3s( 2)  3p( 4)  3d( 2)  4f( 3)
 1S0 3P2 3P2 4F1 3P  5D  2F 
  3s( 2)  3p( 4)  3d( 2)  4f( 3)
 1S0 3P2 3P2 4G1 3P  3P  2F 
  3s( 2)  3p( 4)  3d( 2)  4f( 3)
 1S0 3P2 3P2 4G1 3P  3D  2F 
  3s( 2)  3p( 4)  3d( 2)  4f( 3)
 1S0 3P2 3P2 4G1 3P  5P  2F 
  3s( 2)  3p( 4)  3d( 2)  4f( 3)
 1S0 3P2 3P2 4G1 3P  5D  2F 
  3s( 2)  3p( 4)  3d( 2)  4f( 3)
 1S0 3P2 3F2 2P1 3P  1D  2F 
  3s( 2)  3p( 4)  3d( 2)  4f( 3)
 1S0 3P2 3F2 2P1 3P  1F  2F 
  3s( 2)  3p( 4)  3d( 2)  4f( 3)
 1S0 3P2 3F2 2P1 3P  1G  2F 
  3s( 2)  3p( 4)  3d( 2)  4f( 3)
 1S0 3P2 3F2 2P1 3P  3D  2F 
  3s( 2)  3p( 4)  3d( 2)  4f( 3)
 1S0 3P2 3F2 2P1 3P  3F  2F 
  3s( 2)  3p( 4)  3d( 2)  4f( 3)
 1S0 3P2 3F2 2P1 3P  3G  2F 
  3s( 2)  3p( 4)  3d( 2)  4f( 3)
 1S0 3P2 3F2 2D1 3P  1D  2F 
  3s( 2)  3p( 4)  3d( 2)  4f( 3)
 1S0 3P2 3F2 2D1 3P  1F  2F 
  3s( 2)  3p( 4)  3d( 2)  4f( 3)
 1S0 3P2 3F2 2D1 3P  1G  2F 
  3s( 2)  3p( 4)  3d( 2)  4f( 3)
 1S0 3P2 3F2 2D1 3P  3D  2F 
  3s( 2)  3p( 4)  3d( 2)  4f( 3)
 1S0 3P2 3F2 2D1 3P  3F  2F 
  3s( 2)  3p( 4)  3d( 2)  4f( 3)
 1S0 3P2 3F2 2D1 3P  3G  2F 
  3s( 2)  3p( 4)  3d( 2)  4f( 3)
 1S0 3P2 3F2 2D2 3P  1D  2F 
  3s( 2)  3p( 4)  3d( 2)  4f( 3)
 1S0 3P2 3F2 2D2 3P  1F  2F 
  3s( 2)  3p( 4)  3d( 2)  4f( 3)
 1S0 3P2 3F2 2D2 3P  1G  2F 
  3s( 2)  3p( 4)  3d( 2)  4f( 3)
 1S0 3P2 3F2 2D2 3P  3D  2F 
  3s( 2)  3p( 4)  3d( 2)  4f( 3)
 1S0 3P2 3F2 2D2 3P  3F  2F 
  3s( 2)  3p( 4)  3d( 2)  4f( 3)
 1S0 3P2 3F2 2D2 3P  3G  2F 
  3s( 2)  3p( 4)  3d( 2)  4f( 3)
 1S0 3P2 3F2 2F1 3P  1D  2F 
  3s( 2)  3p( 4)  3d( 2)  4f( 3)
 1S0 3P2 3F2 2F1 3P  1F  2F 
  3s( 2)  3p( 4)  3d( 2)  4f( 3)
 1S0 3P2 3F2 2F1 3P  1G  2F 
  3s( 2)  3p( 4)  3d( 2)  4f( 3)
 1S0 3P2 3F2 2F1 3P  3D  2F 
  3s( 2)  3p( 4)  3d( 2)  4f( 3)
 1S0 3P2 3F2 2F1 3P  3F  2F 
  3s( 2)  3p( 4)  3d( 2)  4f( 3)
 1S0 3P2 3F2 2F1 3P  3G  2F 
  3s( 2)  3p( 4)  3d( 2)  4f( 3)
 1S0 3P2 3F2 2F2 3P  1D  2F 
  3s( 2)  3p( 4)  3d( 2)  4f( 3)
 1S0 3P2 3F2 2F2 3P  1F  2F 
  3s( 2)  3p( 4)  3d( 2)  4f( 3)
 1S0 3P2 3F2 2F2 3P  1G  2F 
  3s( 2)  3p( 4)  3d( 2)  4f( 3)
 1S0 3P2 3F2 2F2 3P  3D  2F 
  3s( 2)  3p( 4)  3d( 2)  4f( 3)
 1S0 3P2 3F2 2F2 3P  3F  2F 
  3s( 2)  3p( 4)  3d( 2)  4f( 3)
 1S0 3P2 3F2 2F2 3P  3G  2F 
  3s( 2)  3p( 4)  3d( 2)  4f( 3)
 1S0 3P2 3F2 2G1 3P  1D  2F 
  3s( 2)  3p( 4)  3d( 2)  4f( 3)
 1S0 3P2 3F2 2G1 3P  1F  2F 
  3s( 2)  3p( 4)  3d( 2)  4f( 3)
 1S0 3P2 3F2 2G1 3P  1G  2F 
  3s( 2)  3p( 4)  3d( 2)  4f( 3)
 1S0 3P2 3F2 2G1 3P  3D  2F 
  3s( 2)  3p( 4)  3d( 2)  4f( 3)
 1S0 3P2 3F2 2G1 3P  3F  2F 
  3s( 2)  3p( 4)  3d( 2)  4f( 3)
 1S0 3P2 3F2 2G1 3P  3G  2F 
  3s( 2)  3p( 4)  3d( 2)  4f( 3)
 1S0 3P2 3F2 2G2 3P  1D  2F 
  3s( 2)  3p( 4)  3d( 2)  4f( 3)
 1S0 3P2 3F2 2G2 3P  1F  2F 
  3s( 2)  3p( 4)  3d( 2)  4f( 3)
 1S0 3P2 3F2 2G2 3P  1G  2F 
  3s( 2)  3p( 4)  3d( 2)  4f( 3)
 1S0 3P2 3F2 2G2 3P  3D  2F 
  3s( 2)  3p( 4)  3d( 2)  4f( 3)
 1S0 3P2 3F2 2G2 3P  3F  2F 
  3s( 2)  3p( 4)  3d( 2)  4f( 3)
 1S0 3P2 3F2 2G2 3P  3G  2F 
  3s( 2)  3p( 4)  3d( 2)  4f( 3)
 1S0 3P2 3F2 2H1 3P  1D  2F 
  3s( 2)  3p( 4)  3d( 2)  4f( 3)
 1S0 3P2 3F2 2H1 3P  1F  2F 
  3s( 2)  3p( 4)  3d( 2)  4f( 3)
 1S0 3P2 3F2 2H1 3P  1G  2F 
  3s( 2)  3p( 4)  3d( 2)  4f( 3)
 1S0 3P2 3F2 2H1 3P  3D  2F 
  3s( 2)  3p( 4)  3d( 2)  4f( 3)
 1S0 3P2 3F2 2H1 3P  3F  2F 
  3s( 2)  3p( 4)  3d( 2)  4f( 3)
 1S0 3P2 3F2 2H1 3P  3G  2F 
  3s( 2)  3p( 4)  3d( 2)  4f( 3)
 1S0 3P2 3F2 2H2 3P  1D  2F 
  3s( 2)  3p( 4)  3d( 2)  4f( 3)
 1S0 3P2 3F2 2H2 3P  1F  2F 
  3s( 2)  3p( 4)  3d( 2)  4f( 3)
 1S0 3P2 3F2 2H2 3P  1G  2F 
  3s( 2)  3p( 4)  3d( 2)  4f( 3)
 1S0 3P2 3F2 2H2 3P  3D  2F 
  3s( 2)  3p( 4)  3d( 2)  4f( 3)
 1S0 3P2 3F2 2H2 3P  3F  2F 
  3s( 2)  3p( 4)  3d( 2)  4f( 3)
 1S0 3P2 3F2 2H2 3P  3G  2F 
  3s( 2)  3p( 4)  3d( 2)  4f( 3)
 1S0 3P2 3F2 2I1 3P  1F  2F 
  3s( 2)  3p( 4)  3d( 2)  4f( 3)
 1S0 3P2 3F2 2I1 3P  1G  2F 
  3s( 2)  3p( 4)  3d( 2)  4f( 3)
 1S0 3P2 3F2 2I1 3P  3F  2F 
  3s( 2)  3p( 4)  3d( 2)  4f( 3)
 1S0 3P2 3F2 2I1 3P  3G  2F 
  3s( 2)  3p( 4)  3d( 2)  4f( 3)
 1S0 3P2 3F2 2K1 3P  1G  2F 
  3s( 2)  3p( 4)  3d( 2)  4f( 3)
 1S0 3P2 3F2 2K1 3P  3G  2F 
  3s( 2)  3p( 4)  3d( 2)  4f( 3)
 1S0 3P2 3F2 4S1 3P  3F  2F 
  3s( 2)  3p( 4)  3d( 2)  4f( 3)
 1S0 3P2 3F2 4S1 3P  5F  2F 
  3s( 2)  3p( 4)  3d( 2)  4f( 3)
 1S0 3P2 3F2 4D1 3P  3D  2F 
  3s( 2)  3p( 4)  3d( 2)  4f( 3)
 1S0 3P2 3F2 4D1 3P  3F  2F 
  3s( 2)  3p( 4)  3d( 2)  4f( 3)
 1S0 3P2 3F2 4D1 3P  3G  2F 
  3s( 2)  3p( 4)  3d( 2)  4f( 3)
 1S0 3P2 3F2 4D1 3P  5D  2F 
  3s( 2)  3p( 4)  3d( 2)  4f( 3)
 1S0 3P2 3F2 4D1 3P  5F  2F 
  3s( 2)  3p( 4)  3d( 2)  4f( 3)
 1S0 3P2 3F2 4D1 3P  5G  2F 
  3s( 2)  3p( 4)  3d( 2)  4f( 3)
 1S0 3P2 3F2 4F1 3P  3D  2F 
  3s( 2)  3p( 4)  3d( 2)  4f( 3)
 1S0 3P2 3F2 4F1 3P  3F  2F 
  3s( 2)  3p( 4)  3d( 2)  4f( 3)
 1S0 3P2 3F2 4F1 3P  3G  2F 
  3s( 2)  3p( 4)  3d( 2)  4f( 3)
 1S0 3P2 3F2 4F1 3P  5D  2F 
  3s( 2)  3p( 4)  3d( 2)  4f( 3)
 1S0 3P2 3F2 4F1 3P  5F  2F 
  3s( 2)  3p( 4)  3d( 2)  4f( 3)
 1S0 3P2 3F2 4F1 3P  5G  2F 
  3s( 2)  3p( 4)  3d( 2)  4f( 3)
 1S0 3P2 3F2 4G1 3P  3D  2F 
  3s( 2)  3p( 4)  3d( 2)  4f( 3)
 1S0 3P2 3F2 4G1 3P  3F  2F 
  3s( 2)  3p( 4)  3d( 2)  4f( 3)
 1S0 3P2 3F2 4G1 3P  3G  2F 
  3s( 2)  3p( 4)  3d( 2)  4f( 3)
 1S0 3P2 3F2 4G1 3P  5D  2F 
  3s( 2)  3p( 4)  3d( 2)  4f( 3)
 1S0 3P2 3F2 4G1 3P  5F  2F 
  3s( 2)  3p( 4)  3d( 2)  4f( 3)
 1S0 3P2 3F2 4G1 3P  5G  2F 
  3s( 2)  3p( 4)  3d( 2)  4f( 3)
 1S0 3P2 3F2 4I1 3P  3F  2F 
  3s( 2)  3p( 4)  3d( 2)  4f( 3)
 1S0 3P2 3F2 4I1 3P  3G  2F 
  3s( 2)  3p( 4)  3d( 2)  4f( 3)
 1S0 3P2 3F2 4I1 3P  5F  2F 
  3s( 2)  3p( 4)  3d( 2)  4f( 3)
 1S0 3P2 3F2 4I1 3P  5G  2F 
  3s( 2)  3p( 4)  3d( 1)  4s( 1)  4f( 3)
 1S0 1S0 2D1 2S1 2P1 1S  2D  1D  2F 
  3s( 2)  3p( 4)  3d( 1)  4s( 1)  4f( 3)
 1S0 1S0 2D1 2S1 2P1 1S  2D  3D  2F 
  3s( 2)  3p( 4)  3d( 1)  4s( 1)  4f( 3)
 1S0 1S0 2D1 2S1 2D1 1S  2D  1D  2F 
  3s( 2)  3p( 4)  3d( 1)  4s( 1)  4f( 3)
 1S0 1S0 2D1 2S1 2D1 1S  2D  3D  2F 
  3s( 2)  3p( 4)  3d( 1)  4s( 1)  4f( 3)
 1S0 1S0 2D1 2S1 2D2 1S  2D  1D  2F 
  3s( 2)  3p( 4)  3d( 1)  4s( 1)  4f( 3)
 1S0 1S0 2D1 2S1 2D2 1S  2D  3D  2F 
  3s( 2)  3p( 4)  3d( 1)  4s( 1)  4f( 3)
 1S0 1S0 2D1 2S1 2F1 1S  2D  1D  2F 
  3s( 2)  3p( 4)  3d( 1)  4s( 1)  4f( 3)
 1S0 1S0 2D1 2S1 2F1 1S  2D  3D  2F 
  3s( 2)  3p( 4)  3d( 1)  4s( 1)  4f( 3)
 1S0 1S0 2D1 2S1 2F2 1S  2D  1D  2F 
  3s( 2)  3p( 4)  3d( 1)  4s( 1)  4f( 3)
 1S0 1S0 2D1 2S1 2F2 1S  2D  3D  2F 
  3s( 2)  3p( 4)  3d( 1)  4s( 1)  4f( 3)
 1S0 1S0 2D1 2S1 2G1 1S  2D  1D  2F 
  3s( 2)  3p( 4)  3d( 1)  4s( 1)  4f( 3)
 1S0 1S0 2D1 2S1 2G1 1S  2D  3D  2F 
  3s( 2)  3p( 4)  3d( 1)  4s( 1)  4f( 3)
 1S0 1S0 2D1 2S1 2G2 1S  2D  1D  2F 
  3s( 2)  3p( 4)  3d( 1)  4s( 1)  4f( 3)
 1S0 1S0 2D1 2S1 2G2 1S  2D  3D  2F 
  3s( 2)  3p( 4)  3d( 1)  4s( 1)  4f( 3)
 1S0 1S0 2D1 2S1 2H1 1S  2D  1D  2F 
  3s( 2)  3p( 4)  3d( 1)  4s( 1)  4f( 3)
 1S0 1S0 2D1 2S1 2H1 1S  2D  3D  2F 
  3s( 2)  3p( 4)  3d( 1)  4s( 1)  4f( 3)
 1S0 1S0 2D1 2S1 2H2 1S  2D  1D  2F 
  3s( 2)  3p( 4)  3d( 1)  4s( 1)  4f( 3)
 1S0 1S0 2D1 2S1 2H2 1S  2D  3D  2F 
  3s( 2)  3p( 4)  3d( 1)  4s( 1)  4f( 3)
 1S0 1S0 2D1 2S1 4D1 1S  2D  3D  2F 
  3s( 2)  3p( 4)  3d( 1)  4s( 1)  4f( 3)
 1S0 1S0 2D1 2S1 4F1 1S  2D  3D  2F 
  3s( 2)  3p( 4)  3d( 1)  4s( 1)  4f( 3)
 1S0 1S0 2D1 2S1 4G1 1S  2D  3D  2F 
  3s( 2)  3p( 4)  3d( 1)  4s( 1)  4f( 3)
 1S0 1D2 2D1 2S1 2P1 1D  2D  1D  2F 
  3s( 2)  3p( 4)  3d( 1)  4s( 1)  4f( 3)
 1S0 1D2 2D1 2S1 2P1 1D  2D  3D  2F 
  3s( 2)  3p( 4)  3d( 1)  4s( 1)  4f( 3)
 1S0 1D2 2D1 2S1 2P1 1D  2F  1F  2F 
  3s( 2)  3p( 4)  3d( 1)  4s( 1)  4f( 3)
 1S0 1D2 2D1 2S1 2P1 1D  2F  3F  2F 
  3s( 2)  3p( 4)  3d( 1)  4s( 1)  4f( 3)
 1S0 1D2 2D1 2S1 2P1 1D  2G  1G  2F 
  3s( 2)  3p( 4)  3d( 1)  4s( 1)  4f( 3)
 1S0 1D2 2D1 2S1 2P1 1D  2G  3G  2F 
  3s( 2)  3p( 4)  3d( 1)  4s( 1)  4f( 3)
 1S0 1D2 2D1 2S1 2D1 1D  2P  1P  2F 
  3s( 2)  3p( 4)  3d( 1)  4s( 1)  4f( 3)
 1S0 1D2 2D1 2S1 2D1 1D  2P  3P  2F 
  3s( 2)  3p( 4)  3d( 1)  4s( 1)  4f( 3)
 1S0 1D2 2D1 2S1 2D1 1D  2D  1D  2F 
  3s( 2)  3p( 4)  3d( 1)  4s( 1)  4f( 3)
 1S0 1D2 2D1 2S1 2D1 1D  2D  3D  2F 
  3s( 2)  3p( 4)  3d( 1)  4s( 1)  4f( 3)
 1S0 1D2 2D1 2S1 2D1 1D  2F  1F  2F 
  3s( 2)  3p( 4)  3d( 1)  4s( 1)  4f( 3)
 1S0 1D2 2D1 2S1 2D1 1D  2F  3F  2F 
  3s( 2)  3p( 4)  3d( 1)  4s( 1)  4f( 3)
 1S0 1D2 2D1 2S1 2D1 1D  2G  1G  2F 
  3s( 2)  3p( 4)  3d( 1)  4s( 1)  4f( 3)
 1S0 1D2 2D1 2S1 2D1 1D  2G  3G  2F 
  3s( 2)  3p( 4)  3d( 1)  4s( 1)  4f( 3)
 1S0 1D2 2D1 2S1 2D2 1D  2P  1P  2F 
  3s( 2)  3p( 4)  3d( 1)  4s( 1)  4f( 3)
 1S0 1D2 2D1 2S1 2D2 1D  2P  3P  2F 
  3s( 2)  3p( 4)  3d( 1)  4s( 1)  4f( 3)
 1S0 1D2 2D1 2S1 2D2 1D  2D  1D  2F 
  3s( 2)  3p( 4)  3d( 1)  4s( 1)  4f( 3)
 1S0 1D2 2D1 2S1 2D2 1D  2D  3D  2F 
  3s( 2)  3p( 4)  3d( 1)  4s( 1)  4f( 3)
 1S0 1D2 2D1 2S1 2D2 1D  2F  1F  2F 
  3s( 2)  3p( 4)  3d( 1)  4s( 1)  4f( 3)
 1S0 1D2 2D1 2S1 2D2 1D  2F  3F  2F 
  3s( 2)  3p( 4)  3d( 1)  4s( 1)  4f( 3)
 1S0 1D2 2D1 2S1 2D2 1D  2G  1G  2F 
  3s( 2)  3p( 4)  3d( 1)  4s( 1)  4f( 3)
 1S0 1D2 2D1 2S1 2D2 1D  2G  3G  2F 
  3s( 2)  3p( 4)  3d( 1)  4s( 1)  4f( 3)
 1S0 1D2 2D1 2S1 2F1 1D  2S  1S  2F 
  3s( 2)  3p( 4)  3d( 1)  4s( 1)  4f( 3)
 1S0 1D2 2D1 2S1 2F1 1D  2S  3S  2F 
  3s( 2)  3p( 4)  3d( 1)  4s( 1)  4f( 3)
 1S0 1D2 2D1 2S1 2F1 1D  2P  1P  2F 
  3s( 2)  3p( 4)  3d( 1)  4s( 1)  4f( 3)
 1S0 1D2 2D1 2S1 2F1 1D  2P  3P  2F 
  3s( 2)  3p( 4)  3d( 1)  4s( 1)  4f( 3)
 1S0 1D2 2D1 2S1 2F1 1D  2D  1D  2F 
  3s( 2)  3p( 4)  3d( 1)  4s( 1)  4f( 3)
 1S0 1D2 2D1 2S1 2F1 1D  2D  3D  2F 
  3s( 2)  3p( 4)  3d( 1)  4s( 1)  4f( 3)
 1S0 1D2 2D1 2S1 2F1 1D  2F  1F  2F 
  3s( 2)  3p( 4)  3d( 1)  4s( 1)  4f( 3)
 1S0 1D2 2D1 2S1 2F1 1D  2F  3F  2F 
  3s( 2)  3p( 4)  3d( 1)  4s( 1)  4f( 3)
 1S0 1D2 2D1 2S1 2F1 1D  2G  1G  2F 
  3s( 2)  3p( 4)  3d( 1)  4s( 1)  4f( 3)
 1S0 1D2 2D1 2S1 2F1 1D  2G  3G  2F 
  3s( 2)  3p( 4)  3d( 1)  4s( 1)  4f( 3)
 1S0 1D2 2D1 2S1 2F2 1D  2S  1S  2F 
  3s( 2)  3p( 4)  3d( 1)  4s( 1)  4f( 3)
 1S0 1D2 2D1 2S1 2F2 1D  2S  3S  2F 
  3s( 2)  3p( 4)  3d( 1)  4s( 1)  4f( 3)
 1S0 1D2 2D1 2S1 2F2 1D  2P  1P  2F 
  3s( 2)  3p( 4)  3d( 1)  4s( 1)  4f( 3)
 1S0 1D2 2D1 2S1 2F2 1D  2P  3P  2F 
  3s( 2)  3p( 4)  3d( 1)  4s( 1)  4f( 3)
 1S0 1D2 2D1 2S1 2F2 1D  2D  1D  2F 
  3s( 2)  3p( 4)  3d( 1)  4s( 1)  4f( 3)
 1S0 1D2 2D1 2S1 2F2 1D  2D  3D  2F 
  3s( 2)  3p( 4)  3d( 1)  4s( 1)  4f( 3)
 1S0 1D2 2D1 2S1 2F2 1D  2F  1F  2F 
  3s( 2)  3p( 4)  3d( 1)  4s( 1)  4f( 3)
 1S0 1D2 2D1 2S1 2F2 1D  2F  3F  2F 
  3s( 2)  3p( 4)  3d( 1)  4s( 1)  4f( 3)
 1S0 1D2 2D1 2S1 2F2 1D  2G  1G  2F 
  3s( 2)  3p( 4)  3d( 1)  4s( 1)  4f( 3)
 1S0 1D2 2D1 2S1 2F2 1D  2G  3G  2F 
  3s( 2)  3p( 4)  3d( 1)  4s( 1)  4f( 3)
 1S0 1D2 2D1 2S1 2G1 1D  2P  1P  2F 
  3s( 2)  3p( 4)  3d( 1)  4s( 1)  4f( 3)
 1S0 1D2 2D1 2S1 2G1 1D  2P  3P  2F 
  3s( 2)  3p( 4)  3d( 1)  4s( 1)  4f( 3)
 1S0 1D2 2D1 2S1 2G1 1D  2D  1D  2F 
  3s( 2)  3p( 4)  3d( 1)  4s( 1)  4f( 3)
 1S0 1D2 2D1 2S1 2G1 1D  2D  3D  2F 
  3s( 2)  3p( 4)  3d( 1)  4s( 1)  4f( 3)
 1S0 1D2 2D1 2S1 2G1 1D  2F  1F  2F 
  3s( 2)  3p( 4)  3d( 1)  4s( 1)  4f( 3)
 1S0 1D2 2D1 2S1 2G1 1D  2F  3F  2F 
  3s( 2)  3p( 4)  3d( 1)  4s( 1)  4f( 3)
 1S0 1D2 2D1 2S1 2G1 1D  2G  1G  2F 
  3s( 2)  3p( 4)  3d( 1)  4s( 1)  4f( 3)
 1S0 1D2 2D1 2S1 2G1 1D  2G  3G  2F 
  3s( 2)  3p( 4)  3d( 1)  4s( 1)  4f( 3)
 1S0 1D2 2D1 2S1 2G2 1D  2P  1P  2F 
  3s( 2)  3p( 4)  3d( 1)  4s( 1)  4f( 3)
 1S0 1D2 2D1 2S1 2G2 1D  2P  3P  2F 
  3s( 2)  3p( 4)  3d( 1)  4s( 1)  4f( 3)
 1S0 1D2 2D1 2S1 2G2 1D  2D  1D  2F 
  3s( 2)  3p( 4)  3d( 1)  4s( 1)  4f( 3)
 1S0 1D2 2D1 2S1 2G2 1D  2D  3D  2F 
  3s( 2)  3p( 4)  3d( 1)  4s( 1)  4f( 3)
 1S0 1D2 2D1 2S1 2G2 1D  2F  1F  2F 
  3s( 2)  3p( 4)  3d( 1)  4s( 1)  4f( 3)
 1S0 1D2 2D1 2S1 2G2 1D  2F  3F  2F 
  3s( 2)  3p( 4)  3d( 1)  4s( 1)  4f( 3)
 1S0 1D2 2D1 2S1 2G2 1D  2G  1G  2F 
  3s( 2)  3p( 4)  3d( 1)  4s( 1)  4f( 3)
 1S0 1D2 2D1 2S1 2G2 1D  2G  3G  2F 
  3s( 2)  3p( 4)  3d( 1)  4s( 1)  4f( 3)
 1S0 1D2 2D1 2S1 2H1 1D  2D  1D  2F 
  3s( 2)  3p( 4)  3d( 1)  4s( 1)  4f( 3)
 1S0 1D2 2D1 2S1 2H1 1D  2D  3D  2F 
  3s( 2)  3p( 4)  3d( 1)  4s( 1)  4f( 3)
 1S0 1D2 2D1 2S1 2H1 1D  2F  1F  2F 
  3s( 2)  3p( 4)  3d( 1)  4s( 1)  4f( 3)
 1S0 1D2 2D1 2S1 2H1 1D  2F  3F  2F 
  3s( 2)  3p( 4)  3d( 1)  4s( 1)  4f( 3)
 1S0 1D2 2D1 2S1 2H1 1D  2G  1G  2F 
  3s( 2)  3p( 4)  3d( 1)  4s( 1)  4f( 3)
 1S0 1D2 2D1 2S1 2H1 1D  2G  3G  2F 
  3s( 2)  3p( 4)  3d( 1)  4s( 1)  4f( 3)
 1S0 1D2 2D1 2S1 2H2 1D  2D  1D  2F 
  3s( 2)  3p( 4)  3d( 1)  4s( 1)  4f( 3)
 1S0 1D2 2D1 2S1 2H2 1D  2D  3D  2F 
  3s( 2)  3p( 4)  3d( 1)  4s( 1)  4f( 3)
 1S0 1D2 2D1 2S1 2H2 1D  2F  1F  2F 
  3s( 2)  3p( 4)  3d( 1)  4s( 1)  4f( 3)
 1S0 1D2 2D1 2S1 2H2 1D  2F  3F  2F 
  3s( 2)  3p( 4)  3d( 1)  4s( 1)  4f( 3)
 1S0 1D2 2D1 2S1 2H2 1D  2G  1G  2F 
  3s( 2)  3p( 4)  3d( 1)  4s( 1)  4f( 3)
 1S0 1D2 2D1 2S1 2H2 1D  2G  3G  2F 
  3s( 2)  3p( 4)  3d( 1)  4s( 1)  4f( 3)
 1S0 1D2 2D1 2S1 2I1 1D  2F  1F  2F 
  3s( 2)  3p( 4)  3d( 1)  4s( 1)  4f( 3)
 1S0 1D2 2D1 2S1 2I1 1D  2F  3F  2F 
  3s( 2)  3p( 4)  3d( 1)  4s( 1)  4f( 3)
 1S0 1D2 2D1 2S1 2I1 1D  2G  1G  2F 
  3s( 2)  3p( 4)  3d( 1)  4s( 1)  4f( 3)
 1S0 1D2 2D1 2S1 2I1 1D  2G  3G  2F 
  3s( 2)  3p( 4)  3d( 1)  4s( 1)  4f( 3)
 1S0 1D2 2D1 2S1 2K1 1D  2G  1G  2F 
  3s( 2)  3p( 4)  3d( 1)  4s( 1)  4f( 3)
 1S0 1D2 2D1 2S1 2K1 1D  2G  3G  2F 
  3s( 2)  3p( 4)  3d( 1)  4s( 1)  4f( 3)
 1S0 1D2 2D1 2S1 4S1 1D  2F  3F  2F 
  3s( 2)  3p( 4)  3d( 1)  4s( 1)  4f( 3)
 1S0 1D2 2D1 2S1 4D1 1D  2P  3P  2F 
  3s( 2)  3p( 4)  3d( 1)  4s( 1)  4f( 3)
 1S0 1D2 2D1 2S1 4D1 1D  2D  3D  2F 
  3s( 2)  3p( 4)  3d( 1)  4s( 1)  4f( 3)
 1S0 1D2 2D1 2S1 4D1 1D  2F  3F  2F 
  3s( 2)  3p( 4)  3d( 1)  4s( 1)  4f( 3)
 1S0 1D2 2D1 2S1 4D1 1D  2G  3G  2F 
  3s( 2)  3p( 4)  3d( 1)  4s( 1)  4f( 3)
 1S0 1D2 2D1 2S1 4F1 1D  2S  3S  2F 
  3s( 2)  3p( 4)  3d( 1)  4s( 1)  4f( 3)
 1S0 1D2 2D1 2S1 4F1 1D  2P  3P  2F 
  3s( 2)  3p( 4)  3d( 1)  4s( 1)  4f( 3)
 1S0 1D2 2D1 2S1 4F1 1D  2D  3D  2F 
  3s( 2)  3p( 4)  3d( 1)  4s( 1)  4f( 3)
 1S0 1D2 2D1 2S1 4F1 1D  2F  3F  2F 
  3s( 2)  3p( 4)  3d( 1)  4s( 1)  4f( 3)
 1S0 1D2 2D1 2S1 4F1 1D  2G  3G  2F 
  3s( 2)  3p( 4)  3d( 1)  4s( 1)  4f( 3)
 1S0 1D2 2D1 2S1 4G1 1D  2P  3P  2F 
  3s( 2)  3p( 4)  3d( 1)  4s( 1)  4f( 3)
 1S0 1D2 2D1 2S1 4G1 1D  2D  3D  2F 
  3s( 2)  3p( 4)  3d( 1)  4s( 1)  4f( 3)
 1S0 1D2 2D1 2S1 4G1 1D  2F  3F  2F 
  3s( 2)  3p( 4)  3d( 1)  4s( 1)  4f( 3)
 1S0 1D2 2D1 2S1 4G1 1D  2G  3G  2F 
  3s( 2)  3p( 4)  3d( 1)  4s( 1)  4f( 3)
 1S0 1D2 2D1 2S1 4I1 1D  2F  3F  2F 
  3s( 2)  3p( 4)  3d( 1)  4s( 1)  4f( 3)
 1S0 1D2 2D1 2S1 4I1 1D  2G  3G  2F 
  3s( 2)  3p( 4)  3d( 1)  4s( 1)  4f( 3)
 1S0 3P2 2D1 2S1 2P1 3P  2D  1D  2F 
  3s( 2)  3p( 4)  3d( 1)  4s( 1)  4f( 3)
 1S0 3P2 2D1 2S1 2P1 3P  2D  3D  2F 
  3s( 2)  3p( 4)  3d( 1)  4s( 1)  4f( 3)
 1S0 3P2 2D1 2S1 2P1 3P  2F  1F  2F 
  3s( 2)  3p( 4)  3d( 1)  4s( 1)  4f( 3)
 1S0 3P2 2D1 2S1 2P1 3P  2F  3F  2F 
  3s( 2)  3p( 4)  3d( 1)  4s( 1)  4f( 3)
 1S0 3P2 2D1 2S1 2P1 3P  4D  3D  2F 
  3s( 2)  3p( 4)  3d( 1)  4s( 1)  4f( 3)
 1S0 3P2 2D1 2S1 2P1 3P  4F  3F  2F 
  3s( 2)  3p( 4)  3d( 1)  4s( 1)  4f( 3)
 1S0 3P2 2D1 2S1 2D1 3P  2P  1P  2F 
  3s( 2)  3p( 4)  3d( 1)  4s( 1)  4f( 3)
 1S0 3P2 2D1 2S1 2D1 3P  2P  3P  2F 
  3s( 2)  3p( 4)  3d( 1)  4s( 1)  4f( 3)
 1S0 3P2 2D1 2S1 2D1 3P  2D  1D  2F 
  3s( 2)  3p( 4)  3d( 1)  4s( 1)  4f( 3)
 1S0 3P2 2D1 2S1 2D1 3P  2D  3D  2F 
  3s( 2)  3p( 4)  3d( 1)  4s( 1)  4f( 3)
 1S0 3P2 2D1 2S1 2D1 3P  2F  1F  2F 
  3s( 2)  3p( 4)  3d( 1)  4s( 1)  4f( 3)
 1S0 3P2 2D1 2S1 2D1 3P  2F  3F  2F 
  3s( 2)  3p( 4)  3d( 1)  4s( 1)  4f( 3)
 1S0 3P2 2D1 2S1 2D1 3P  4P  3P  2F 
  3s( 2)  3p( 4)  3d( 1)  4s( 1)  4f( 3)
 1S0 3P2 2D1 2S1 2D1 3P  4D  3D  2F 
  3s( 2)  3p( 4)  3d( 1)  4s( 1)  4f( 3)
 1S0 3P2 2D1 2S1 2D1 3P  4F  3F  2F 
  3s( 2)  3p( 4)  3d( 1)  4s( 1)  4f( 3)
 1S0 3P2 2D1 2S1 2D2 3P  2P  1P  2F 
  3s( 2)  3p( 4)  3d( 1)  4s( 1)  4f( 3)
 1S0 3P2 2D1 2S1 2D2 3P  2P  3P  2F 
  3s( 2)  3p( 4)  3d( 1)  4s( 1)  4f( 3)
 1S0 3P2 2D1 2S1 2D2 3P  2D  1D  2F 
  3s( 2)  3p( 4)  3d( 1)  4s( 1)  4f( 3)
 1S0 3P2 2D1 2S1 2D2 3P  2D  3D  2F 
  3s( 2)  3p( 4)  3d( 1)  4s( 1)  4f( 3)
 1S0 3P2 2D1 2S1 2D2 3P  2F  1F  2F 
  3s( 2)  3p( 4)  3d( 1)  4s( 1)  4f( 3)
 1S0 3P2 2D1 2S1 2D2 3P  2F  3F  2F 
  3s( 2)  3p( 4)  3d( 1)  4s( 1)  4f( 3)
 1S0 3P2 2D1 2S1 2D2 3P  4P  3P  2F 
  3s( 2)  3p( 4)  3d( 1)  4s( 1)  4f( 3)
 1S0 3P2 2D1 2S1 2D2 3P  4D  3D  2F 
  3s( 2)  3p( 4)  3d( 1)  4s( 1)  4f( 3)
 1S0 3P2 2D1 2S1 2D2 3P  4F  3F  2F 
  3s( 2)  3p( 4)  3d( 1)  4s( 1)  4f( 3)
 1S0 3P2 2D1 2S1 2F1 3P  2P  1P  2F 
  3s( 2)  3p( 4)  3d( 1)  4s( 1)  4f( 3)
 1S0 3P2 2D1 2S1 2F1 3P  2P  3P  2F 
  3s( 2)  3p( 4)  3d( 1)  4s( 1)  4f( 3)
 1S0 3P2 2D1 2S1 2F1 3P  2D  1D  2F 
  3s( 2)  3p( 4)  3d( 1)  4s( 1)  4f( 3)
 1S0 3P2 2D1 2S1 2F1 3P  2D  3D  2F 
  3s( 2)  3p( 4)  3d( 1)  4s( 1)  4f( 3)
 1S0 3P2 2D1 2S1 2F1 3P  2F  1F  2F 
  3s( 2)  3p( 4)  3d( 1)  4s( 1)  4f( 3)
 1S0 3P2 2D1 2S1 2F1 3P  2F  3F  2F 
  3s( 2)  3p( 4)  3d( 1)  4s( 1)  4f( 3)
 1S0 3P2 2D1 2S1 2F1 3P  4P  3P  2F 
  3s( 2)  3p( 4)  3d( 1)  4s( 1)  4f( 3)
 1S0 3P2 2D1 2S1 2F1 3P  4D  3D  2F 
  3s( 2)  3p( 4)  3d( 1)  4s( 1)  4f( 3)
 1S0 3P2 2D1 2S1 2F1 3P  4F  3F  2F 
  3s( 2)  3p( 4)  3d( 1)  4s( 1)  4f( 3)
 1S0 3P2 2D1 2S1 2F2 3P  2P  1P  2F 
  3s( 2)  3p( 4)  3d( 1)  4s( 1)  4f( 3)
 1S0 3P2 2D1 2S1 2F2 3P  2P  3P  2F 
  3s( 2)  3p( 4)  3d( 1)  4s( 1)  4f( 3)
 1S0 3P2 2D1 2S1 2F2 3P  2D  1D  2F 
  3s( 2)  3p( 4)  3d( 1)  4s( 1)  4f( 3)
 1S0 3P2 2D1 2S1 2F2 3P  2D  3D  2F 
  3s( 2)  3p( 4)  3d( 1)  4s( 1)  4f( 3)
 1S0 3P2 2D1 2S1 2F2 3P  2F  1F  2F 
  3s( 2)  3p( 4)  3d( 1)  4s( 1)  4f( 3)
 1S0 3P2 2D1 2S1 2F2 3P  2F  3F  2F 
  3s( 2)  3p( 4)  3d( 1)  4s( 1)  4f( 3)
 1S0 3P2 2D1 2S1 2F2 3P  4P  3P  2F 
  3s( 2)  3p( 4)  3d( 1)  4s( 1)  4f( 3)
 1S0 3P2 2D1 2S1 2F2 3P  4D  3D  2F 
  3s( 2)  3p( 4)  3d( 1)  4s( 1)  4f( 3)
 1S0 3P2 2D1 2S1 2F2 3P  4F  3F  2F 
  3s( 2)  3p( 4)  3d( 1)  4s( 1)  4f( 3)
 1S0 3P2 2D1 2S1 2G1 3P  2P  1P  2F 
  3s( 2)  3p( 4)  3d( 1)  4s( 1)  4f( 3)
 1S0 3P2 2D1 2S1 2G1 3P  2P  3P  2F 
  3s( 2)  3p( 4)  3d( 1)  4s( 1)  4f( 3)
 1S0 3P2 2D1 2S1 2G1 3P  2D  1D  2F 
  3s( 2)  3p( 4)  3d( 1)  4s( 1)  4f( 3)
 1S0 3P2 2D1 2S1 2G1 3P  2D  3D  2F 
  3s( 2)  3p( 4)  3d( 1)  4s( 1)  4f( 3)
 1S0 3P2 2D1 2S1 2G1 3P  2F  1F  2F 
  3s( 2)  3p( 4)  3d( 1)  4s( 1)  4f( 3)
 1S0 3P2 2D1 2S1 2G1 3P  2F  3F  2F 
  3s( 2)  3p( 4)  3d( 1)  4s( 1)  4f( 3)
 1S0 3P2 2D1 2S1 2G1 3P  4P  3P  2F 
  3s( 2)  3p( 4)  3d( 1)  4s( 1)  4f( 3)
 1S0 3P2 2D1 2S1 2G1 3P  4D  3D  2F 
  3s( 2)  3p( 4)  3d( 1)  4s( 1)  4f( 3)
 1S0 3P2 2D1 2S1 2G1 3P  4F  3F  2F 
  3s( 2)  3p( 4)  3d( 1)  4s( 1)  4f( 3)
 1S0 3P2 2D1 2S1 2G2 3P  2P  1P  2F 
  3s( 2)  3p( 4)  3d( 1)  4s( 1)  4f( 3)
 1S0 3P2 2D1 2S1 2G2 3P  2P  3P  2F 
  3s( 2)  3p( 4)  3d( 1)  4s( 1)  4f( 3)
 1S0 3P2 2D1 2S1 2G2 3P  2D  1D  2F 
  3s( 2)  3p( 4)  3d( 1)  4s( 1)  4f( 3)
 1S0 3P2 2D1 2S1 2G2 3P  2D  3D  2F 
  3s( 2)  3p( 4)  3d( 1)  4s( 1)  4f( 3)
 1S0 3P2 2D1 2S1 2G2 3P  2F  1F  2F 
  3s( 2)  3p( 4)  3d( 1)  4s( 1)  4f( 3)
 1S0 3P2 2D1 2S1 2G2 3P  2F  3F  2F 
  3s( 2)  3p( 4)  3d( 1)  4s( 1)  4f( 3)
 1S0 3P2 2D1 2S1 2G2 3P  4P  3P  2F 
  3s( 2)  3p( 4)  3d( 1)  4s( 1)  4f( 3)
 1S0 3P2 2D1 2S1 2G2 3P  4D  3D  2F 
  3s( 2)  3p( 4)  3d( 1)  4s( 1)  4f( 3)
 1S0 3P2 2D1 2S1 2G2 3P  4F  3F  2F 
  3s( 2)  3p( 4)  3d( 1)  4s( 1)  4f( 3)
 1S0 3P2 2D1 2S1 2H1 3P  2D  1D  2F 
  3s( 2)  3p( 4)  3d( 1)  4s( 1)  4f( 3)
 1S0 3P2 2D1 2S1 2H1 3P  2D  3D  2F 
  3s( 2)  3p( 4)  3d( 1)  4s( 1)  4f( 3)
 1S0 3P2 2D1 2S1 2H1 3P  2F  1F  2F 
  3s( 2)  3p( 4)  3d( 1)  4s( 1)  4f( 3)
 1S0 3P2 2D1 2S1 2H1 3P  2F  3F  2F 
  3s( 2)  3p( 4)  3d( 1)  4s( 1)  4f( 3)
 1S0 3P2 2D1 2S1 2H1 3P  4D  3D  2F 
  3s( 2)  3p( 4)  3d( 1)  4s( 1)  4f( 3)
 1S0 3P2 2D1 2S1 2H1 3P  4F  3F  2F 
  3s( 2)  3p( 4)  3d( 1)  4s( 1)  4f( 3)
 1S0 3P2 2D1 2S1 2H2 3P  2D  1D  2F 
  3s( 2)  3p( 4)  3d( 1)  4s( 1)  4f( 3)
 1S0 3P2 2D1 2S1 2H2 3P  2D  3D  2F 
  3s( 2)  3p( 4)  3d( 1)  4s( 1)  4f( 3)
 1S0 3P2 2D1 2S1 2H2 3P  2F  1F  2F 
  3s( 2)  3p( 4)  3d( 1)  4s( 1)  4f( 3)
 1S0 3P2 2D1 2S1 2H2 3P  2F  3F  2F 
  3s( 2)  3p( 4)  3d( 1)  4s( 1)  4f( 3)
 1S0 3P2 2D1 2S1 2H2 3P  4D  3D  2F 
  3s( 2)  3p( 4)  3d( 1)  4s( 1)  4f( 3)
 1S0 3P2 2D1 2S1 2H2 3P  4F  3F  2F 
  3s( 2)  3p( 4)  3d( 1)  4s( 1)  4f( 3)
 1S0 3P2 2D1 2S1 2I1 3P  2F  1F  2F 
  3s( 2)  3p( 4)  3d( 1)  4s( 1)  4f( 3)
 1S0 3P2 2D1 2S1 2I1 3P  2F  3F  2F 
  3s( 2)  3p( 4)  3d( 1)  4s( 1)  4f( 3)
 1S0 3P2 2D1 2S1 2I1 3P  4F  3F  2F 
  3s( 2)  3p( 4)  3d( 1)  4s( 1)  4f( 3)
 1S0 3P2 2D1 2S1 4S1 3P  2F  3F  2F 
  3s( 2)  3p( 4)  3d( 1)  4s( 1)  4f( 3)
 1S0 3P2 2D1 2S1 4S1 3P  4F  3F  2F 
  3s( 2)  3p( 4)  3d( 1)  4s( 1)  4f( 3)
 1S0 3P2 2D1 2S1 4S1 3P  4F  5F  2F 
  3s( 2)  3p( 4)  3d( 1)  4s( 1)  4f( 3)
 1S0 3P2 2D1 2S1 4D1 3P  2P  3P  2F 
  3s( 2)  3p( 4)  3d( 1)  4s( 1)  4f( 3)
 1S0 3P2 2D1 2S1 4D1 3P  2D  3D  2F 
  3s( 2)  3p( 4)  3d( 1)  4s( 1)  4f( 3)
 1S0 3P2 2D1 2S1 4D1 3P  2F  3F  2F 
  3s( 2)  3p( 4)  3d( 1)  4s( 1)  4f( 3)
 1S0 3P2 2D1 2S1 4D1 3P  4P  3P  2F 
  3s( 2)  3p( 4)  3d( 1)  4s( 1)  4f( 3)
 1S0 3P2 2D1 2S1 4D1 3P  4P  5P  2F 
  3s( 2)  3p( 4)  3d( 1)  4s( 1)  4f( 3)
 1S0 3P2 2D1 2S1 4D1 3P  4D  3D  2F 
  3s( 2)  3p( 4)  3d( 1)  4s( 1)  4f( 3)
 1S0 3P2 2D1 2S1 4D1 3P  4D  5D  2F 
  3s( 2)  3p( 4)  3d( 1)  4s( 1)  4f( 3)
 1S0 3P2 2D1 2S1 4D1 3P  4F  3F  2F 
  3s( 2)  3p( 4)  3d( 1)  4s( 1)  4f( 3)
 1S0 3P2 2D1 2S1 4D1 3P  4F  5F  2F 
  3s( 2)  3p( 4)  3d( 1)  4s( 1)  4f( 3)
 1S0 3P2 2D1 2S1 4F1 3P  2P  3P  2F 
  3s( 2)  3p( 4)  3d( 1)  4s( 1)  4f( 3)
 1S0 3P2 2D1 2S1 4F1 3P  2D  3D  2F 
  3s( 2)  3p( 4)  3d( 1)  4s( 1)  4f( 3)
 1S0 3P2 2D1 2S1 4F1 3P  2F  3F  2F 
  3s( 2)  3p( 4)  3d( 1)  4s( 1)  4f( 3)
 1S0 3P2 2D1 2S1 4F1 3P  4P  3P  2F 
  3s( 2)  3p( 4)  3d( 1)  4s( 1)  4f( 3)
 1S0 3P2 2D1 2S1 4F1 3P  4P  5P  2F 
  3s( 2)  3p( 4)  3d( 1)  4s( 1)  4f( 3)
 1S0 3P2 2D1 2S1 4F1 3P  4D  3D  2F 
  3s( 2)  3p( 4)  3d( 1)  4s( 1)  4f( 3)
 1S0 3P2 2D1 2S1 4F1 3P  4D  5D  2F 
  3s( 2)  3p( 4)  3d( 1)  4s( 1)  4f( 3)
 1S0 3P2 2D1 2S1 4F1 3P  4F  3F  2F 
  3s( 2)  3p( 4)  3d( 1)  4s( 1)  4f( 3)
 1S0 3P2 2D1 2S1 4F1 3P  4F  5F  2F 
  3s( 2)  3p( 4)  3d( 1)  4s( 1)  4f( 3)
 1S0 3P2 2D1 2S1 4G1 3P  2P  3P  2F 
  3s( 2)  3p( 4)  3d( 1)  4s( 1)  4f( 3)
 1S0 3P2 2D1 2S1 4G1 3P  2D  3D  2F 
  3s( 2)  3p( 4)  3d( 1)  4s( 1)  4f( 3)
 1S0 3P2 2D1 2S1 4G1 3P  2F  3F  2F 
  3s( 2)  3p( 4)  3d( 1)  4s( 1)  4f( 3)
 1S0 3P2 2D1 2S1 4G1 3P  4P  3P  2F 
  3s( 2)  3p( 4)  3d( 1)  4s( 1)  4f( 3)
 1S0 3P2 2D1 2S1 4G1 3P  4P  5P  2F 
  3s( 2)  3p( 4)  3d( 1)  4s( 1)  4f( 3)
 1S0 3P2 2D1 2S1 4G1 3P  4D  3D  2F 
  3s( 2)  3p( 4)  3d( 1)  4s( 1)  4f( 3)
 1S0 3P2 2D1 2S1 4G1 3P  4D  5D  2F 
  3s( 2)  3p( 4)  3d( 1)  4s( 1)  4f( 3)
 1S0 3P2 2D1 2S1 4G1 3P  4F  3F  2F 
  3s( 2)  3p( 4)  3d( 1)  4s( 1)  4f( 3)
 1S0 3P2 2D1 2S1 4G1 3P  4F  5F  2F 
  3s( 2)  3p( 4)  3d( 1)  4s( 1)  4f( 3)
 1S0 3P2 2D1 2S1 4I1 3P  2F  3F  2F 
  3s( 2)  3p( 4)  3d( 1)  4s( 1)  4f( 3)
 1S0 3P2 2D1 2S1 4I1 3P  4F  3F  2F 
  3s( 2)  3p( 4)  3d( 1)  4s( 1)  4f( 3)
 1S0 3P2 2D1 2S1 4I1 3P  4F  5F  2F 
  3s( 2)  3p( 4)  3d( 1)  4d( 1)  4f( 3)
 1S0 1S0 2D1 2D1 2P1 1S  2D  1D  2F 
  3s( 2)  3p( 4)  3d( 1)  4d( 1)  4f( 3)
 1S0 1S0 2D1 2D1 2P1 1S  2D  1F  2F 
  3s( 2)  3p( 4)  3d( 1)  4d( 1)  4f( 3)
 1S0 1S0 2D1 2D1 2P1 1S  2D  1G  2F 
  3s( 2)  3p( 4)  3d( 1)  4d( 1)  4f( 3)
 1S0 1S0 2D1 2D1 2P1 1S  2D  3D  2F 
  3s( 2)  3p( 4)  3d( 1)  4d( 1)  4f( 3)
 1S0 1S0 2D1 2D1 2P1 1S  2D  3F  2F 
  3s( 2)  3p( 4)  3d( 1)  4d( 1)  4f( 3)
 1S0 1S0 2D1 2D1 2P1 1S  2D  3G  2F 
  3s( 2)  3p( 4)  3d( 1)  4d( 1)  4f( 3)
 1S0 1S0 2D1 2D1 2D1 1S  2D  1P  2F 
  3s( 2)  3p( 4)  3d( 1)  4d( 1)  4f( 3)
 1S0 1S0 2D1 2D1 2D1 1S  2D  1D  2F 
  3s( 2)  3p( 4)  3d( 1)  4d( 1)  4f( 3)
 1S0 1S0 2D1 2D1 2D1 1S  2D  1F  2F 
  3s( 2)  3p( 4)  3d( 1)  4d( 1)  4f( 3)
 1S0 1S0 2D1 2D1 2D1 1S  2D  1G  2F 
  3s( 2)  3p( 4)  3d( 1)  4d( 1)  4f( 3)
 1S0 1S0 2D1 2D1 2D1 1S  2D  3P  2F 
  3s( 2)  3p( 4)  3d( 1)  4d( 1)  4f( 3)
 1S0 1S0 2D1 2D1 2D1 1S  2D  3D  2F 
  3s( 2)  3p( 4)  3d( 1)  4d( 1)  4f( 3)
 1S0 1S0 2D1 2D1 2D1 1S  2D  3F  2F 
  3s( 2)  3p( 4)  3d( 1)  4d( 1)  4f( 3)
 1S0 1S0 2D1 2D1 2D1 1S  2D  3G  2F 
  3s( 2)  3p( 4)  3d( 1)  4d( 1)  4f( 3)
 1S0 1S0 2D1 2D1 2D2 1S  2D  1P  2F 
  3s( 2)  3p( 4)  3d( 1)  4d( 1)  4f( 3)
 1S0 1S0 2D1 2D1 2D2 1S  2D  1D  2F 
  3s( 2)  3p( 4)  3d( 1)  4d( 1)  4f( 3)
 1S0 1S0 2D1 2D1 2D2 1S  2D  1F  2F 
  3s( 2)  3p( 4)  3d( 1)  4d( 1)  4f( 3)
 1S0 1S0 2D1 2D1 2D2 1S  2D  1G  2F 
  3s( 2)  3p( 4)  3d( 1)  4d( 1)  4f( 3)
 1S0 1S0 2D1 2D1 2D2 1S  2D  3P  2F 
  3s( 2)  3p( 4)  3d( 1)  4d( 1)  4f( 3)
 1S0 1S0 2D1 2D1 2D2 1S  2D  3D  2F 
  3s( 2)  3p( 4)  3d( 1)  4d( 1)  4f( 3)
 1S0 1S0 2D1 2D1 2D2 1S  2D  3F  2F 
  3s( 2)  3p( 4)  3d( 1)  4d( 1)  4f( 3)
 1S0 1S0 2D1 2D1 2D2 1S  2D  3G  2F 
  3s( 2)  3p( 4)  3d( 1)  4d( 1)  4f( 3)
 1S0 1S0 2D1 2D1 2F1 1S  2D  1S  2F 
  3s( 2)  3p( 4)  3d( 1)  4d( 1)  4f( 3)
 1S0 1S0 2D1 2D1 2F1 1S  2D  1P  2F 
  3s( 2)  3p( 4)  3d( 1)  4d( 1)  4f( 3)
 1S0 1S0 2D1 2D1 2F1 1S  2D  1D  2F 
  3s( 2)  3p( 4)  3d( 1)  4d( 1)  4f( 3)
 1S0 1S0 2D1 2D1 2F1 1S  2D  1F  2F 
  3s( 2)  3p( 4)  3d( 1)  4d( 1)  4f( 3)
 1S0 1S0 2D1 2D1 2F1 1S  2D  1G  2F 
  3s( 2)  3p( 4)  3d( 1)  4d( 1)  4f( 3)
 1S0 1S0 2D1 2D1 2F1 1S  2D  3S  2F 
  3s( 2)  3p( 4)  3d( 1)  4d( 1)  4f( 3)
 1S0 1S0 2D1 2D1 2F1 1S  2D  3P  2F 
  3s( 2)  3p( 4)  3d( 1)  4d( 1)  4f( 3)
 1S0 1S0 2D1 2D1 2F1 1S  2D  3D  2F 
  3s( 2)  3p( 4)  3d( 1)  4d( 1)  4f( 3)
 1S0 1S0 2D1 2D1 2F1 1S  2D  3F  2F 
  3s( 2)  3p( 4)  3d( 1)  4d( 1)  4f( 3)
 1S0 1S0 2D1 2D1 2F1 1S  2D  3G  2F 
  3s( 2)  3p( 4)  3d( 1)  4d( 1)  4f( 3)
 1S0 1S0 2D1 2D1 2F2 1S  2D  1S  2F 
  3s( 2)  3p( 4)  3d( 1)  4d( 1)  4f( 3)
 1S0 1S0 2D1 2D1 2F2 1S  2D  1P  2F 
  3s( 2)  3p( 4)  3d( 1)  4d( 1)  4f( 3)
 1S0 1S0 2D1 2D1 2F2 1S  2D  1D  2F 
  3s( 2)  3p( 4)  3d( 1)  4d( 1)  4f( 3)
 1S0 1S0 2D1 2D1 2F2 1S  2D  1F  2F 
  3s( 2)  3p( 4)  3d( 1)  4d( 1)  4f( 3)
 1S0 1S0 2D1 2D1 2F2 1S  2D  1G  2F 
  3s( 2)  3p( 4)  3d( 1)  4d( 1)  4f( 3)
 1S0 1S0 2D1 2D1 2F2 1S  2D  3S  2F 
  3s( 2)  3p( 4)  3d( 1)  4d( 1)  4f( 3)
 1S0 1S0 2D1 2D1 2F2 1S  2D  3P  2F 
  3s( 2)  3p( 4)  3d( 1)  4d( 1)  4f( 3)
 1S0 1S0 2D1 2D1 2F2 1S  2D  3D  2F 
  3s( 2)  3p( 4)  3d( 1)  4d( 1)  4f( 3)
 1S0 1S0 2D1 2D1 2F2 1S  2D  3F  2F 
  3s( 2)  3p( 4)  3d( 1)  4d( 1)  4f( 3)
 1S0 1S0 2D1 2D1 2F2 1S  2D  3G  2F 
  3s( 2)  3p( 4)  3d( 1)  4d( 1)  4f( 3)
 1S0 1S0 2D1 2D1 2G1 1S  2D  1P  2F 
  3s( 2)  3p( 4)  3d( 1)  4d( 1)  4f( 3)
 1S0 1S0 2D1 2D1 2G1 1S  2D  1D  2F 
  3s( 2)  3p( 4)  3d( 1)  4d( 1)  4f( 3)
 1S0 1S0 2D1 2D1 2G1 1S  2D  1F  2F 
  3s( 2)  3p( 4)  3d( 1)  4d( 1)  4f( 3)
 1S0 1S0 2D1 2D1 2G1 1S  2D  1G  2F 
  3s( 2)  3p( 4)  3d( 1)  4d( 1)  4f( 3)
 1S0 1S0 2D1 2D1 2G1 1S  2D  3P  2F 
  3s( 2)  3p( 4)  3d( 1)  4d( 1)  4f( 3)
 1S0 1S0 2D1 2D1 2G1 1S  2D  3D  2F 
  3s( 2)  3p( 4)  3d( 1)  4d( 1)  4f( 3)
 1S0 1S0 2D1 2D1 2G1 1S  2D  3F  2F 
  3s( 2)  3p( 4)  3d( 1)  4d( 1)  4f( 3)
 1S0 1S0 2D1 2D1 2G1 1S  2D  3G  2F 
  3s( 2)  3p( 4)  3d( 1)  4d( 1)  4f( 3)
 1S0 1S0 2D1 2D1 2G2 1S  2D  1P  2F 
  3s( 2)  3p( 4)  3d( 1)  4d( 1)  4f( 3)
 1S0 1S0 2D1 2D1 2G2 1S  2D  1D  2F 
  3s( 2)  3p( 4)  3d( 1)  4d( 1)  4f( 3)
 1S0 1S0 2D1 2D1 2G2 1S  2D  1F  2F 
  3s( 2)  3p( 4)  3d( 1)  4d( 1)  4f( 3)
 1S0 1S0 2D1 2D1 2G2 1S  2D  1G  2F 
  3s( 2)  3p( 4)  3d( 1)  4d( 1)  4f( 3)
 1S0 1S0 2D1 2D1 2G2 1S  2D  3P  2F 
  3s( 2)  3p( 4)  3d( 1)  4d( 1)  4f( 3)
 1S0 1S0 2D1 2D1 2G2 1S  2D  3D  2F 
  3s( 2)  3p( 4)  3d( 1)  4d( 1)  4f( 3)
 1S0 1S0 2D1 2D1 2G2 1S  2D  3F  2F 
  3s( 2)  3p( 4)  3d( 1)  4d( 1)  4f( 3)
 1S0 1S0 2D1 2D1 2G2 1S  2D  3G  2F 
  3s( 2)  3p( 4)  3d( 1)  4d( 1)  4f( 3)
 1S0 1S0 2D1 2D1 2H1 1S  2D  1D  2F 
  3s( 2)  3p( 4)  3d( 1)  4d( 1)  4f( 3)
 1S0 1S0 2D1 2D1 2H1 1S  2D  1F  2F 
  3s( 2)  3p( 4)  3d( 1)  4d( 1)  4f( 3)
 1S0 1S0 2D1 2D1 2H1 1S  2D  1G  2F 
  3s( 2)  3p( 4)  3d( 1)  4d( 1)  4f( 3)
 1S0 1S0 2D1 2D1 2H1 1S  2D  3D  2F 
  3s( 2)  3p( 4)  3d( 1)  4d( 1)  4f( 3)
 1S0 1S0 2D1 2D1 2H1 1S  2D  3F  2F 
  3s( 2)  3p( 4)  3d( 1)  4d( 1)  4f( 3)
 1S0 1S0 2D1 2D1 2H1 1S  2D  3G  2F 
  3s( 2)  3p( 4)  3d( 1)  4d( 1)  4f( 3)
 1S0 1S0 2D1 2D1 2H2 1S  2D  1D  2F 
  3s( 2)  3p( 4)  3d( 1)  4d( 1)  4f( 3)
 1S0 1S0 2D1 2D1 2H2 1S  2D  1F  2F 
  3s( 2)  3p( 4)  3d( 1)  4d( 1)  4f( 3)
 1S0 1S0 2D1 2D1 2H2 1S  2D  1G  2F 
  3s( 2)  3p( 4)  3d( 1)  4d( 1)  4f( 3)
 1S0 1S0 2D1 2D1 2H2 1S  2D  3D  2F 
  3s( 2)  3p( 4)  3d( 1)  4d( 1)  4f( 3)
 1S0 1S0 2D1 2D1 2H2 1S  2D  3F  2F 
  3s( 2)  3p( 4)  3d( 1)  4d( 1)  4f( 3)
 1S0 1S0 2D1 2D1 2H2 1S  2D  3G  2F 
  3s( 2)  3p( 4)  3d( 1)  4d( 1)  4f( 3)
 1S0 1S0 2D1 2D1 2I1 1S  2D  1F  2F 
  3s( 2)  3p( 4)  3d( 1)  4d( 1)  4f( 3)
 1S0 1S0 2D1 2D1 2I1 1S  2D  1G  2F 
  3s( 2)  3p( 4)  3d( 1)  4d( 1)  4f( 3)
 1S0 1S0 2D1 2D1 2I1 1S  2D  3F  2F 
  3s( 2)  3p( 4)  3d( 1)  4d( 1)  4f( 3)
 1S0 1S0 2D1 2D1 2I1 1S  2D  3G  2F 
  3s( 2)  3p( 4)  3d( 1)  4d( 1)  4f( 3)
 1S0 1S0 2D1 2D1 2K1 1S  2D  1G  2F 
  3s( 2)  3p( 4)  3d( 1)  4d( 1)  4f( 3)
 1S0 1S0 2D1 2D1 2K1 1S  2D  3G  2F 
  3s( 2)  3p( 4)  3d( 1)  4d( 1)  4f( 3)
 1S0 1S0 2D1 2D1 4S1 1S  2D  3F  2F 
  3s( 2)  3p( 4)  3d( 1)  4d( 1)  4f( 3)
 1S0 1S0 2D1 2D1 4D1 1S  2D  3P  2F 
  3s( 2)  3p( 4)  3d( 1)  4d( 1)  4f( 3)
 1S0 1S0 2D1 2D1 4D1 1S  2D  3D  2F 
  3s( 2)  3p( 4)  3d( 1)  4d( 1)  4f( 3)
 1S0 1S0 2D1 2D1 4D1 1S  2D  3F  2F 
  3s( 2)  3p( 4)  3d( 1)  4d( 1)  4f( 3)
 1S0 1S0 2D1 2D1 4D1 1S  2D  3G  2F 
  3s( 2)  3p( 4)  3d( 1)  4d( 1)  4f( 3)
 1S0 1S0 2D1 2D1 4F1 1S  2D  3S  2F 
  3s( 2)  3p( 4)  3d( 1)  4d( 1)  4f( 3)
 1S0 1S0 2D1 2D1 4F1 1S  2D  3P  2F 
  3s( 2)  3p( 4)  3d( 1)  4d( 1)  4f( 3)
 1S0 1S0 2D1 2D1 4F1 1S  2D  3D  2F 
  3s( 2)  3p( 4)  3d( 1)  4d( 1)  4f( 3)
 1S0 1S0 2D1 2D1 4F1 1S  2D  3F  2F 
  3s( 2)  3p( 4)  3d( 1)  4d( 1)  4f( 3)
 1S0 1S0 2D1 2D1 4F1 1S  2D  3G  2F 
  3s( 2)  3p( 4)  3d( 1)  4d( 1)  4f( 3)
 1S0 1S0 2D1 2D1 4G1 1S  2D  3P  2F 
  3s( 2)  3p( 4)  3d( 1)  4d( 1)  4f( 3)
 1S0 1S0 2D1 2D1 4G1 1S  2D  3D  2F 
  3s( 2)  3p( 4)  3d( 1)  4d( 1)  4f( 3)
 1S0 1S0 2D1 2D1 4G1 1S  2D  3F  2F 
  3s( 2)  3p( 4)  3d( 1)  4d( 1)  4f( 3)
 1S0 1S0 2D1 2D1 4G1 1S  2D  3G  2F 
  3s( 2)  3p( 4)  3d( 1)  4d( 1)  4f( 3)
 1S0 1S0 2D1 2D1 4I1 1S  2D  3F  2F 
  3s( 2)  3p( 4)  3d( 1)  4d( 1)  4f( 3)
 1S0 1S0 2D1 2D1 4I1 1S  2D  3G  2F 
  3s( 2)  3p( 4)  3d( 1)  4d( 1)  4f( 3)
 1S0 1D2 2D1 2D1 2P1 1D  2S  1D  2F 
  3s( 2)  3p( 4)  3d( 1)  4d( 1)  4f( 3)
 1S0 1D2 2D1 2D1 2P1 1D  2S  3D  2F 
  3s( 2)  3p( 4)  3d( 1)  4d( 1)  4f( 3)
 1S0 1D2 2D1 2D1 2P1 1D  2P  1D  2F 
  3s( 2)  3p( 4)  3d( 1)  4d( 1)  4f( 3)
 1S0 1D2 2D1 2D1 2P1 1D  2P  1F  2F 
  3s( 2)  3p( 4)  3d( 1)  4d( 1)  4f( 3)
 1S0 1D2 2D1 2D1 2P1 1D  2P  3D  2F 
  3s( 2)  3p( 4)  3d( 1)  4d( 1)  4f( 3)
 1S0 1D2 2D1 2D1 2P1 1D  2P  3F  2F 
  3s( 2)  3p( 4)  3d( 1)  4d( 1)  4f( 3)
 1S0 1D2 2D1 2D1 2P1 1D  2D  1D  2F 
  3s( 2)  3p( 4)  3d( 1)  4d( 1)  4f( 3)
 1S0 1D2 2D1 2D1 2P1 1D  2D  1F  2F 
  3s( 2)  3p( 4)  3d( 1)  4d( 1)  4f( 3)
 1S0 1D2 2D1 2D1 2P1 1D  2D  1G  2F 
  3s( 2)  3p( 4)  3d( 1)  4d( 1)  4f( 3)
 1S0 1D2 2D1 2D1 2P1 1D  2D  3D  2F 
  3s( 2)  3p( 4)  3d( 1)  4d( 1)  4f( 3)
 1S0 1D2 2D1 2D1 2P1 1D  2D  3F  2F 
  3s( 2)  3p( 4)  3d( 1)  4d( 1)  4f( 3)
 1S0 1D2 2D1 2D1 2P1 1D  2D  3G  2F 
  3s( 2)  3p( 4)  3d( 1)  4d( 1)  4f( 3)
 1S0 1D2 2D1 2D1 2P1 1D  2F  1D  2F 
  3s( 2)  3p( 4)  3d( 1)  4d( 1)  4f( 3)
 1S0 1D2 2D1 2D1 2P1 1D  2F  1F  2F 
  3s( 2)  3p( 4)  3d( 1)  4d( 1)  4f( 3)
 1S0 1D2 2D1 2D1 2P1 1D  2F  1G  2F 
  3s( 2)  3p( 4)  3d( 1)  4d( 1)  4f( 3)
 1S0 1D2 2D1 2D1 2P1 1D  2F  3D  2F 
  3s( 2)  3p( 4)  3d( 1)  4d( 1)  4f( 3)
 1S0 1D2 2D1 2D1 2P1 1D  2F  3F  2F 
  3s( 2)  3p( 4)  3d( 1)  4d( 1)  4f( 3)
 1S0 1D2 2D1 2D1 2P1 1D  2F  3G  2F 
  3s( 2)  3p( 4)  3d( 1)  4d( 1)  4f( 3)
 1S0 1D2 2D1 2D1 2P1 1D  2G  1D  2F 
  3s( 2)  3p( 4)  3d( 1)  4d( 1)  4f( 3)
 1S0 1D2 2D1 2D1 2P1 1D  2G  1F  2F 
  3s( 2)  3p( 4)  3d( 1)  4d( 1)  4f( 3)
 1S0 1D2 2D1 2D1 2P1 1D  2G  1G  2F 
  3s( 2)  3p( 4)  3d( 1)  4d( 1)  4f( 3)
 1S0 1D2 2D1 2D1 2P1 1D  2G  3D  2F 
  3s( 2)  3p( 4)  3d( 1)  4d( 1)  4f( 3)
 1S0 1D2 2D1 2D1 2P1 1D  2G  3F  2F 
  3s( 2)  3p( 4)  3d( 1)  4d( 1)  4f( 3)
 1S0 1D2 2D1 2D1 2P1 1D  2G  3G  2F 
  3s( 2)  3p( 4)  3d( 1)  4d( 1)  4f( 3)
 1S0 1D2 2D1 2D1 2D1 1D  2S  1D  2F 
  3s( 2)  3p( 4)  3d( 1)  4d( 1)  4f( 3)
 1S0 1D2 2D1 2D1 2D1 1D  2S  3D  2F 
  3s( 2)  3p( 4)  3d( 1)  4d( 1)  4f( 3)
 1S0 1D2 2D1 2D1 2D1 1D  2P  1P  2F 
  3s( 2)  3p( 4)  3d( 1)  4d( 1)  4f( 3)
 1S0 1D2 2D1 2D1 2D1 1D  2P  1D  2F 
  3s( 2)  3p( 4)  3d( 1)  4d( 1)  4f( 3)
 1S0 1D2 2D1 2D1 2D1 1D  2P  1F  2F 
  3s( 2)  3p( 4)  3d( 1)  4d( 1)  4f( 3)
 1S0 1D2 2D1 2D1 2D1 1D  2P  3P  2F 
  3s( 2)  3p( 4)  3d( 1)  4d( 1)  4f( 3)
 1S0 1D2 2D1 2D1 2D1 1D  2P  3D  2F 
  3s( 2)  3p( 4)  3d( 1)  4d( 1)  4f( 3)
 1S0 1D2 2D1 2D1 2D1 1D  2P  3F  2F 
  3s( 2)  3p( 4)  3d( 1)  4d( 1)  4f( 3)
 1S0 1D2 2D1 2D1 2D1 1D  2D  1P  2F 
  3s( 2)  3p( 4)  3d( 1)  4d( 1)  4f( 3)
 1S0 1D2 2D1 2D1 2D1 1D  2D  1D  2F 
  3s( 2)  3p( 4)  3d( 1)  4d( 1)  4f( 3)
 1S0 1D2 2D1 2D1 2D1 1D  2D  1F  2F 
  3s( 2)  3p( 4)  3d( 1)  4d( 1)  4f( 3)
 1S0 1D2 2D1 2D1 2D1 1D  2D  1G  2F 
  3s( 2)  3p( 4)  3d( 1)  4d( 1)  4f( 3)
 1S0 1D2 2D1 2D1 2D1 1D  2D  3P  2F 
  3s( 2)  3p( 4)  3d( 1)  4d( 1)  4f( 3)
 1S0 1D2 2D1 2D1 2D1 1D  2D  3D  2F 
  3s( 2)  3p( 4)  3d( 1)  4d( 1)  4f( 3)
 1S0 1D2 2D1 2D1 2D1 1D  2D  3F  2F 
  3s( 2)  3p( 4)  3d( 1)  4d( 1)  4f( 3)
 1S0 1D2 2D1 2D1 2D1 1D  2D  3G  2F 
  3s( 2)  3p( 4)  3d( 1)  4d( 1)  4f( 3)
 1S0 1D2 2D1 2D1 2D1 1D  2F  1P  2F 
  3s( 2)  3p( 4)  3d( 1)  4d( 1)  4f( 3)
 1S0 1D2 2D1 2D1 2D1 1D  2F  1D  2F 
  3s( 2)  3p( 4)  3d( 1)  4d( 1)  4f( 3)
 1S0 1D2 2D1 2D1 2D1 1D  2F  1F  2F 
  3s( 2)  3p( 4)  3d( 1)  4d( 1)  4f( 3)
 1S0 1D2 2D1 2D1 2D1 1D  2F  1G  2F 
  3s( 2)  3p( 4)  3d( 1)  4d( 1)  4f( 3)
 1S0 1D2 2D1 2D1 2D1 1D  2F  1H  2F 
  3s( 2)  3p( 4)  3d( 1)  4d( 1)  4f( 3)
 1S0 1D2 2D1 2D1 2D1 1D  2F  3P  2F 
  3s( 2)  3p( 4)  3d( 1)  4d( 1)  4f( 3)
 1S0 1D2 2D1 2D1 2D1 1D  2F  3D  2F 
  3s( 2)  3p( 4)  3d( 1)  4d( 1)  4f( 3)
 1S0 1D2 2D1 2D1 2D1 1D  2F  3F  2F 
  3s( 2)  3p( 4)  3d( 1)  4d( 1)  4f( 3)
 1S0 1D2 2D1 2D1 2D1 1D  2F  3G  2F 
  3s( 2)  3p( 4)  3d( 1)  4d( 1)  4f( 3)
 1S0 1D2 2D1 2D1 2D1 1D  2F  3H  2F 
  3s( 2)  3p( 4)  3d( 1)  4d( 1)  4f( 3)
 1S0 1D2 2D1 2D1 2D1 1D  2G  1D  2F 
  3s( 2)  3p( 4)  3d( 1)  4d( 1)  4f( 3)
 1S0 1D2 2D1 2D1 2D1 1D  2G  1F  2F 
  3s( 2)  3p( 4)  3d( 1)  4d( 1)  4f( 3)
 1S0 1D2 2D1 2D1 2D1 1D  2G  1G  2F 
  3s( 2)  3p( 4)  3d( 1)  4d( 1)  4f( 3)
 1S0 1D2 2D1 2D1 2D1 1D  2G  1H  2F 
  3s( 2)  3p( 4)  3d( 1)  4d( 1)  4f( 3)
 1S0 1D2 2D1 2D1 2D1 1D  2G  3D  2F 
  3s( 2)  3p( 4)  3d( 1)  4d( 1)  4f( 3)
 1S0 1D2 2D1 2D1 2D1 1D  2G  3F  2F 
  3s( 2)  3p( 4)  3d( 1)  4d( 1)  4f( 3)
 1S0 1D2 2D1 2D1 2D1 1D  2G  3G  2F 
  3s( 2)  3p( 4)  3d( 1)  4d( 1)  4f( 3)
 1S0 1D2 2D1 2D1 2D1 1D  2G  3H  2F 
  3s( 2)  3p( 4)  3d( 1)  4d( 1)  4f( 3)
 1S0 1D2 2D1 2D1 2D2 1D  2S  1D  2F 
  3s( 2)  3p( 4)  3d( 1)  4d( 1)  4f( 3)
 1S0 1D2 2D1 2D1 2D2 1D  2S  3D  2F 
  3s( 2)  3p( 4)  3d( 1)  4d( 1)  4f( 3)
 1S0 1D2 2D1 2D1 2D2 1D  2P  1P  2F 
  3s( 2)  3p( 4)  3d( 1)  4d( 1)  4f( 3)
 1S0 1D2 2D1 2D1 2D2 1D  2P  1D  2F 
  3s( 2)  3p( 4)  3d( 1)  4d( 1)  4f( 3)
 1S0 1D2 2D1 2D1 2D2 1D  2P  1F  2F 
  3s( 2)  3p( 4)  3d( 1)  4d( 1)  4f( 3)
 1S0 1D2 2D1 2D1 2D2 1D  2P  3P  2F 
  3s( 2)  3p( 4)  3d( 1)  4d( 1)  4f( 3)
 1S0 1D2 2D1 2D1 2D2 1D  2P  3D  2F 
  3s( 2)  3p( 4)  3d( 1)  4d( 1)  4f( 3)
 1S0 1D2 2D1 2D1 2D2 1D  2P  3F  2F 
  3s( 2)  3p( 4)  3d( 1)  4d( 1)  4f( 3)
 1S0 1D2 2D1 2D1 2D2 1D  2D  1P  2F 
  3s( 2)  3p( 4)  3d( 1)  4d( 1)  4f( 3)
 1S0 1D2 2D1 2D1 2D2 1D  2D  1D  2F 
  3s( 2)  3p( 4)  3d( 1)  4d( 1)  4f( 3)
 1S0 1D2 2D1 2D1 2D2 1D  2D  1F  2F 
  3s( 2)  3p( 4)  3d( 1)  4d( 1)  4f( 3)
 1S0 1D2 2D1 2D1 2D2 1D  2D  1G  2F 
  3s( 2)  3p( 4)  3d( 1)  4d( 1)  4f( 3)
 1S0 1D2 2D1 2D1 2D2 1D  2D  3P  2F 
  3s( 2)  3p( 4)  3d( 1)  4d( 1)  4f( 3)
 1S0 1D2 2D1 2D1 2D2 1D  2D  3D  2F 
  3s( 2)  3p( 4)  3d( 1)  4d( 1)  4f( 3)
 1S0 1D2 2D1 2D1 2D2 1D  2D  3F  2F 
  3s( 2)  3p( 4)  3d( 1)  4d( 1)  4f( 3)
 1S0 1D2 2D1 2D1 2D2 1D  2D  3G  2F 
  3s( 2)  3p( 4)  3d( 1)  4d( 1)  4f( 3)
 1S0 1D2 2D1 2D1 2D2 1D  2F  1P  2F 
  3s( 2)  3p( 4)  3d( 1)  4d( 1)  4f( 3)
 1S0 1D2 2D1 2D1 2D2 1D  2F  1D  2F 
  3s( 2)  3p( 4)  3d( 1)  4d( 1)  4f( 3)
 1S0 1D2 2D1 2D1 2D2 1D  2F  1F  2F 
  3s( 2)  3p( 4)  3d( 1)  4d( 1)  4f( 3)
 1S0 1D2 2D1 2D1 2D2 1D  2F  1G  2F 
  3s( 2)  3p( 4)  3d( 1)  4d( 1)  4f( 3)
 1S0 1D2 2D1 2D1 2D2 1D  2F  1H  2F 
  3s( 2)  3p( 4)  3d( 1)  4d( 1)  4f( 3)
 1S0 1D2 2D1 2D1 2D2 1D  2F  3P  2F 
  3s( 2)  3p( 4)  3d( 1)  4d( 1)  4f( 3)
 1S0 1D2 2D1 2D1 2D2 1D  2F  3D  2F 
  3s( 2)  3p( 4)  3d( 1)  4d( 1)  4f( 3)
 1S0 1D2 2D1 2D1 2D2 1D  2F  3F  2F 
  3s( 2)  3p( 4)  3d( 1)  4d( 1)  4f( 3)
 1S0 1D2 2D1 2D1 2D2 1D  2F  3G  2F 
  3s( 2)  3p( 4)  3d( 1)  4d( 1)  4f( 3)
 1S0 1D2 2D1 2D1 2D2 1D  2F  3H  2F 
  3s( 2)  3p( 4)  3d( 1)  4d( 1)  4f( 3)
 1S0 1D2 2D1 2D1 2D2 1D  2G  1D  2F 
  3s( 2)  3p( 4)  3d( 1)  4d( 1)  4f( 3)
 1S0 1D2 2D1 2D1 2D2 1D  2G  1F  2F 
  3s( 2)  3p( 4)  3d( 1)  4d( 1)  4f( 3)
 1S0 1D2 2D1 2D1 2D2 1D  2G  1G  2F 
  3s( 2)  3p( 4)  3d( 1)  4d( 1)  4f( 3)
 1S0 1D2 2D1 2D1 2D2 1D  2G  1H  2F 
  3s( 2)  3p( 4)  3d( 1)  4d( 1)  4f( 3)
 1S0 1D2 2D1 2D1 2D2 1D  2G  3D  2F 
  3s( 2)  3p( 4)  3d( 1)  4d( 1)  4f( 3)
 1S0 1D2 2D1 2D1 2D2 1D  2G  3F  2F 
  3s( 2)  3p( 4)  3d( 1)  4d( 1)  4f( 3)
 1S0 1D2 2D1 2D1 2D2 1D  2G  3G  2F 
  3s( 2)  3p( 4)  3d( 1)  4d( 1)  4f( 3)
 1S0 1D2 2D1 2D1 2D2 1D  2G  3H  2F 
  3s( 2)  3p( 4)  3d( 1)  4d( 1)  4f( 3)
 1S0 1D2 2D1 2D1 2F1 1D  2S  1D  2F 
  3s( 2)  3p( 4)  3d( 1)  4d( 1)  4f( 3)
 1S0 1D2 2D1 2D1 2F1 1D  2S  3D  2F 
  3s( 2)  3p( 4)  3d( 1)  4d( 1)  4f( 3)
 1S0 1D2 2D1 2D1 2F1 1D  2P  1P  2F 
  3s( 2)  3p( 4)  3d( 1)  4d( 1)  4f( 3)
 1S0 1D2 2D1 2D1 2F1 1D  2P  1D  2F 
  3s( 2)  3p( 4)  3d( 1)  4d( 1)  4f( 3)
 1S0 1D2 2D1 2D1 2F1 1D  2P  1F  2F 
  3s( 2)  3p( 4)  3d( 1)  4d( 1)  4f( 3)
 1S0 1D2 2D1 2D1 2F1 1D  2P  3P  2F 
  3s( 2)  3p( 4)  3d( 1)  4d( 1)  4f( 3)
 1S0 1D2 2D1 2D1 2F1 1D  2P  3D  2F 
  3s( 2)  3p( 4)  3d( 1)  4d( 1)  4f( 3)
 1S0 1D2 2D1 2D1 2F1 1D  2P  3F  2F 
  3s( 2)  3p( 4)  3d( 1)  4d( 1)  4f( 3)
 1S0 1D2 2D1 2D1 2F1 1D  2D  1S  2F 
  3s( 2)  3p( 4)  3d( 1)  4d( 1)  4f( 3)
 1S0 1D2 2D1 2D1 2F1 1D  2D  1P  2F 
  3s( 2)  3p( 4)  3d( 1)  4d( 1)  4f( 3)
 1S0 1D2 2D1 2D1 2F1 1D  2D  1D  2F 
  3s( 2)  3p( 4)  3d( 1)  4d( 1)  4f( 3)
 1S0 1D2 2D1 2D1 2F1 1D  2D  1F  2F 
  3s( 2)  3p( 4)  3d( 1)  4d( 1)  4f( 3)
 1S0 1D2 2D1 2D1 2F1 1D  2D  1G  2F 
  3s( 2)  3p( 4)  3d( 1)  4d( 1)  4f( 3)
 1S0 1D2 2D1 2D1 2F1 1D  2D  3S  2F 
  3s( 2)  3p( 4)  3d( 1)  4d( 1)  4f( 3)
 1S0 1D2 2D1 2D1 2F1 1D  2D  3P  2F 
  3s( 2)  3p( 4)  3d( 1)  4d( 1)  4f( 3)
 1S0 1D2 2D1 2D1 2F1 1D  2D  3D  2F 
  3s( 2)  3p( 4)  3d( 1)  4d( 1)  4f( 3)
 1S0 1D2 2D1 2D1 2F1 1D  2D  3F  2F 
  3s( 2)  3p( 4)  3d( 1)  4d( 1)  4f( 3)
 1S0 1D2 2D1 2D1 2F1 1D  2D  3G  2F 
  3s( 2)  3p( 4)  3d( 1)  4d( 1)  4f( 3)
 1S0 1D2 2D1 2D1 2F1 1D  2F  1P  2F 
  3s( 2)  3p( 4)  3d( 1)  4d( 1)  4f( 3)
 1S0 1D2 2D1 2D1 2F1 1D  2F  1D  2F 
  3s( 2)  3p( 4)  3d( 1)  4d( 1)  4f( 3)
 1S0 1D2 2D1 2D1 2F1 1D  2F  1F  2F 
  3s( 2)  3p( 4)  3d( 1)  4d( 1)  4f( 3)
 1S0 1D2 2D1 2D1 2F1 1D  2F  1G  2F 
  3s( 2)  3p( 4)  3d( 1)  4d( 1)  4f( 3)
 1S0 1D2 2D1 2D1 2F1 1D  2F  1H  2F 
  3s( 2)  3p( 4)  3d( 1)  4d( 1)  4f( 3)
 1S0 1D2 2D1 2D1 2F1 1D  2F  3P  2F 
  3s( 2)  3p( 4)  3d( 1)  4d( 1)  4f( 3)
 1S0 1D2 2D1 2D1 2F1 1D  2F  3D  2F 
  3s( 2)  3p( 4)  3d( 1)  4d( 1)  4f( 3)
 1S0 1D2 2D1 2D1 2F1 1D  2F  3F  2F 
  3s( 2)  3p( 4)  3d( 1)  4d( 1)  4f( 3)
 1S0 1D2 2D1 2D1 2F1 1D  2F  3G  2F 
  3s( 2)  3p( 4)  3d( 1)  4d( 1)  4f( 3)
 1S0 1D2 2D1 2D1 2F1 1D  2F  3H  2F 
  3s( 2)  3p( 4)  3d( 1)  4d( 1)  4f( 3)
 1S0 1D2 2D1 2D1 2F1 1D  2G  1D  2F 
  3s( 2)  3p( 4)  3d( 1)  4d( 1)  4f( 3)
 1S0 1D2 2D1 2D1 2F1 1D  2G  1F  2F 
  3s( 2)  3p( 4)  3d( 1)  4d( 1)  4f( 3)
 1S0 1D2 2D1 2D1 2F1 1D  2G  1G  2F 
  3s( 2)  3p( 4)  3d( 1)  4d( 1)  4f( 3)
 1S0 1D2 2D1 2D1 2F1 1D  2G  1H  2F 
  3s( 2)  3p( 4)  3d( 1)  4d( 1)  4f( 3)
 1S0 1D2 2D1 2D1 2F1 1D  2G  1I  2F 
  3s( 2)  3p( 4)  3d( 1)  4d( 1)  4f( 3)
 1S0 1D2 2D1 2D1 2F1 1D  2G  3D  2F 
  3s( 2)  3p( 4)  3d( 1)  4d( 1)  4f( 3)
 1S0 1D2 2D1 2D1 2F1 1D  2G  3F  2F 
  3s( 2)  3p( 4)  3d( 1)  4d( 1)  4f( 3)
 1S0 1D2 2D1 2D1 2F1 1D  2G  3G  2F 
  3s( 2)  3p( 4)  3d( 1)  4d( 1)  4f( 3)
 1S0 1D2 2D1 2D1 2F1 1D  2G  3H  2F 
  3s( 2)  3p( 4)  3d( 1)  4d( 1)  4f( 3)
 1S0 1D2 2D1 2D1 2F1 1D  2G  3I  2F 
  3s( 2)  3p( 4)  3d( 1)  4d( 1)  4f( 3)
 1S0 1D2 2D1 2D1 2F2 1D  2S  1D  2F 
  3s( 2)  3p( 4)  3d( 1)  4d( 1)  4f( 3)
 1S0 1D2 2D1 2D1 2F2 1D  2S  3D  2F 
  3s( 2)  3p( 4)  3d( 1)  4d( 1)  4f( 3)
 1S0 1D2 2D1 2D1 2F2 1D  2P  1P  2F 
  3s( 2)  3p( 4)  3d( 1)  4d( 1)  4f( 3)
 1S0 1D2 2D1 2D1 2F2 1D  2P  1D  2F 
  3s( 2)  3p( 4)  3d( 1)  4d( 1)  4f( 3)
 1S0 1D2 2D1 2D1 2F2 1D  2P  1F  2F 
  3s( 2)  3p( 4)  3d( 1)  4d( 1)  4f( 3)
 1S0 1D2 2D1 2D1 2F2 1D  2P  3P  2F 
  3s( 2)  3p( 4)  3d( 1)  4d( 1)  4f( 3)
 1S0 1D2 2D1 2D1 2F2 1D  2P  3D  2F 
  3s( 2)  3p( 4)  3d( 1)  4d( 1)  4f( 3)
 1S0 1D2 2D1 2D1 2F2 1D  2P  3F  2F 
  3s( 2)  3p( 4)  3d( 1)  4d( 1)  4f( 3)
 1S0 1D2 2D1 2D1 2F2 1D  2D  1S  2F 
  3s( 2)  3p( 4)  3d( 1)  4d( 1)  4f( 3)
 1S0 1D2 2D1 2D1 2F2 1D  2D  1P  2F 
  3s( 2)  3p( 4)  3d( 1)  4d( 1)  4f( 3)
 1S0 1D2 2D1 2D1 2F2 1D  2D  1D  2F 
  3s( 2)  3p( 4)  3d( 1)  4d( 1)  4f( 3)
 1S0 1D2 2D1 2D1 2F2 1D  2D  1F  2F 
  3s( 2)  3p( 4)  3d( 1)  4d( 1)  4f( 3)
 1S0 1D2 2D1 2D1 2F2 1D  2D  1G  2F 
  3s( 2)  3p( 4)  3d( 1)  4d( 1)  4f( 3)
 1S0 1D2 2D1 2D1 2F2 1D  2D  3S  2F 
  3s( 2)  3p( 4)  3d( 1)  4d( 1)  4f( 3)
 1S0 1D2 2D1 2D1 2F2 1D  2D  3P  2F 
  3s( 2)  3p( 4)  3d( 1)  4d( 1)  4f( 3)
 1S0 1D2 2D1 2D1 2F2 1D  2D  3D  2F 
  3s( 2)  3p( 4)  3d( 1)  4d( 1)  4f( 3)
 1S0 1D2 2D1 2D1 2F2 1D  2D  3F  2F 
  3s( 2)  3p( 4)  3d( 1)  4d( 1)  4f( 3)
 1S0 1D2 2D1 2D1 2F2 1D  2D  3G  2F 
  3s( 2)  3p( 4)  3d( 1)  4d( 1)  4f( 3)
 1S0 1D2 2D1 2D1 2F2 1D  2F  1P  2F 
  3s( 2)  3p( 4)  3d( 1)  4d( 1)  4f( 3)
 1S0 1D2 2D1 2D1 2F2 1D  2F  1D  2F 
  3s( 2)  3p( 4)  3d( 1)  4d( 1)  4f( 3)
 1S0 1D2 2D1 2D1 2F2 1D  2F  1F  2F 
  3s( 2)  3p( 4)  3d( 1)  4d( 1)  4f( 3)
 1S0 1D2 2D1 2D1 2F2 1D  2F  1G  2F 
  3s( 2)  3p( 4)  3d( 1)  4d( 1)  4f( 3)
 1S0 1D2 2D1 2D1 2F2 1D  2F  1H  2F 
  3s( 2)  3p( 4)  3d( 1)  4d( 1)  4f( 3)
 1S0 1D2 2D1 2D1 2F2 1D  2F  3P  2F 
  3s( 2)  3p( 4)  3d( 1)  4d( 1)  4f( 3)
 1S0 1D2 2D1 2D1 2F2 1D  2F  3D  2F 
  3s( 2)  3p( 4)  3d( 1)  4d( 1)  4f( 3)
 1S0 1D2 2D1 2D1 2F2 1D  2F  3F  2F 
  3s( 2)  3p( 4)  3d( 1)  4d( 1)  4f( 3)
 1S0 1D2 2D1 2D1 2F2 1D  2F  3G  2F 
  3s( 2)  3p( 4)  3d( 1)  4d( 1)  4f( 3)
 1S0 1D2 2D1 2D1 2F2 1D  2F  3H  2F 
  3s( 2)  3p( 4)  3d( 1)  4d( 1)  4f( 3)
 1S0 1D2 2D1 2D1 2F2 1D  2G  1D  2F 
  3s( 2)  3p( 4)  3d( 1)  4d( 1)  4f( 3)
 1S0 1D2 2D1 2D1 2F2 1D  2G  1F  2F 
  3s( 2)  3p( 4)  3d( 1)  4d( 1)  4f( 3)
 1S0 1D2 2D1 2D1 2F2 1D  2G  1G  2F 
  3s( 2)  3p( 4)  3d( 1)  4d( 1)  4f( 3)
 1S0 1D2 2D1 2D1 2F2 1D  2G  1H  2F 
  3s( 2)  3p( 4)  3d( 1)  4d( 1)  4f( 3)
 1S0 1D2 2D1 2D1 2F2 1D  2G  1I  2F 
  3s( 2)  3p( 4)  3d( 1)  4d( 1)  4f( 3)
 1S0 1D2 2D1 2D1 2F2 1D  2G  3D  2F 
  3s( 2)  3p( 4)  3d( 1)  4d( 1)  4f( 3)
 1S0 1D2 2D1 2D1 2F2 1D  2G  3F  2F 
  3s( 2)  3p( 4)  3d( 1)  4d( 1)  4f( 3)
 1S0 1D2 2D1 2D1 2F2 1D  2G  3G  2F 
  3s( 2)  3p( 4)  3d( 1)  4d( 1)  4f( 3)
 1S0 1D2 2D1 2D1 2F2 1D  2G  3H  2F 
  3s( 2)  3p( 4)  3d( 1)  4d( 1)  4f( 3)
 1S0 1D2 2D1 2D1 2F2 1D  2G  3I  2F 
  3s( 2)  3p( 4)  3d( 1)  4d( 1)  4f( 3)
 1S0 1D2 2D1 2D1 2G1 1D  2S  1D  2F 
  3s( 2)  3p( 4)  3d( 1)  4d( 1)  4f( 3)
 1S0 1D2 2D1 2D1 2G1 1D  2S  3D  2F 
  3s( 2)  3p( 4)  3d( 1)  4d( 1)  4f( 3)
 1S0 1D2 2D1 2D1 2G1 1D  2P  1P  2F 
  3s( 2)  3p( 4)  3d( 1)  4d( 1)  4f( 3)
 1S0 1D2 2D1 2D1 2G1 1D  2P  1D  2F 
  3s( 2)  3p( 4)  3d( 1)  4d( 1)  4f( 3)
 1S0 1D2 2D1 2D1 2G1 1D  2P  1F  2F 
  3s( 2)  3p( 4)  3d( 1)  4d( 1)  4f( 3)
 1S0 1D2 2D1 2D1 2G1 1D  2P  3P  2F 
  3s( 2)  3p( 4)  3d( 1)  4d( 1)  4f( 3)
 1S0 1D2 2D1 2D1 2G1 1D  2P  3D  2F 
  3s( 2)  3p( 4)  3d( 1)  4d( 1)  4f( 3)
 1S0 1D2 2D1 2D1 2G1 1D  2P  3F  2F 
  3s( 2)  3p( 4)  3d( 1)  4d( 1)  4f( 3)
 1S0 1D2 2D1 2D1 2G1 1D  2D  1P  2F 
  3s( 2)  3p( 4)  3d( 1)  4d( 1)  4f( 3)
 1S0 1D2 2D1 2D1 2G1 1D  2D  1D  2F 
  3s( 2)  3p( 4)  3d( 1)  4d( 1)  4f( 3)
 1S0 1D2 2D1 2D1 2G1 1D  2D  1F  2F 
  3s( 2)  3p( 4)  3d( 1)  4d( 1)  4f( 3)
 1S0 1D2 2D1 2D1 2G1 1D  2D  1G  2F 
  3s( 2)  3p( 4)  3d( 1)  4d( 1)  4f( 3)
 1S0 1D2 2D1 2D1 2G1 1D  2D  3P  2F 
  3s( 2)  3p( 4)  3d( 1)  4d( 1)  4f( 3)
 1S0 1D2 2D1 2D1 2G1 1D  2D  3D  2F 
  3s( 2)  3p( 4)  3d( 1)  4d( 1)  4f( 3)
 1S0 1D2 2D1 2D1 2G1 1D  2D  3F  2F 
  3s( 2)  3p( 4)  3d( 1)  4d( 1)  4f( 3)
 1S0 1D2 2D1 2D1 2G1 1D  2D  3G  2F 
  3s( 2)  3p( 4)  3d( 1)  4d( 1)  4f( 3)
 1S0 1D2 2D1 2D1 2G1 1D  2F  1P  2F 
  3s( 2)  3p( 4)  3d( 1)  4d( 1)  4f( 3)
 1S0 1D2 2D1 2D1 2G1 1D  2F  1D  2F 
  3s( 2)  3p( 4)  3d( 1)  4d( 1)  4f( 3)
 1S0 1D2 2D1 2D1 2G1 1D  2F  1F  2F 
  3s( 2)  3p( 4)  3d( 1)  4d( 1)  4f( 3)
 1S0 1D2 2D1 2D1 2G1 1D  2F  1G  2F 
  3s( 2)  3p( 4)  3d( 1)  4d( 1)  4f( 3)
 1S0 1D2 2D1 2D1 2G1 1D  2F  1H  2F 
  3s( 2)  3p( 4)  3d( 1)  4d( 1)  4f( 3)
 1S0 1D2 2D1 2D1 2G1 1D  2F  3P  2F 
  3s( 2)  3p( 4)  3d( 1)  4d( 1)  4f( 3)
 1S0 1D2 2D1 2D1 2G1 1D  2F  3D  2F 
  3s( 2)  3p( 4)  3d( 1)  4d( 1)  4f( 3)
 1S0 1D2 2D1 2D1 2G1 1D  2F  3F  2F 
  3s( 2)  3p( 4)  3d( 1)  4d( 1)  4f( 3)
 1S0 1D2 2D1 2D1 2G1 1D  2F  3G  2F 
  3s( 2)  3p( 4)  3d( 1)  4d( 1)  4f( 3)
 1S0 1D2 2D1 2D1 2G1 1D  2F  3H  2F 
  3s( 2)  3p( 4)  3d( 1)  4d( 1)  4f( 3)
 1S0 1D2 2D1 2D1 2G1 1D  2G  1D  2F 
  3s( 2)  3p( 4)  3d( 1)  4d( 1)  4f( 3)
 1S0 1D2 2D1 2D1 2G1 1D  2G  1F  2F 
  3s( 2)  3p( 4)  3d( 1)  4d( 1)  4f( 3)
 1S0 1D2 2D1 2D1 2G1 1D  2G  1G  2F 
  3s( 2)  3p( 4)  3d( 1)  4d( 1)  4f( 3)
 1S0 1D2 2D1 2D1 2G1 1D  2G  1H  2F 
  3s( 2)  3p( 4)  3d( 1)  4d( 1)  4f( 3)
 1S0 1D2 2D1 2D1 2G1 1D  2G  1I  2F 
  3s( 2)  3p( 4)  3d( 1)  4d( 1)  4f( 3)
 1S0 1D2 2D1 2D1 2G1 1D  2G  3D  2F 
  3s( 2)  3p( 4)  3d( 1)  4d( 1)  4f( 3)
 1S0 1D2 2D1 2D1 2G1 1D  2G  3F  2F 
  3s( 2)  3p( 4)  3d( 1)  4d( 1)  4f( 3)
 1S0 1D2 2D1 2D1 2G1 1D  2G  3G  2F 
  3s( 2)  3p( 4)  3d( 1)  4d( 1)  4f( 3)
 1S0 1D2 2D1 2D1 2G1 1D  2G  3H  2F 
  3s( 2)  3p( 4)  3d( 1)  4d( 1)  4f( 3)
 1S0 1D2 2D1 2D1 2G1 1D  2G  3I  2F 
  3s( 2)  3p( 4)  3d( 1)  4d( 1)  4f( 3)
 1S0 1D2 2D1 2D1 2G2 1D  2S  1D  2F 
  3s( 2)  3p( 4)  3d( 1)  4d( 1)  4f( 3)
 1S0 1D2 2D1 2D1 2G2 1D  2S  3D  2F 
  3s( 2)  3p( 4)  3d( 1)  4d( 1)  4f( 3)
 1S0 1D2 2D1 2D1 2G2 1D  2P  1P  2F 
  3s( 2)  3p( 4)  3d( 1)  4d( 1)  4f( 3)
 1S0 1D2 2D1 2D1 2G2 1D  2P  1D  2F 
  3s( 2)  3p( 4)  3d( 1)  4d( 1)  4f( 3)
 1S0 1D2 2D1 2D1 2G2 1D  2P  1F  2F 
  3s( 2)  3p( 4)  3d( 1)  4d( 1)  4f( 3)
 1S0 1D2 2D1 2D1 2G2 1D  2P  3P  2F 
  3s( 2)  3p( 4)  3d( 1)  4d( 1)  4f( 3)
 1S0 1D2 2D1 2D1 2G2 1D  2P  3D  2F 
  3s( 2)  3p( 4)  3d( 1)  4d( 1)  4f( 3)
 1S0 1D2 2D1 2D1 2G2 1D  2P  3F  2F 
  3s( 2)  3p( 4)  3d( 1)  4d( 1)  4f( 3)
 1S0 1D2 2D1 2D1 2G2 1D  2D  1P  2F 
  3s( 2)  3p( 4)  3d( 1)  4d( 1)  4f( 3)
 1S0 1D2 2D1 2D1 2G2 1D  2D  1D  2F 
  3s( 2)  3p( 4)  3d( 1)  4d( 1)  4f( 3)
 1S0 1D2 2D1 2D1 2G2 1D  2D  1F  2F 
  3s( 2)  3p( 4)  3d( 1)  4d( 1)  4f( 3)
 1S0 1D2 2D1 2D1 2G2 1D  2D  1G  2F 
  3s( 2)  3p( 4)  3d( 1)  4d( 1)  4f( 3)
 1S0 1D2 2D1 2D1 2G2 1D  2D  3P  2F 
  3s( 2)  3p( 4)  3d( 1)  4d( 1)  4f( 3)
 1S0 1D2 2D1 2D1 2G2 1D  2D  3D  2F 
  3s( 2)  3p( 4)  3d( 1)  4d( 1)  4f( 3)
 1S0 1D2 2D1 2D1 2G2 1D  2D  3F  2F 
  3s( 2)  3p( 4)  3d( 1)  4d( 1)  4f( 3)
 1S0 1D2 2D1 2D1 2G2 1D  2D  3G  2F 
  3s( 2)  3p( 4)  3d( 1)  4d( 1)  4f( 3)
 1S0 1D2 2D1 2D1 2G2 1D  2F  1P  2F 
  3s( 2)  3p( 4)  3d( 1)  4d( 1)  4f( 3)
 1S0 1D2 2D1 2D1 2G2 1D  2F  1D  2F 
  3s( 2)  3p( 4)  3d( 1)  4d( 1)  4f( 3)
 1S0 1D2 2D1 2D1 2G2 1D  2F  1F  2F 
  3s( 2)  3p( 4)  3d( 1)  4d( 1)  4f( 3)
 1S0 1D2 2D1 2D1 2G2 1D  2F  1G  2F 
  3s( 2)  3p( 4)  3d( 1)  4d( 1)  4f( 3)
 1S0 1D2 2D1 2D1 2G2 1D  2F  1H  2F 
  3s( 2)  3p( 4)  3d( 1)  4d( 1)  4f( 3)
 1S0 1D2 2D1 2D1 2G2 1D  2F  3P  2F 
  3s( 2)  3p( 4)  3d( 1)  4d( 1)  4f( 3)
 1S0 1D2 2D1 2D1 2G2 1D  2F  3D  2F 
  3s( 2)  3p( 4)  3d( 1)  4d( 1)  4f( 3)
 1S0 1D2 2D1 2D1 2G2 1D  2F  3F  2F 
  3s( 2)  3p( 4)  3d( 1)  4d( 1)  4f( 3)
 1S0 1D2 2D1 2D1 2G2 1D  2F  3G  2F 
  3s( 2)  3p( 4)  3d( 1)  4d( 1)  4f( 3)
 1S0 1D2 2D1 2D1 2G2 1D  2F  3H  2F 
  3s( 2)  3p( 4)  3d( 1)  4d( 1)  4f( 3)
 1S0 1D2 2D1 2D1 2G2 1D  2G  1D  2F 
  3s( 2)  3p( 4)  3d( 1)  4d( 1)  4f( 3)
 1S0 1D2 2D1 2D1 2G2 1D  2G  1F  2F 
  3s( 2)  3p( 4)  3d( 1)  4d( 1)  4f( 3)
 1S0 1D2 2D1 2D1 2G2 1D  2G  1G  2F 
  3s( 2)  3p( 4)  3d( 1)  4d( 1)  4f( 3)
 1S0 1D2 2D1 2D1 2G2 1D  2G  1H  2F 
  3s( 2)  3p( 4)  3d( 1)  4d( 1)  4f( 3)
 1S0 1D2 2D1 2D1 2G2 1D  2G  1I  2F 
  3s( 2)  3p( 4)  3d( 1)  4d( 1)  4f( 3)
 1S0 1D2 2D1 2D1 2G2 1D  2G  3D  2F 
  3s( 2)  3p( 4)  3d( 1)  4d( 1)  4f( 3)
 1S0 1D2 2D1 2D1 2G2 1D  2G  3F  2F 
  3s( 2)  3p( 4)  3d( 1)  4d( 1)  4f( 3)
 1S0 1D2 2D1 2D1 2G2 1D  2G  3G  2F 
  3s( 2)  3p( 4)  3d( 1)  4d( 1)  4f( 3)
 1S0 1D2 2D1 2D1 2G2 1D  2G  3H  2F 
  3s( 2)  3p( 4)  3d( 1)  4d( 1)  4f( 3)
 1S0 1D2 2D1 2D1 2G2 1D  2G  3I  2F 
  3s( 2)  3p( 4)  3d( 1)  4d( 1)  4f( 3)
 1S0 1D2 2D1 2D1 2H1 1D  2S  1D  2F 
  3s( 2)  3p( 4)  3d( 1)  4d( 1)  4f( 3)
 1S0 1D2 2D1 2D1 2H1 1D  2S  3D  2F 
  3s( 2)  3p( 4)  3d( 1)  4d( 1)  4f( 3)
 1S0 1D2 2D1 2D1 2H1 1D  2P  1D  2F 
  3s( 2)  3p( 4)  3d( 1)  4d( 1)  4f( 3)
 1S0 1D2 2D1 2D1 2H1 1D  2P  1F  2F 
  3s( 2)  3p( 4)  3d( 1)  4d( 1)  4f( 3)
 1S0 1D2 2D1 2D1 2H1 1D  2P  3D  2F 
  3s( 2)  3p( 4)  3d( 1)  4d( 1)  4f( 3)
 1S0 1D2 2D1 2D1 2H1 1D  2P  3F  2F 
  3s( 2)  3p( 4)  3d( 1)  4d( 1)  4f( 3)
 1S0 1D2 2D1 2D1 2H1 1D  2D  1D  2F 
  3s( 2)  3p( 4)  3d( 1)  4d( 1)  4f( 3)
 1S0 1D2 2D1 2D1 2H1 1D  2D  1F  2F 
  3s( 2)  3p( 4)  3d( 1)  4d( 1)  4f( 3)
 1S0 1D2 2D1 2D1 2H1 1D  2D  1G  2F 
  3s( 2)  3p( 4)  3d( 1)  4d( 1)  4f( 3)
 1S0 1D2 2D1 2D1 2H1 1D  2D  3D  2F 
  3s( 2)  3p( 4)  3d( 1)  4d( 1)  4f( 3)
 1S0 1D2 2D1 2D1 2H1 1D  2D  3F  2F 
  3s( 2)  3p( 4)  3d( 1)  4d( 1)  4f( 3)
 1S0 1D2 2D1 2D1 2H1 1D  2D  3G  2F 
  3s( 2)  3p( 4)  3d( 1)  4d( 1)  4f( 3)
 1S0 1D2 2D1 2D1 2H1 1D  2F  1D  2F 
  3s( 2)  3p( 4)  3d( 1)  4d( 1)  4f( 3)
 1S0 1D2 2D1 2D1 2H1 1D  2F  1F  2F 
  3s( 2)  3p( 4)  3d( 1)  4d( 1)  4f( 3)
 1S0 1D2 2D1 2D1 2H1 1D  2F  1G  2F 
  3s( 2)  3p( 4)  3d( 1)  4d( 1)  4f( 3)
 1S0 1D2 2D1 2D1 2H1 1D  2F  1H  2F 
  3s( 2)  3p( 4)  3d( 1)  4d( 1)  4f( 3)
 1S0 1D2 2D1 2D1 2H1 1D  2F  3D  2F 
  3s( 2)  3p( 4)  3d( 1)  4d( 1)  4f( 3)
 1S0 1D2 2D1 2D1 2H1 1D  2F  3F  2F 
  3s( 2)  3p( 4)  3d( 1)  4d( 1)  4f( 3)
 1S0 1D2 2D1 2D1 2H1 1D  2F  3G  2F 
  3s( 2)  3p( 4)  3d( 1)  4d( 1)  4f( 3)
 1S0 1D2 2D1 2D1 2H1 1D  2F  3H  2F 
  3s( 2)  3p( 4)  3d( 1)  4d( 1)  4f( 3)
 1S0 1D2 2D1 2D1 2H1 1D  2G  1D  2F 
  3s( 2)  3p( 4)  3d( 1)  4d( 1)  4f( 3)
 1S0 1D2 2D1 2D1 2H1 1D  2G  1F  2F 
  3s( 2)  3p( 4)  3d( 1)  4d( 1)  4f( 3)
 1S0 1D2 2D1 2D1 2H1 1D  2G  1G  2F 
  3s( 2)  3p( 4)  3d( 1)  4d( 1)  4f( 3)
 1S0 1D2 2D1 2D1 2H1 1D  2G  1H  2F 
  3s( 2)  3p( 4)  3d( 1)  4d( 1)  4f( 3)
 1S0 1D2 2D1 2D1 2H1 1D  2G  1I  2F 
  3s( 2)  3p( 4)  3d( 1)  4d( 1)  4f( 3)
 1S0 1D2 2D1 2D1 2H1 1D  2G  3D  2F 
  3s( 2)  3p( 4)  3d( 1)  4d( 1)  4f( 3)
 1S0 1D2 2D1 2D1 2H1 1D  2G  3F  2F 
  3s( 2)  3p( 4)  3d( 1)  4d( 1)  4f( 3)
 1S0 1D2 2D1 2D1 2H1 1D  2G  3G  2F 
  3s( 2)  3p( 4)  3d( 1)  4d( 1)  4f( 3)
 1S0 1D2 2D1 2D1 2H1 1D  2G  3H  2F 
  3s( 2)  3p( 4)  3d( 1)  4d( 1)  4f( 3)
 1S0 1D2 2D1 2D1 2H1 1D  2G  3I  2F 
  3s( 2)  3p( 4)  3d( 1)  4d( 1)  4f( 3)
 1S0 1D2 2D1 2D1 2H2 1D  2S  1D  2F 
  3s( 2)  3p( 4)  3d( 1)  4d( 1)  4f( 3)
 1S0 1D2 2D1 2D1 2H2 1D  2S  3D  2F 
  3s( 2)  3p( 4)  3d( 1)  4d( 1)  4f( 3)
 1S0 1D2 2D1 2D1 2H2 1D  2P  1D  2F 
  3s( 2)  3p( 4)  3d( 1)  4d( 1)  4f( 3)
 1S0 1D2 2D1 2D1 2H2 1D  2P  1F  2F 
  3s( 2)  3p( 4)  3d( 1)  4d( 1)  4f( 3)
 1S0 1D2 2D1 2D1 2H2 1D  2P  3D  2F 
  3s( 2)  3p( 4)  3d( 1)  4d( 1)  4f( 3)
 1S0 1D2 2D1 2D1 2H2 1D  2P  3F  2F 
  3s( 2)  3p( 4)  3d( 1)  4d( 1)  4f( 3)
 1S0 1D2 2D1 2D1 2H2 1D  2D  1D  2F 
  3s( 2)  3p( 4)  3d( 1)  4d( 1)  4f( 3)
 1S0 1D2 2D1 2D1 2H2 1D  2D  1F  2F 
  3s( 2)  3p( 4)  3d( 1)  4d( 1)  4f( 3)
 1S0 1D2 2D1 2D1 2H2 1D  2D  1G  2F 
  3s( 2)  3p( 4)  3d( 1)  4d( 1)  4f( 3)
 1S0 1D2 2D1 2D1 2H2 1D  2D  3D  2F 
  3s( 2)  3p( 4)  3d( 1)  4d( 1)  4f( 3)
 1S0 1D2 2D1 2D1 2H2 1D  2D  3F  2F 
  3s( 2)  3p( 4)  3d( 1)  4d( 1)  4f( 3)
 1S0 1D2 2D1 2D1 2H2 1D  2D  3G  2F 
  3s( 2)  3p( 4)  3d( 1)  4d( 1)  4f( 3)
 1S0 1D2 2D1 2D1 2H2 1D  2F  1D  2F 
  3s( 2)  3p( 4)  3d( 1)  4d( 1)  4f( 3)
 1S0 1D2 2D1 2D1 2H2 1D  2F  1F  2F 
  3s( 2)  3p( 4)  3d( 1)  4d( 1)  4f( 3)
 1S0 1D2 2D1 2D1 2H2 1D  2F  1G  2F 
  3s( 2)  3p( 4)  3d( 1)  4d( 1)  4f( 3)
 1S0 1D2 2D1 2D1 2H2 1D  2F  1H  2F 
  3s( 2)  3p( 4)  3d( 1)  4d( 1)  4f( 3)
 1S0 1D2 2D1 2D1 2H2 1D  2F  3D  2F 
  3s( 2)  3p( 4)  3d( 1)  4d( 1)  4f( 3)
 1S0 1D2 2D1 2D1 2H2 1D  2F  3F  2F 
  3s( 2)  3p( 4)  3d( 1)  4d( 1)  4f( 3)
 1S0 1D2 2D1 2D1 2H2 1D  2F  3G  2F 
  3s( 2)  3p( 4)  3d( 1)  4d( 1)  4f( 3)
 1S0 1D2 2D1 2D1 2H2 1D  2F  3H  2F 
  3s( 2)  3p( 4)  3d( 1)  4d( 1)  4f( 3)
 1S0 1D2 2D1 2D1 2H2 1D  2G  1D  2F 
  3s( 2)  3p( 4)  3d( 1)  4d( 1)  4f( 3)
 1S0 1D2 2D1 2D1 2H2 1D  2G  1F  2F 
  3s( 2)  3p( 4)  3d( 1)  4d( 1)  4f( 3)
 1S0 1D2 2D1 2D1 2H2 1D  2G  1G  2F 
  3s( 2)  3p( 4)  3d( 1)  4d( 1)  4f( 3)
 1S0 1D2 2D1 2D1 2H2 1D  2G  1H  2F 
  3s( 2)  3p( 4)  3d( 1)  4d( 1)  4f( 3)
 1S0 1D2 2D1 2D1 2H2 1D  2G  1I  2F 
  3s( 2)  3p( 4)  3d( 1)  4d( 1)  4f( 3)
 1S0 1D2 2D1 2D1 2H2 1D  2G  3D  2F 
  3s( 2)  3p( 4)  3d( 1)  4d( 1)  4f( 3)
 1S0 1D2 2D1 2D1 2H2 1D  2G  3F  2F 
  3s( 2)  3p( 4)  3d( 1)  4d( 1)  4f( 3)
 1S0 1D2 2D1 2D1 2H2 1D  2G  3G  2F 
  3s( 2)  3p( 4)  3d( 1)  4d( 1)  4f( 3)
 1S0 1D2 2D1 2D1 2H2 1D  2G  3H  2F 
  3s( 2)  3p( 4)  3d( 1)  4d( 1)  4f( 3)
 1S0 1D2 2D1 2D1 2H2 1D  2G  3I  2F 
  3s( 2)  3p( 4)  3d( 1)  4d( 1)  4f( 3)
 1S0 1D2 2D1 2D1 2I1 1D  2P  1F  2F 
  3s( 2)  3p( 4)  3d( 1)  4d( 1)  4f( 3)
 1S0 1D2 2D1 2D1 2I1 1D  2P  3F  2F 
  3s( 2)  3p( 4)  3d( 1)  4d( 1)  4f( 3)
 1S0 1D2 2D1 2D1 2I1 1D  2D  1F  2F 
  3s( 2)  3p( 4)  3d( 1)  4d( 1)  4f( 3)
 1S0 1D2 2D1 2D1 2I1 1D  2D  1G  2F 
  3s( 2)  3p( 4)  3d( 1)  4d( 1)  4f( 3)
 1S0 1D2 2D1 2D1 2I1 1D  2D  3F  2F 
  3s( 2)  3p( 4)  3d( 1)  4d( 1)  4f( 3)
 1S0 1D2 2D1 2D1 2I1 1D  2D  3G  2F 
  3s( 2)  3p( 4)  3d( 1)  4d( 1)  4f( 3)
 1S0 1D2 2D1 2D1 2I1 1D  2F  1F  2F 
  3s( 2)  3p( 4)  3d( 1)  4d( 1)  4f( 3)
 1S0 1D2 2D1 2D1 2I1 1D  2F  1G  2F 
  3s( 2)  3p( 4)  3d( 1)  4d( 1)  4f( 3)
 1S0 1D2 2D1 2D1 2I1 1D  2F  1H  2F 
  3s( 2)  3p( 4)  3d( 1)  4d( 1)  4f( 3)
 1S0 1D2 2D1 2D1 2I1 1D  2F  3F  2F 
  3s( 2)  3p( 4)  3d( 1)  4d( 1)  4f( 3)
 1S0 1D2 2D1 2D1 2I1 1D  2F  3G  2F 
  3s( 2)  3p( 4)  3d( 1)  4d( 1)  4f( 3)
 1S0 1D2 2D1 2D1 2I1 1D  2F  3H  2F 
  3s( 2)  3p( 4)  3d( 1)  4d( 1)  4f( 3)
 1S0 1D2 2D1 2D1 2I1 1D  2G  1F  2F 
  3s( 2)  3p( 4)  3d( 1)  4d( 1)  4f( 3)
 1S0 1D2 2D1 2D1 2I1 1D  2G  1G  2F 
  3s( 2)  3p( 4)  3d( 1)  4d( 1)  4f( 3)
 1S0 1D2 2D1 2D1 2I1 1D  2G  1H  2F 
  3s( 2)  3p( 4)  3d( 1)  4d( 1)  4f( 3)
 1S0 1D2 2D1 2D1 2I1 1D  2G  1I  2F 
  3s( 2)  3p( 4)  3d( 1)  4d( 1)  4f( 3)
 1S0 1D2 2D1 2D1 2I1 1D  2G  3F  2F 
  3s( 2)  3p( 4)  3d( 1)  4d( 1)  4f( 3)
 1S0 1D2 2D1 2D1 2I1 1D  2G  3G  2F 
  3s( 2)  3p( 4)  3d( 1)  4d( 1)  4f( 3)
 1S0 1D2 2D1 2D1 2I1 1D  2G  3H  2F 
  3s( 2)  3p( 4)  3d( 1)  4d( 1)  4f( 3)
 1S0 1D2 2D1 2D1 2I1 1D  2G  3I  2F 
  3s( 2)  3p( 4)  3d( 1)  4d( 1)  4f( 3)
 1S0 1D2 2D1 2D1 2K1 1D  2D  1G  2F 
  3s( 2)  3p( 4)  3d( 1)  4d( 1)  4f( 3)
 1S0 1D2 2D1 2D1 2K1 1D  2D  3G  2F 
  3s( 2)  3p( 4)  3d( 1)  4d( 1)  4f( 3)
 1S0 1D2 2D1 2D1 2K1 1D  2F  1G  2F 
  3s( 2)  3p( 4)  3d( 1)  4d( 1)  4f( 3)
 1S0 1D2 2D1 2D1 2K1 1D  2F  1H  2F 
  3s( 2)  3p( 4)  3d( 1)  4d( 1)  4f( 3)
 1S0 1D2 2D1 2D1 2K1 1D  2F  3G  2F 
  3s( 2)  3p( 4)  3d( 1)  4d( 1)  4f( 3)
 1S0 1D2 2D1 2D1 2K1 1D  2F  3H  2F 
  3s( 2)  3p( 4)  3d( 1)  4d( 1)  4f( 3)
 1S0 1D2 2D1 2D1 2K1 1D  2G  1G  2F 
  3s( 2)  3p( 4)  3d( 1)  4d( 1)  4f( 3)
 1S0 1D2 2D1 2D1 2K1 1D  2G  1H  2F 
  3s( 2)  3p( 4)  3d( 1)  4d( 1)  4f( 3)
 1S0 1D2 2D1 2D1 2K1 1D  2G  1I  2F 
  3s( 2)  3p( 4)  3d( 1)  4d( 1)  4f( 3)
 1S0 1D2 2D1 2D1 2K1 1D  2G  3G  2F 
  3s( 2)  3p( 4)  3d( 1)  4d( 1)  4f( 3)
 1S0 1D2 2D1 2D1 2K1 1D  2G  3H  2F 
  3s( 2)  3p( 4)  3d( 1)  4d( 1)  4f( 3)
 1S0 1D2 2D1 2D1 2K1 1D  2G  3I  2F 
  3s( 2)  3p( 4)  3d( 1)  4d( 1)  4f( 3)
 1S0 1D2 2D1 2D1 2L1 1D  2F  1H  2F 
  3s( 2)  3p( 4)  3d( 1)  4d( 1)  4f( 3)
 1S0 1D2 2D1 2D1 2L1 1D  2F  3H  2F 
  3s( 2)  3p( 4)  3d( 1)  4d( 1)  4f( 3)
 1S0 1D2 2D1 2D1 2L1 1D  2G  1H  2F 
  3s( 2)  3p( 4)  3d( 1)  4d( 1)  4f( 3)
 1S0 1D2 2D1 2D1 2L1 1D  2G  1I  2F 
  3s( 2)  3p( 4)  3d( 1)  4d( 1)  4f( 3)
 1S0 1D2 2D1 2D1 2L1 1D  2G  3H  2F 
  3s( 2)  3p( 4)  3d( 1)  4d( 1)  4f( 3)
 1S0 1D2 2D1 2D1 2L1 1D  2G  3I  2F 
  3s( 2)  3p( 4)  3d( 1)  4d( 1)  4f( 3)
 1S0 1D2 2D1 2D1 4S1 1D  2P  3F  2F 
  3s( 2)  3p( 4)  3d( 1)  4d( 1)  4f( 3)
 1S0 1D2 2D1 2D1 4S1 1D  2D  3F  2F 
  3s( 2)  3p( 4)  3d( 1)  4d( 1)  4f( 3)
 1S0 1D2 2D1 2D1 4S1 1D  2F  3F  2F 
  3s( 2)  3p( 4)  3d( 1)  4d( 1)  4f( 3)
 1S0 1D2 2D1 2D1 4S1 1D  2G  3F  2F 
  3s( 2)  3p( 4)  3d( 1)  4d( 1)  4f( 3)
 1S0 1D2 2D1 2D1 4D1 1D  2S  3D  2F 
  3s( 2)  3p( 4)  3d( 1)  4d( 1)  4f( 3)
 1S0 1D2 2D1 2D1 4D1 1D  2P  3P  2F 
  3s( 2)  3p( 4)  3d( 1)  4d( 1)  4f( 3)
 1S0 1D2 2D1 2D1 4D1 1D  2P  3D  2F 
  3s( 2)  3p( 4)  3d( 1)  4d( 1)  4f( 3)
 1S0 1D2 2D1 2D1 4D1 1D  2P  3F  2F 
  3s( 2)  3p( 4)  3d( 1)  4d( 1)  4f( 3)
 1S0 1D2 2D1 2D1 4D1 1D  2D  3P  2F 
  3s( 2)  3p( 4)  3d( 1)  4d( 1)  4f( 3)
 1S0 1D2 2D1 2D1 4D1 1D  2D  3D  2F 
  3s( 2)  3p( 4)  3d( 1)  4d( 1)  4f( 3)
 1S0 1D2 2D1 2D1 4D1 1D  2D  3F  2F 
  3s( 2)  3p( 4)  3d( 1)  4d( 1)  4f( 3)
 1S0 1D2 2D1 2D1 4D1 1D  2D  3G  2F 
  3s( 2)  3p( 4)  3d( 1)  4d( 1)  4f( 3)
 1S0 1D2 2D1 2D1 4D1 1D  2F  3P  2F 
  3s( 2)  3p( 4)  3d( 1)  4d( 1)  4f( 3)
 1S0 1D2 2D1 2D1 4D1 1D  2F  3D  2F 
  3s( 2)  3p( 4)  3d( 1)  4d( 1)  4f( 3)
 1S0 1D2 2D1 2D1 4D1 1D  2F  3F  2F 
  3s( 2)  3p( 4)  3d( 1)  4d( 1)  4f( 3)
 1S0 1D2 2D1 2D1 4D1 1D  2F  3G  2F 
  3s( 2)  3p( 4)  3d( 1)  4d( 1)  4f( 3)
 1S0 1D2 2D1 2D1 4D1 1D  2F  3H  2F 
  3s( 2)  3p( 4)  3d( 1)  4d( 1)  4f( 3)
 1S0 1D2 2D1 2D1 4D1 1D  2G  3D  2F 
  3s( 2)  3p( 4)  3d( 1)  4d( 1)  4f( 3)
 1S0 1D2 2D1 2D1 4D1 1D  2G  3F  2F 
  3s( 2)  3p( 4)  3d( 1)  4d( 1)  4f( 3)
 1S0 1D2 2D1 2D1 4D1 1D  2G  3G  2F 
  3s( 2)  3p( 4)  3d( 1)  4d( 1)  4f( 3)
 1S0 1D2 2D1 2D1 4D1 1D  2G  3H  2F 
  3s( 2)  3p( 4)  3d( 1)  4d( 1)  4f( 3)
 1S0 1D2 2D1 2D1 4F1 1D  2S  3D  2F 
  3s( 2)  3p( 4)  3d( 1)  4d( 1)  4f( 3)
 1S0 1D2 2D1 2D1 4F1 1D  2P  3P  2F 
  3s( 2)  3p( 4)  3d( 1)  4d( 1)  4f( 3)
 1S0 1D2 2D1 2D1 4F1 1D  2P  3D  2F 
  3s( 2)  3p( 4)  3d( 1)  4d( 1)  4f( 3)
 1S0 1D2 2D1 2D1 4F1 1D  2P  3F  2F 
  3s( 2)  3p( 4)  3d( 1)  4d( 1)  4f( 3)
 1S0 1D2 2D1 2D1 4F1 1D  2D  3S  2F 
  3s( 2)  3p( 4)  3d( 1)  4d( 1)  4f( 3)
 1S0 1D2 2D1 2D1 4F1 1D  2D  3P  2F 
  3s( 2)  3p( 4)  3d( 1)  4d( 1)  4f( 3)
 1S0 1D2 2D1 2D1 4F1 1D  2D  3D  2F 
  3s( 2)  3p( 4)  3d( 1)  4d( 1)  4f( 3)
 1S0 1D2 2D1 2D1 4F1 1D  2D  3F  2F 
  3s( 2)  3p( 4)  3d( 1)  4d( 1)  4f( 3)
 1S0 1D2 2D1 2D1 4F1 1D  2D  3G  2F 
  3s( 2)  3p( 4)  3d( 1)  4d( 1)  4f( 3)
 1S0 1D2 2D1 2D1 4F1 1D  2F  3P  2F 
  3s( 2)  3p( 4)  3d( 1)  4d( 1)  4f( 3)
 1S0 1D2 2D1 2D1 4F1 1D  2F  3D  2F 
  3s( 2)  3p( 4)  3d( 1)  4d( 1)  4f( 3)
 1S0 1D2 2D1 2D1 4F1 1D  2F  3F  2F 
  3s( 2)  3p( 4)  3d( 1)  4d( 1)  4f( 3)
 1S0 1D2 2D1 2D1 4F1 1D  2F  3G  2F 
  3s( 2)  3p( 4)  3d( 1)  4d( 1)  4f( 3)
 1S0 1D2 2D1 2D1 4F1 1D  2F  3H  2F 
  3s( 2)  3p( 4)  3d( 1)  4d( 1)  4f( 3)
 1S0 1D2 2D1 2D1 4F1 1D  2G  3D  2F 
  3s( 2)  3p( 4)  3d( 1)  4d( 1)  4f( 3)
 1S0 1D2 2D1 2D1 4F1 1D  2G  3F  2F 
  3s( 2)  3p( 4)  3d( 1)  4d( 1)  4f( 3)
 1S0 1D2 2D1 2D1 4F1 1D  2G  3G  2F 
  3s( 2)  3p( 4)  3d( 1)  4d( 1)  4f( 3)
 1S0 1D2 2D1 2D1 4F1 1D  2G  3H  2F 
  3s( 2)  3p( 4)  3d( 1)  4d( 1)  4f( 3)
 1S0 1D2 2D1 2D1 4F1 1D  2G  3I  2F 
  3s( 2)  3p( 4)  3d( 1)  4d( 1)  4f( 3)
 1S0 1D2 2D1 2D1 4G1 1D  2S  3D  2F 
  3s( 2)  3p( 4)  3d( 1)  4d( 1)  4f( 3)
 1S0 1D2 2D1 2D1 4G1 1D  2P  3P  2F 
  3s( 2)  3p( 4)  3d( 1)  4d( 1)  4f( 3)
 1S0 1D2 2D1 2D1 4G1 1D  2P  3D  2F 
  3s( 2)  3p( 4)  3d( 1)  4d( 1)  4f( 3)
 1S0 1D2 2D1 2D1 4G1 1D  2P  3F  2F 
  3s( 2)  3p( 4)  3d( 1)  4d( 1)  4f( 3)
 1S0 1D2 2D1 2D1 4G1 1D  2D  3P  2F 
  3s( 2)  3p( 4)  3d( 1)  4d( 1)  4f( 3)
 1S0 1D2 2D1 2D1 4G1 1D  2D  3D  2F 
  3s( 2)  3p( 4)  3d( 1)  4d( 1)  4f( 3)
 1S0 1D2 2D1 2D1 4G1 1D  2D  3F  2F 
  3s( 2)  3p( 4)  3d( 1)  4d( 1)  4f( 3)
 1S0 1D2 2D1 2D1 4G1 1D  2D  3G  2F 
  3s( 2)  3p( 4)  3d( 1)  4d( 1)  4f( 3)
 1S0 1D2 2D1 2D1 4G1 1D  2F  3P  2F 
  3s( 2)  3p( 4)  3d( 1)  4d( 1)  4f( 3)
 1S0 1D2 2D1 2D1 4G1 1D  2F  3D  2F 
  3s( 2)  3p( 4)  3d( 1)  4d( 1)  4f( 3)
 1S0 1D2 2D1 2D1 4G1 1D  2F  3F  2F 
  3s( 2)  3p( 4)  3d( 1)  4d( 1)  4f( 3)
 1S0 1D2 2D1 2D1 4G1 1D  2F  3G  2F 
  3s( 2)  3p( 4)  3d( 1)  4d( 1)  4f( 3)
 1S0 1D2 2D1 2D1 4G1 1D  2F  3H  2F 
  3s( 2)  3p( 4)  3d( 1)  4d( 1)  4f( 3)
 1S0 1D2 2D1 2D1 4G1 1D  2G  3D  2F 
  3s( 2)  3p( 4)  3d( 1)  4d( 1)  4f( 3)
 1S0 1D2 2D1 2D1 4G1 1D  2G  3F  2F 
  3s( 2)  3p( 4)  3d( 1)  4d( 1)  4f( 3)
 1S0 1D2 2D1 2D1 4G1 1D  2G  3G  2F 
  3s( 2)  3p( 4)  3d( 1)  4d( 1)  4f( 3)
 1S0 1D2 2D1 2D1 4G1 1D  2G  3H  2F 
  3s( 2)  3p( 4)  3d( 1)  4d( 1)  4f( 3)
 1S0 1D2 2D1 2D1 4G1 1D  2G  3I  2F 
  3s( 2)  3p( 4)  3d( 1)  4d( 1)  4f( 3)
 1S0 1D2 2D1 2D1 4I1 1D  2P  3F  2F 
  3s( 2)  3p( 4)  3d( 1)  4d( 1)  4f( 3)
 1S0 1D2 2D1 2D1 4I1 1D  2D  3F  2F 
  3s( 2)  3p( 4)  3d( 1)  4d( 1)  4f( 3)
 1S0 1D2 2D1 2D1 4I1 1D  2D  3G  2F 
  3s( 2)  3p( 4)  3d( 1)  4d( 1)  4f( 3)
 1S0 1D2 2D1 2D1 4I1 1D  2F  3F  2F 
  3s( 2)  3p( 4)  3d( 1)  4d( 1)  4f( 3)
 1S0 1D2 2D1 2D1 4I1 1D  2F  3G  2F 
  3s( 2)  3p( 4)  3d( 1)  4d( 1)  4f( 3)
 1S0 1D2 2D1 2D1 4I1 1D  2F  3H  2F 
  3s( 2)  3p( 4)  3d( 1)  4d( 1)  4f( 3)
 1S0 1D2 2D1 2D1 4I1 1D  2G  3F  2F 
  3s( 2)  3p( 4)  3d( 1)  4d( 1)  4f( 3)
 1S0 1D2 2D1 2D1 4I1 1D  2G  3G  2F 
  3s( 2)  3p( 4)  3d( 1)  4d( 1)  4f( 3)
 1S0 1D2 2D1 2D1 4I1 1D  2G  3H  2F 
  3s( 2)  3p( 4)  3d( 1)  4d( 1)  4f( 3)
 1S0 1D2 2D1 2D1 4I1 1D  2G  3I  2F 
  3s( 2)  3p( 4)  3d( 1)  4d( 1)  4f( 3)
 1S0 3P2 2D1 2D1 2P1 3P  2P  1D  2F 
  3s( 2)  3p( 4)  3d( 1)  4d( 1)  4f( 3)
 1S0 3P2 2D1 2D1 2P1 3P  2P  1F  2F 
  3s( 2)  3p( 4)  3d( 1)  4d( 1)  4f( 3)
 1S0 3P2 2D1 2D1 2P1 3P  2P  3D  2F 
  3s( 2)  3p( 4)  3d( 1)  4d( 1)  4f( 3)
 1S0 3P2 2D1 2D1 2P1 3P  2P  3F  2F 
  3s( 2)  3p( 4)  3d( 1)  4d( 1)  4f( 3)
 1S0 3P2 2D1 2D1 2P1 3P  2D  1D  2F 
  3s( 2)  3p( 4)  3d( 1)  4d( 1)  4f( 3)
 1S0 3P2 2D1 2D1 2P1 3P  2D  1F  2F 
  3s( 2)  3p( 4)  3d( 1)  4d( 1)  4f( 3)
 1S0 3P2 2D1 2D1 2P1 3P  2D  1G  2F 
  3s( 2)  3p( 4)  3d( 1)  4d( 1)  4f( 3)
 1S0 3P2 2D1 2D1 2P1 3P  2D  3D  2F 
  3s( 2)  3p( 4)  3d( 1)  4d( 1)  4f( 3)
 1S0 3P2 2D1 2D1 2P1 3P  2D  3F  2F 
  3s( 2)  3p( 4)  3d( 1)  4d( 1)  4f( 3)
 1S0 3P2 2D1 2D1 2P1 3P  2D  3G  2F 
  3s( 2)  3p( 4)  3d( 1)  4d( 1)  4f( 3)
 1S0 3P2 2D1 2D1 2P1 3P  2F  1D  2F 
  3s( 2)  3p( 4)  3d( 1)  4d( 1)  4f( 3)
 1S0 3P2 2D1 2D1 2P1 3P  2F  1F  2F 
  3s( 2)  3p( 4)  3d( 1)  4d( 1)  4f( 3)
 1S0 3P2 2D1 2D1 2P1 3P  2F  1G  2F 
  3s( 2)  3p( 4)  3d( 1)  4d( 1)  4f( 3)
 1S0 3P2 2D1 2D1 2P1 3P  2F  3D  2F 
  3s( 2)  3p( 4)  3d( 1)  4d( 1)  4f( 3)
 1S0 3P2 2D1 2D1 2P1 3P  2F  3F  2F 
  3s( 2)  3p( 4)  3d( 1)  4d( 1)  4f( 3)
 1S0 3P2 2D1 2D1 2P1 3P  2F  3G  2F 
  3s( 2)  3p( 4)  3d( 1)  4d( 1)  4f( 3)
 1S0 3P2 2D1 2D1 2P1 3P  4P  3D  2F 
  3s( 2)  3p( 4)  3d( 1)  4d( 1)  4f( 3)
 1S0 3P2 2D1 2D1 2P1 3P  4P  3F  2F 
  3s( 2)  3p( 4)  3d( 1)  4d( 1)  4f( 3)
 1S0 3P2 2D1 2D1 2P1 3P  4D  3D  2F 
  3s( 2)  3p( 4)  3d( 1)  4d( 1)  4f( 3)
 1S0 3P2 2D1 2D1 2P1 3P  4D  3F  2F 
  3s( 2)  3p( 4)  3d( 1)  4d( 1)  4f( 3)
 1S0 3P2 2D1 2D1 2P1 3P  4D  3G  2F 
  3s( 2)  3p( 4)  3d( 1)  4d( 1)  4f( 3)
 1S0 3P2 2D1 2D1 2P1 3P  4F  3D  2F 
  3s( 2)  3p( 4)  3d( 1)  4d( 1)  4f( 3)
 1S0 3P2 2D1 2D1 2P1 3P  4F  3F  2F 
  3s( 2)  3p( 4)  3d( 1)  4d( 1)  4f( 3)
 1S0 3P2 2D1 2D1 2P1 3P  4F  3G  2F 
  3s( 2)  3p( 4)  3d( 1)  4d( 1)  4f( 3)
 1S0 3P2 2D1 2D1 2D1 3P  2P  1P  2F 
  3s( 2)  3p( 4)  3d( 1)  4d( 1)  4f( 3)
 1S0 3P2 2D1 2D1 2D1 3P  2P  1D  2F 
  3s( 2)  3p( 4)  3d( 1)  4d( 1)  4f( 3)
 1S0 3P2 2D1 2D1 2D1 3P  2P  1F  2F 
  3s( 2)  3p( 4)  3d( 1)  4d( 1)  4f( 3)
 1S0 3P2 2D1 2D1 2D1 3P  2P  3P  2F 
  3s( 2)  3p( 4)  3d( 1)  4d( 1)  4f( 3)
 1S0 3P2 2D1 2D1 2D1 3P  2P  3D  2F 
  3s( 2)  3p( 4)  3d( 1)  4d( 1)  4f( 3)
 1S0 3P2 2D1 2D1 2D1 3P  2P  3F  2F 
  3s( 2)  3p( 4)  3d( 1)  4d( 1)  4f( 3)
 1S0 3P2 2D1 2D1 2D1 3P  2D  1P  2F 
  3s( 2)  3p( 4)  3d( 1)  4d( 1)  4f( 3)
 1S0 3P2 2D1 2D1 2D1 3P  2D  1D  2F 
  3s( 2)  3p( 4)  3d( 1)  4d( 1)  4f( 3)
 1S0 3P2 2D1 2D1 2D1 3P  2D  1F  2F 
  3s( 2)  3p( 4)  3d( 1)  4d( 1)  4f( 3)
 1S0 3P2 2D1 2D1 2D1 3P  2D  1G  2F 
  3s( 2)  3p( 4)  3d( 1)  4d( 1)  4f( 3)
 1S0 3P2 2D1 2D1 2D1 3P  2D  3P  2F 
  3s( 2)  3p( 4)  3d( 1)  4d( 1)  4f( 3)
 1S0 3P2 2D1 2D1 2D1 3P  2D  3D  2F 
  3s( 2)  3p( 4)  3d( 1)  4d( 1)  4f( 3)
 1S0 3P2 2D1 2D1 2D1 3P  2D  3F  2F 
  3s( 2)  3p( 4)  3d( 1)  4d( 1)  4f( 3)
 1S0 3P2 2D1 2D1 2D1 3P  2D  3G  2F 
  3s( 2)  3p( 4)  3d( 1)  4d( 1)  4f( 3)
 1S0 3P2 2D1 2D1 2D1 3P  2F  1P  2F 
  3s( 2)  3p( 4)  3d( 1)  4d( 1)  4f( 3)
 1S0 3P2 2D1 2D1 2D1 3P  2F  1D  2F 
  3s( 2)  3p( 4)  3d( 1)  4d( 1)  4f( 3)
 1S0 3P2 2D1 2D1 2D1 3P  2F  1F  2F 
  3s( 2)  3p( 4)  3d( 1)  4d( 1)  4f( 3)
 1S0 3P2 2D1 2D1 2D1 3P  2F  1G  2F 
  3s( 2)  3p( 4)  3d( 1)  4d( 1)  4f( 3)
 1S0 3P2 2D1 2D1 2D1 3P  2F  1H  2F 
  3s( 2)  3p( 4)  3d( 1)  4d( 1)  4f( 3)
 1S0 3P2 2D1 2D1 2D1 3P  2F  3P  2F 
  3s( 2)  3p( 4)  3d( 1)  4d( 1)  4f( 3)
 1S0 3P2 2D1 2D1 2D1 3P  2F  3D  2F 
  3s( 2)  3p( 4)  3d( 1)  4d( 1)  4f( 3)
 1S0 3P2 2D1 2D1 2D1 3P  2F  3F  2F 
  3s( 2)  3p( 4)  3d( 1)  4d( 1)  4f( 3)
 1S0 3P2 2D1 2D1 2D1 3P  2F  3G  2F 
  3s( 2)  3p( 4)  3d( 1)  4d( 1)  4f( 3)
 1S0 3P2 2D1 2D1 2D1 3P  2F  3H  2F 
  3s( 2)  3p( 4)  3d( 1)  4d( 1)  4f( 3)
 1S0 3P2 2D1 2D1 2D1 3P  4P  3P  2F 
  3s( 2)  3p( 4)  3d( 1)  4d( 1)  4f( 3)
 1S0 3P2 2D1 2D1 2D1 3P  4P  3D  2F 
  3s( 2)  3p( 4)  3d( 1)  4d( 1)  4f( 3)
 1S0 3P2 2D1 2D1 2D1 3P  4P  3F  2F 
  3s( 2)  3p( 4)  3d( 1)  4d( 1)  4f( 3)
 1S0 3P2 2D1 2D1 2D1 3P  4D  3P  2F 
  3s( 2)  3p( 4)  3d( 1)  4d( 1)  4f( 3)
 1S0 3P2 2D1 2D1 2D1 3P  4D  3D  2F 
  3s( 2)  3p( 4)  3d( 1)  4d( 1)  4f( 3)
 1S0 3P2 2D1 2D1 2D1 3P  4D  3F  2F 
  3s( 2)  3p( 4)  3d( 1)  4d( 1)  4f( 3)
 1S0 3P2 2D1 2D1 2D1 3P  4D  3G  2F 
  3s( 2)  3p( 4)  3d( 1)  4d( 1)  4f( 3)
 1S0 3P2 2D1 2D1 2D1 3P  4F  3P  2F 
  3s( 2)  3p( 4)  3d( 1)  4d( 1)  4f( 3)
 1S0 3P2 2D1 2D1 2D1 3P  4F  3D  2F 
  3s( 2)  3p( 4)  3d( 1)  4d( 1)  4f( 3)
 1S0 3P2 2D1 2D1 2D1 3P  4F  3F  2F 
  3s( 2)  3p( 4)  3d( 1)  4d( 1)  4f( 3)
 1S0 3P2 2D1 2D1 2D1 3P  4F  3G  2F 
  3s( 2)  3p( 4)  3d( 1)  4d( 1)  4f( 3)
 1S0 3P2 2D1 2D1 2D1 3P  4F  3H  2F 
  3s( 2)  3p( 4)  3d( 1)  4d( 1)  4f( 3)
 1S0 3P2 2D1 2D1 2D2 3P  2P  1P  2F 
  3s( 2)  3p( 4)  3d( 1)  4d( 1)  4f( 3)
 1S0 3P2 2D1 2D1 2D2 3P  2P  1D  2F 
  3s( 2)  3p( 4)  3d( 1)  4d( 1)  4f( 3)
 1S0 3P2 2D1 2D1 2D2 3P  2P  1F  2F 
  3s( 2)  3p( 4)  3d( 1)  4d( 1)  4f( 3)
 1S0 3P2 2D1 2D1 2D2 3P  2P  3P  2F 
  3s( 2)  3p( 4)  3d( 1)  4d( 1)  4f( 3)
 1S0 3P2 2D1 2D1 2D2 3P  2P  3D  2F 
  3s( 2)  3p( 4)  3d( 1)  4d( 1)  4f( 3)
 1S0 3P2 2D1 2D1 2D2 3P  2P  3F  2F 
  3s( 2)  3p( 4)  3d( 1)  4d( 1)  4f( 3)
 1S0 3P2 2D1 2D1 2D2 3P  2D  1P  2F 
  3s( 2)  3p( 4)  3d( 1)  4d( 1)  4f( 3)
 1S0 3P2 2D1 2D1 2D2 3P  2D  1D  2F 
  3s( 2)  3p( 4)  3d( 1)  4d( 1)  4f( 3)
 1S0 3P2 2D1 2D1 2D2 3P  2D  1F  2F 
  3s( 2)  3p( 4)  3d( 1)  4d( 1)  4f( 3)
 1S0 3P2 2D1 2D1 2D2 3P  2D  1G  2F 
  3s( 2)  3p( 4)  3d( 1)  4d( 1)  4f( 3)
 1S0 3P2 2D1 2D1 2D2 3P  2D  3P  2F 
  3s( 2)  3p( 4)  3d( 1)  4d( 1)  4f( 3)
 1S0 3P2 2D1 2D1 2D2 3P  2D  3D  2F 
  3s( 2)  3p( 4)  3d( 1)  4d( 1)  4f( 3)
 1S0 3P2 2D1 2D1 2D2 3P  2D  3F  2F 
  3s( 2)  3p( 4)  3d( 1)  4d( 1)  4f( 3)
 1S0 3P2 2D1 2D1 2D2 3P  2D  3G  2F 
  3s( 2)  3p( 4)  3d( 1)  4d( 1)  4f( 3)
 1S0 3P2 2D1 2D1 2D2 3P  2F  1P  2F 
  3s( 2)  3p( 4)  3d( 1)  4d( 1)  4f( 3)
 1S0 3P2 2D1 2D1 2D2 3P  2F  1D  2F 
  3s( 2)  3p( 4)  3d( 1)  4d( 1)  4f( 3)
 1S0 3P2 2D1 2D1 2D2 3P  2F  1F  2F 
  3s( 2)  3p( 4)  3d( 1)  4d( 1)  4f( 3)
 1S0 3P2 2D1 2D1 2D2 3P  2F  1G  2F 
  3s( 2)  3p( 4)  3d( 1)  4d( 1)  4f( 3)
 1S0 3P2 2D1 2D1 2D2 3P  2F  1H  2F 
  3s( 2)  3p( 4)  3d( 1)  4d( 1)  4f( 3)
 1S0 3P2 2D1 2D1 2D2 3P  2F  3P  2F 
  3s( 2)  3p( 4)  3d( 1)  4d( 1)  4f( 3)
 1S0 3P2 2D1 2D1 2D2 3P  2F  3D  2F 
  3s( 2)  3p( 4)  3d( 1)  4d( 1)  4f( 3)
 1S0 3P2 2D1 2D1 2D2 3P  2F  3F  2F 
  3s( 2)  3p( 4)  3d( 1)  4d( 1)  4f( 3)
 1S0 3P2 2D1 2D1 2D2 3P  2F  3G  2F 
  3s( 2)  3p( 4)  3d( 1)  4d( 1)  4f( 3)
 1S0 3P2 2D1 2D1 2D2 3P  2F  3H  2F 
  3s( 2)  3p( 4)  3d( 1)  4d( 1)  4f( 3)
 1S0 3P2 2D1 2D1 2D2 3P  4P  3P  2F 
  3s( 2)  3p( 4)  3d( 1)  4d( 1)  4f( 3)
 1S0 3P2 2D1 2D1 2D2 3P  4P  3D  2F 
  3s( 2)  3p( 4)  3d( 1)  4d( 1)  4f( 3)
 1S0 3P2 2D1 2D1 2D2 3P  4P  3F  2F 
  3s( 2)  3p( 4)  3d( 1)  4d( 1)  4f( 3)
 1S0 3P2 2D1 2D1 2D2 3P  4D  3P  2F 
  3s( 2)  3p( 4)  3d( 1)  4d( 1)  4f( 3)
 1S0 3P2 2D1 2D1 2D2 3P  4D  3D  2F 
  3s( 2)  3p( 4)  3d( 1)  4d( 1)  4f( 3)
 1S0 3P2 2D1 2D1 2D2 3P  4D  3F  2F 
  3s( 2)  3p( 4)  3d( 1)  4d( 1)  4f( 3)
 1S0 3P2 2D1 2D1 2D2 3P  4D  3G  2F 
  3s( 2)  3p( 4)  3d( 1)  4d( 1)  4f( 3)
 1S0 3P2 2D1 2D1 2D2 3P  4F  3P  2F 
  3s( 2)  3p( 4)  3d( 1)  4d( 1)  4f( 3)
 1S0 3P2 2D1 2D1 2D2 3P  4F  3D  2F 
  3s( 2)  3p( 4)  3d( 1)  4d( 1)  4f( 3)
 1S0 3P2 2D1 2D1 2D2 3P  4F  3F  2F 
  3s( 2)  3p( 4)  3d( 1)  4d( 1)  4f( 3)
 1S0 3P2 2D1 2D1 2D2 3P  4F  3G  2F 
  3s( 2)  3p( 4)  3d( 1)  4d( 1)  4f( 3)
 1S0 3P2 2D1 2D1 2D2 3P  4F  3H  2F 
  3s( 2)  3p( 4)  3d( 1)  4d( 1)  4f( 3)
 1S0 3P2 2D1 2D1 2F1 3P  2P  1P  2F 
  3s( 2)  3p( 4)  3d( 1)  4d( 1)  4f( 3)
 1S0 3P2 2D1 2D1 2F1 3P  2P  1D  2F 
  3s( 2)  3p( 4)  3d( 1)  4d( 1)  4f( 3)
 1S0 3P2 2D1 2D1 2F1 3P  2P  1F  2F 
  3s( 2)  3p( 4)  3d( 1)  4d( 1)  4f( 3)
 1S0 3P2 2D1 2D1 2F1 3P  2P  3P  2F 
  3s( 2)  3p( 4)  3d( 1)  4d( 1)  4f( 3)
 1S0 3P2 2D1 2D1 2F1 3P  2P  3D  2F 
  3s( 2)  3p( 4)  3d( 1)  4d( 1)  4f( 3)
 1S0 3P2 2D1 2D1 2F1 3P  2P  3F  2F 
  3s( 2)  3p( 4)  3d( 1)  4d( 1)  4f( 3)
 1S0 3P2 2D1 2D1 2F1 3P  2D  1S  2F 
  3s( 2)  3p( 4)  3d( 1)  4d( 1)  4f( 3)
 1S0 3P2 2D1 2D1 2F1 3P  2D  1P  2F 
  3s( 2)  3p( 4)  3d( 1)  4d( 1)  4f( 3)
 1S0 3P2 2D1 2D1 2F1 3P  2D  1D  2F 
  3s( 2)  3p( 4)  3d( 1)  4d( 1)  4f( 3)
 1S0 3P2 2D1 2D1 2F1 3P  2D  1F  2F 
  3s( 2)  3p( 4)  3d( 1)  4d( 1)  4f( 3)
 1S0 3P2 2D1 2D1 2F1 3P  2D  1G  2F 
  3s( 2)  3p( 4)  3d( 1)  4d( 1)  4f( 3)
 1S0 3P2 2D1 2D1 2F1 3P  2D  3S  2F 
  3s( 2)  3p( 4)  3d( 1)  4d( 1)  4f( 3)
 1S0 3P2 2D1 2D1 2F1 3P  2D  3P  2F 
  3s( 2)  3p( 4)  3d( 1)  4d( 1)  4f( 3)
 1S0 3P2 2D1 2D1 2F1 3P  2D  3D  2F 
  3s( 2)  3p( 4)  3d( 1)  4d( 1)  4f( 3)
 1S0 3P2 2D1 2D1 2F1 3P  2D  3F  2F 
  3s( 2)  3p( 4)  3d( 1)  4d( 1)  4f( 3)
 1S0 3P2 2D1 2D1 2F1 3P  2D  3G  2F 
  3s( 2)  3p( 4)  3d( 1)  4d( 1)  4f( 3)
 1S0 3P2 2D1 2D1 2F1 3P  2F  1P  2F 
  3s( 2)  3p( 4)  3d( 1)  4d( 1)  4f( 3)
 1S0 3P2 2D1 2D1 2F1 3P  2F  1D  2F 
  3s( 2)  3p( 4)  3d( 1)  4d( 1)  4f( 3)
 1S0 3P2 2D1 2D1 2F1 3P  2F  1F  2F 
  3s( 2)  3p( 4)  3d( 1)  4d( 1)  4f( 3)
 1S0 3P2 2D1 2D1 2F1 3P  2F  1G  2F 
  3s( 2)  3p( 4)  3d( 1)  4d( 1)  4f( 3)
 1S0 3P2 2D1 2D1 2F1 3P  2F  1H  2F 
  3s( 2)  3p( 4)  3d( 1)  4d( 1)  4f( 3)
 1S0 3P2 2D1 2D1 2F1 3P  2F  3P  2F 
  3s( 2)  3p( 4)  3d( 1)  4d( 1)  4f( 3)
 1S0 3P2 2D1 2D1 2F1 3P  2F  3D  2F 
  3s( 2)  3p( 4)  3d( 1)  4d( 1)  4f( 3)
 1S0 3P2 2D1 2D1 2F1 3P  2F  3F  2F 
  3s( 2)  3p( 4)  3d( 1)  4d( 1)  4f( 3)
 1S0 3P2 2D1 2D1 2F1 3P  2F  3G  2F 
  3s( 2)  3p( 4)  3d( 1)  4d( 1)  4f( 3)
 1S0 3P2 2D1 2D1 2F1 3P  2F  3H  2F 
  3s( 2)  3p( 4)  3d( 1)  4d( 1)  4f( 3)
 1S0 3P2 2D1 2D1 2F1 3P  4P  3P  2F 
  3s( 2)  3p( 4)  3d( 1)  4d( 1)  4f( 3)
 1S0 3P2 2D1 2D1 2F1 3P  4P  3D  2F 
  3s( 2)  3p( 4)  3d( 1)  4d( 1)  4f( 3)
 1S0 3P2 2D1 2D1 2F1 3P  4P  3F  2F 
  3s( 2)  3p( 4)  3d( 1)  4d( 1)  4f( 3)
 1S0 3P2 2D1 2D1 2F1 3P  4D  3S  2F 
  3s( 2)  3p( 4)  3d( 1)  4d( 1)  4f( 3)
 1S0 3P2 2D1 2D1 2F1 3P  4D  3P  2F 
  3s( 2)  3p( 4)  3d( 1)  4d( 1)  4f( 3)
 1S0 3P2 2D1 2D1 2F1 3P  4D  3D  2F 
  3s( 2)  3p( 4)  3d( 1)  4d( 1)  4f( 3)
 1S0 3P2 2D1 2D1 2F1 3P  4D  3F  2F 
  3s( 2)  3p( 4)  3d( 1)  4d( 1)  4f( 3)
 1S0 3P2 2D1 2D1 2F1 3P  4D  3G  2F 
  3s( 2)  3p( 4)  3d( 1)  4d( 1)  4f( 3)
 1S0 3P2 2D1 2D1 2F1 3P  4F  3P  2F 
  3s( 2)  3p( 4)  3d( 1)  4d( 1)  4f( 3)
 1S0 3P2 2D1 2D1 2F1 3P  4F  3D  2F 
  3s( 2)  3p( 4)  3d( 1)  4d( 1)  4f( 3)
 1S0 3P2 2D1 2D1 2F1 3P  4F  3F  2F 
  3s( 2)  3p( 4)  3d( 1)  4d( 1)  4f( 3)
 1S0 3P2 2D1 2D1 2F1 3P  4F  3G  2F 
  3s( 2)  3p( 4)  3d( 1)  4d( 1)  4f( 3)
 1S0 3P2 2D1 2D1 2F1 3P  4F  3H  2F 
  3s( 2)  3p( 4)  3d( 1)  4d( 1)  4f( 3)
 1S0 3P2 2D1 2D1 2F2 3P  2P  1P  2F 
  3s( 2)  3p( 4)  3d( 1)  4d( 1)  4f( 3)
 1S0 3P2 2D1 2D1 2F2 3P  2P  1D  2F 
  3s( 2)  3p( 4)  3d( 1)  4d( 1)  4f( 3)
 1S0 3P2 2D1 2D1 2F2 3P  2P  1F  2F 
  3s( 2)  3p( 4)  3d( 1)  4d( 1)  4f( 3)
 1S0 3P2 2D1 2D1 2F2 3P  2P  3P  2F 
  3s( 2)  3p( 4)  3d( 1)  4d( 1)  4f( 3)
 1S0 3P2 2D1 2D1 2F2 3P  2P  3D  2F 
  3s( 2)  3p( 4)  3d( 1)  4d( 1)  4f( 3)
 1S0 3P2 2D1 2D1 2F2 3P  2P  3F  2F 
  3s( 2)  3p( 4)  3d( 1)  4d( 1)  4f( 3)
 1S0 3P2 2D1 2D1 2F2 3P  2D  1S  2F 
  3s( 2)  3p( 4)  3d( 1)  4d( 1)  4f( 3)
 1S0 3P2 2D1 2D1 2F2 3P  2D  1P  2F 
  3s( 2)  3p( 4)  3d( 1)  4d( 1)  4f( 3)
 1S0 3P2 2D1 2D1 2F2 3P  2D  1D  2F 
  3s( 2)  3p( 4)  3d( 1)  4d( 1)  4f( 3)
 1S0 3P2 2D1 2D1 2F2 3P  2D  1F  2F 
  3s( 2)  3p( 4)  3d( 1)  4d( 1)  4f( 3)
 1S0 3P2 2D1 2D1 2F2 3P  2D  1G  2F 
  3s( 2)  3p( 4)  3d( 1)  4d( 1)  4f( 3)
 1S0 3P2 2D1 2D1 2F2 3P  2D  3S  2F 
  3s( 2)  3p( 4)  3d( 1)  4d( 1)  4f( 3)
 1S0 3P2 2D1 2D1 2F2 3P  2D  3P  2F 
  3s( 2)  3p( 4)  3d( 1)  4d( 1)  4f( 3)
 1S0 3P2 2D1 2D1 2F2 3P  2D  3D  2F 
  3s( 2)  3p( 4)  3d( 1)  4d( 1)  4f( 3)
 1S0 3P2 2D1 2D1 2F2 3P  2D  3F  2F 
  3s( 2)  3p( 4)  3d( 1)  4d( 1)  4f( 3)
 1S0 3P2 2D1 2D1 2F2 3P  2D  3G  2F 
  3s( 2)  3p( 4)  3d( 1)  4d( 1)  4f( 3)
 1S0 3P2 2D1 2D1 2F2 3P  2F  1P  2F 
  3s( 2)  3p( 4)  3d( 1)  4d( 1)  4f( 3)
 1S0 3P2 2D1 2D1 2F2 3P  2F  1D  2F 
  3s( 2)  3p( 4)  3d( 1)  4d( 1)  4f( 3)
 1S0 3P2 2D1 2D1 2F2 3P  2F  1F  2F 
  3s( 2)  3p( 4)  3d( 1)  4d( 1)  4f( 3)
 1S0 3P2 2D1 2D1 2F2 3P  2F  1G  2F 
  3s( 2)  3p( 4)  3d( 1)  4d( 1)  4f( 3)
 1S0 3P2 2D1 2D1 2F2 3P  2F  1H  2F 
  3s( 2)  3p( 4)  3d( 1)  4d( 1)  4f( 3)
 1S0 3P2 2D1 2D1 2F2 3P  2F  3P  2F 
  3s( 2)  3p( 4)  3d( 1)  4d( 1)  4f( 3)
 1S0 3P2 2D1 2D1 2F2 3P  2F  3D  2F 
  3s( 2)  3p( 4)  3d( 1)  4d( 1)  4f( 3)
 1S0 3P2 2D1 2D1 2F2 3P  2F  3F  2F 
  3s( 2)  3p( 4)  3d( 1)  4d( 1)  4f( 3)
 1S0 3P2 2D1 2D1 2F2 3P  2F  3G  2F 
  3s( 2)  3p( 4)  3d( 1)  4d( 1)  4f( 3)
 1S0 3P2 2D1 2D1 2F2 3P  2F  3H  2F 
  3s( 2)  3p( 4)  3d( 1)  4d( 1)  4f( 3)
 1S0 3P2 2D1 2D1 2F2 3P  4P  3P  2F 
  3s( 2)  3p( 4)  3d( 1)  4d( 1)  4f( 3)
 1S0 3P2 2D1 2D1 2F2 3P  4P  3D  2F 
  3s( 2)  3p( 4)  3d( 1)  4d( 1)  4f( 3)
 1S0 3P2 2D1 2D1 2F2 3P  4P  3F  2F 
  3s( 2)  3p( 4)  3d( 1)  4d( 1)  4f( 3)
 1S0 3P2 2D1 2D1 2F2 3P  4D  3S  2F 
  3s( 2)  3p( 4)  3d( 1)  4d( 1)  4f( 3)
 1S0 3P2 2D1 2D1 2F2 3P  4D  3P  2F 
  3s( 2)  3p( 4)  3d( 1)  4d( 1)  4f( 3)
 1S0 3P2 2D1 2D1 2F2 3P  4D  3D  2F 
  3s( 2)  3p( 4)  3d( 1)  4d( 1)  4f( 3)
 1S0 3P2 2D1 2D1 2F2 3P  4D  3F  2F 
  3s( 2)  3p( 4)  3d( 1)  4d( 1)  4f( 3)
 1S0 3P2 2D1 2D1 2F2 3P  4D  3G  2F 
  3s( 2)  3p( 4)  3d( 1)  4d( 1)  4f( 3)
 1S0 3P2 2D1 2D1 2F2 3P  4F  3P  2F 
  3s( 2)  3p( 4)  3d( 1)  4d( 1)  4f( 3)
 1S0 3P2 2D1 2D1 2F2 3P  4F  3D  2F 
  3s( 2)  3p( 4)  3d( 1)  4d( 1)  4f( 3)
 1S0 3P2 2D1 2D1 2F2 3P  4F  3F  2F 
  3s( 2)  3p( 4)  3d( 1)  4d( 1)  4f( 3)
 1S0 3P2 2D1 2D1 2F2 3P  4F  3G  2F 
  3s( 2)  3p( 4)  3d( 1)  4d( 1)  4f( 3)
 1S0 3P2 2D1 2D1 2F2 3P  4F  3H  2F 
  3s( 2)  3p( 4)  3d( 1)  4d( 1)  4f( 3)
 1S0 3P2 2D1 2D1 2G1 3P  2P  1P  2F 
  3s( 2)  3p( 4)  3d( 1)  4d( 1)  4f( 3)
 1S0 3P2 2D1 2D1 2G1 3P  2P  1D  2F 
  3s( 2)  3p( 4)  3d( 1)  4d( 1)  4f( 3)
 1S0 3P2 2D1 2D1 2G1 3P  2P  1F  2F 
  3s( 2)  3p( 4)  3d( 1)  4d( 1)  4f( 3)
 1S0 3P2 2D1 2D1 2G1 3P  2P  3P  2F 
  3s( 2)  3p( 4)  3d( 1)  4d( 1)  4f( 3)
 1S0 3P2 2D1 2D1 2G1 3P  2P  3D  2F 
  3s( 2)  3p( 4)  3d( 1)  4d( 1)  4f( 3)
 1S0 3P2 2D1 2D1 2G1 3P  2P  3F  2F 
  3s( 2)  3p( 4)  3d( 1)  4d( 1)  4f( 3)
 1S0 3P2 2D1 2D1 2G1 3P  2D  1P  2F 
  3s( 2)  3p( 4)  3d( 1)  4d( 1)  4f( 3)
 1S0 3P2 2D1 2D1 2G1 3P  2D  1D  2F 
  3s( 2)  3p( 4)  3d( 1)  4d( 1)  4f( 3)
 1S0 3P2 2D1 2D1 2G1 3P  2D  1F  2F 
  3s( 2)  3p( 4)  3d( 1)  4d( 1)  4f( 3)
 1S0 3P2 2D1 2D1 2G1 3P  2D  1G  2F 
  3s( 2)  3p( 4)  3d( 1)  4d( 1)  4f( 3)
 1S0 3P2 2D1 2D1 2G1 3P  2D  3P  2F 
  3s( 2)  3p( 4)  3d( 1)  4d( 1)  4f( 3)
 1S0 3P2 2D1 2D1 2G1 3P  2D  3D  2F 
  3s( 2)  3p( 4)  3d( 1)  4d( 1)  4f( 3)
 1S0 3P2 2D1 2D1 2G1 3P  2D  3F  2F 
  3s( 2)  3p( 4)  3d( 1)  4d( 1)  4f( 3)
 1S0 3P2 2D1 2D1 2G1 3P  2D  3G  2F 
  3s( 2)  3p( 4)  3d( 1)  4d( 1)  4f( 3)
 1S0 3P2 2D1 2D1 2G1 3P  2F  1P  2F 
  3s( 2)  3p( 4)  3d( 1)  4d( 1)  4f( 3)
 1S0 3P2 2D1 2D1 2G1 3P  2F  1D  2F 
  3s( 2)  3p( 4)  3d( 1)  4d( 1)  4f( 3)
 1S0 3P2 2D1 2D1 2G1 3P  2F  1F  2F 
  3s( 2)  3p( 4)  3d( 1)  4d( 1)  4f( 3)
 1S0 3P2 2D1 2D1 2G1 3P  2F  1G  2F 
  3s( 2)  3p( 4)  3d( 1)  4d( 1)  4f( 3)
 1S0 3P2 2D1 2D1 2G1 3P  2F  1H  2F 
  3s( 2)  3p( 4)  3d( 1)  4d( 1)  4f( 3)
 1S0 3P2 2D1 2D1 2G1 3P  2F  3P  2F 
  3s( 2)  3p( 4)  3d( 1)  4d( 1)  4f( 3)
 1S0 3P2 2D1 2D1 2G1 3P  2F  3D  2F 
  3s( 2)  3p( 4)  3d( 1)  4d( 1)  4f( 3)
 1S0 3P2 2D1 2D1 2G1 3P  2F  3F  2F 
  3s( 2)  3p( 4)  3d( 1)  4d( 1)  4f( 3)
 1S0 3P2 2D1 2D1 2G1 3P  2F  3G  2F 
  3s( 2)  3p( 4)  3d( 1)  4d( 1)  4f( 3)
 1S0 3P2 2D1 2D1 2G1 3P  2F  3H  2F 
  3s( 2)  3p( 4)  3d( 1)  4d( 1)  4f( 3)
 1S0 3P2 2D1 2D1 2G1 3P  4P  3P  2F 
  3s( 2)  3p( 4)  3d( 1)  4d( 1)  4f( 3)
 1S0 3P2 2D1 2D1 2G1 3P  4P  3D  2F 
  3s( 2)  3p( 4)  3d( 1)  4d( 1)  4f( 3)
 1S0 3P2 2D1 2D1 2G1 3P  4P  3F  2F 
  3s( 2)  3p( 4)  3d( 1)  4d( 1)  4f( 3)
 1S0 3P2 2D1 2D1 2G1 3P  4D  3P  2F 
  3s( 2)  3p( 4)  3d( 1)  4d( 1)  4f( 3)
 1S0 3P2 2D1 2D1 2G1 3P  4D  3D  2F 
  3s( 2)  3p( 4)  3d( 1)  4d( 1)  4f( 3)
 1S0 3P2 2D1 2D1 2G1 3P  4D  3F  2F 
  3s( 2)  3p( 4)  3d( 1)  4d( 1)  4f( 3)
 1S0 3P2 2D1 2D1 2G1 3P  4D  3G  2F 
  3s( 2)  3p( 4)  3d( 1)  4d( 1)  4f( 3)
 1S0 3P2 2D1 2D1 2G1 3P  4F  3P  2F 
  3s( 2)  3p( 4)  3d( 1)  4d( 1)  4f( 3)
 1S0 3P2 2D1 2D1 2G1 3P  4F  3D  2F 
  3s( 2)  3p( 4)  3d( 1)  4d( 1)  4f( 3)
 1S0 3P2 2D1 2D1 2G1 3P  4F  3F  2F 
  3s( 2)  3p( 4)  3d( 1)  4d( 1)  4f( 3)
 1S0 3P2 2D1 2D1 2G1 3P  4F  3G  2F 
  3s( 2)  3p( 4)  3d( 1)  4d( 1)  4f( 3)
 1S0 3P2 2D1 2D1 2G1 3P  4F  3H  2F 
  3s( 2)  3p( 4)  3d( 1)  4d( 1)  4f( 3)
 1S0 3P2 2D1 2D1 2G2 3P  2P  1P  2F 
  3s( 2)  3p( 4)  3d( 1)  4d( 1)  4f( 3)
 1S0 3P2 2D1 2D1 2G2 3P  2P  1D  2F 
  3s( 2)  3p( 4)  3d( 1)  4d( 1)  4f( 3)
 1S0 3P2 2D1 2D1 2G2 3P  2P  1F  2F 
  3s( 2)  3p( 4)  3d( 1)  4d( 1)  4f( 3)
 1S0 3P2 2D1 2D1 2G2 3P  2P  3P  2F 
  3s( 2)  3p( 4)  3d( 1)  4d( 1)  4f( 3)
 1S0 3P2 2D1 2D1 2G2 3P  2P  3D  2F 
  3s( 2)  3p( 4)  3d( 1)  4d( 1)  4f( 3)
 1S0 3P2 2D1 2D1 2G2 3P  2P  3F  2F 
  3s( 2)  3p( 4)  3d( 1)  4d( 1)  4f( 3)
 1S0 3P2 2D1 2D1 2G2 3P  2D  1P  2F 
  3s( 2)  3p( 4)  3d( 1)  4d( 1)  4f( 3)
 1S0 3P2 2D1 2D1 2G2 3P  2D  1D  2F 
  3s( 2)  3p( 4)  3d( 1)  4d( 1)  4f( 3)
 1S0 3P2 2D1 2D1 2G2 3P  2D  1F  2F 
  3s( 2)  3p( 4)  3d( 1)  4d( 1)  4f( 3)
 1S0 3P2 2D1 2D1 2G2 3P  2D  1G  2F 
  3s( 2)  3p( 4)  3d( 1)  4d( 1)  4f( 3)
 1S0 3P2 2D1 2D1 2G2 3P  2D  3P  2F 
  3s( 2)  3p( 4)  3d( 1)  4d( 1)  4f( 3)
 1S0 3P2 2D1 2D1 2G2 3P  2D  3D  2F 
  3s( 2)  3p( 4)  3d( 1)  4d( 1)  4f( 3)
 1S0 3P2 2D1 2D1 2G2 3P  2D  3F  2F 
  3s( 2)  3p( 4)  3d( 1)  4d( 1)  4f( 3)
 1S0 3P2 2D1 2D1 2G2 3P  2D  3G  2F 
  3s( 2)  3p( 4)  3d( 1)  4d( 1)  4f( 3)
 1S0 3P2 2D1 2D1 2G2 3P  2F  1P  2F 
  3s( 2)  3p( 4)  3d( 1)  4d( 1)  4f( 3)
 1S0 3P2 2D1 2D1 2G2 3P  2F  1D  2F 
  3s( 2)  3p( 4)  3d( 1)  4d( 1)  4f( 3)
 1S0 3P2 2D1 2D1 2G2 3P  2F  1F  2F 
  3s( 2)  3p( 4)  3d( 1)  4d( 1)  4f( 3)
 1S0 3P2 2D1 2D1 2G2 3P  2F  1G  2F 
  3s( 2)  3p( 4)  3d( 1)  4d( 1)  4f( 3)
 1S0 3P2 2D1 2D1 2G2 3P  2F  1H  2F 
  3s( 2)  3p( 4)  3d( 1)  4d( 1)  4f( 3)
 1S0 3P2 2D1 2D1 2G2 3P  2F  3P  2F 
  3s( 2)  3p( 4)  3d( 1)  4d( 1)  4f( 3)
 1S0 3P2 2D1 2D1 2G2 3P  2F  3D  2F 
  3s( 2)  3p( 4)  3d( 1)  4d( 1)  4f( 3)
 1S0 3P2 2D1 2D1 2G2 3P  2F  3F  2F 
  3s( 2)  3p( 4)  3d( 1)  4d( 1)  4f( 3)
 1S0 3P2 2D1 2D1 2G2 3P  2F  3G  2F 
  3s( 2)  3p( 4)  3d( 1)  4d( 1)  4f( 3)
 1S0 3P2 2D1 2D1 2G2 3P  2F  3H  2F 
  3s( 2)  3p( 4)  3d( 1)  4d( 1)  4f( 3)
 1S0 3P2 2D1 2D1 2G2 3P  4P  3P  2F 
  3s( 2)  3p( 4)  3d( 1)  4d( 1)  4f( 3)
 1S0 3P2 2D1 2D1 2G2 3P  4P  3D  2F 
  3s( 2)  3p( 4)  3d( 1)  4d( 1)  4f( 3)
 1S0 3P2 2D1 2D1 2G2 3P  4P  3F  2F 
  3s( 2)  3p( 4)  3d( 1)  4d( 1)  4f( 3)
 1S0 3P2 2D1 2D1 2G2 3P  4D  3P  2F 
  3s( 2)  3p( 4)  3d( 1)  4d( 1)  4f( 3)
 1S0 3P2 2D1 2D1 2G2 3P  4D  3D  2F 
  3s( 2)  3p( 4)  3d( 1)  4d( 1)  4f( 3)
 1S0 3P2 2D1 2D1 2G2 3P  4D  3F  2F 
  3s( 2)  3p( 4)  3d( 1)  4d( 1)  4f( 3)
 1S0 3P2 2D1 2D1 2G2 3P  4D  3G  2F 
  3s( 2)  3p( 4)  3d( 1)  4d( 1)  4f( 3)
 1S0 3P2 2D1 2D1 2G2 3P  4F  3P  2F 
  3s( 2)  3p( 4)  3d( 1)  4d( 1)  4f( 3)
 1S0 3P2 2D1 2D1 2G2 3P  4F  3D  2F 
  3s( 2)  3p( 4)  3d( 1)  4d( 1)  4f( 3)
 1S0 3P2 2D1 2D1 2G2 3P  4F  3F  2F 
  3s( 2)  3p( 4)  3d( 1)  4d( 1)  4f( 3)
 1S0 3P2 2D1 2D1 2G2 3P  4F  3G  2F 
  3s( 2)  3p( 4)  3d( 1)  4d( 1)  4f( 3)
 1S0 3P2 2D1 2D1 2G2 3P  4F  3H  2F 
  3s( 2)  3p( 4)  3d( 1)  4d( 1)  4f( 3)
 1S0 3P2 2D1 2D1 2H1 3P  2P  1D  2F 
  3s( 2)  3p( 4)  3d( 1)  4d( 1)  4f( 3)
 1S0 3P2 2D1 2D1 2H1 3P  2P  1F  2F 
  3s( 2)  3p( 4)  3d( 1)  4d( 1)  4f( 3)
 1S0 3P2 2D1 2D1 2H1 3P  2P  3D  2F 
  3s( 2)  3p( 4)  3d( 1)  4d( 1)  4f( 3)
 1S0 3P2 2D1 2D1 2H1 3P  2P  3F  2F 
  3s( 2)  3p( 4)  3d( 1)  4d( 1)  4f( 3)
 1S0 3P2 2D1 2D1 2H1 3P  2D  1D  2F 
  3s( 2)  3p( 4)  3d( 1)  4d( 1)  4f( 3)
 1S0 3P2 2D1 2D1 2H1 3P  2D  1F  2F 
  3s( 2)  3p( 4)  3d( 1)  4d( 1)  4f( 3)
 1S0 3P2 2D1 2D1 2H1 3P  2D  1G  2F 
  3s( 2)  3p( 4)  3d( 1)  4d( 1)  4f( 3)
 1S0 3P2 2D1 2D1 2H1 3P  2D  3D  2F 
  3s( 2)  3p( 4)  3d( 1)  4d( 1)  4f( 3)
 1S0 3P2 2D1 2D1 2H1 3P  2D  3F  2F 
  3s( 2)  3p( 4)  3d( 1)  4d( 1)  4f( 3)
 1S0 3P2 2D1 2D1 2H1 3P  2D  3G  2F 
  3s( 2)  3p( 4)  3d( 1)  4d( 1)  4f( 3)
 1S0 3P2 2D1 2D1 2H1 3P  2F  1D  2F 
  3s( 2)  3p( 4)  3d( 1)  4d( 1)  4f( 3)
 1S0 3P2 2D1 2D1 2H1 3P  2F  1F  2F 
  3s( 2)  3p( 4)  3d( 1)  4d( 1)  4f( 3)
 1S0 3P2 2D1 2D1 2H1 3P  2F  1G  2F 
  3s( 2)  3p( 4)  3d( 1)  4d( 1)  4f( 3)
 1S0 3P2 2D1 2D1 2H1 3P  2F  1H  2F 
  3s( 2)  3p( 4)  3d( 1)  4d( 1)  4f( 3)
 1S0 3P2 2D1 2D1 2H1 3P  2F  3D  2F 
  3s( 2)  3p( 4)  3d( 1)  4d( 1)  4f( 3)
 1S0 3P2 2D1 2D1 2H1 3P  2F  3F  2F 
  3s( 2)  3p( 4)  3d( 1)  4d( 1)  4f( 3)
 1S0 3P2 2D1 2D1 2H1 3P  2F  3G  2F 
  3s( 2)  3p( 4)  3d( 1)  4d( 1)  4f( 3)
 1S0 3P2 2D1 2D1 2H1 3P  2F  3H  2F 
  3s( 2)  3p( 4)  3d( 1)  4d( 1)  4f( 3)
 1S0 3P2 2D1 2D1 2H1 3P  4P  3D  2F 
  3s( 2)  3p( 4)  3d( 1)  4d( 1)  4f( 3)
 1S0 3P2 2D1 2D1 2H1 3P  4P  3F  2F 
  3s( 2)  3p( 4)  3d( 1)  4d( 1)  4f( 3)
 1S0 3P2 2D1 2D1 2H1 3P  4D  3D  2F 
  3s( 2)  3p( 4)  3d( 1)  4d( 1)  4f( 3)
 1S0 3P2 2D1 2D1 2H1 3P  4D  3F  2F 
  3s( 2)  3p( 4)  3d( 1)  4d( 1)  4f( 3)
 1S0 3P2 2D1 2D1 2H1 3P  4D  3G  2F 
  3s( 2)  3p( 4)  3d( 1)  4d( 1)  4f( 3)
 1S0 3P2 2D1 2D1 2H1 3P  4F  3D  2F 
  3s( 2)  3p( 4)  3d( 1)  4d( 1)  4f( 3)
 1S0 3P2 2D1 2D1 2H1 3P  4F  3F  2F 
  3s( 2)  3p( 4)  3d( 1)  4d( 1)  4f( 3)
 1S0 3P2 2D1 2D1 2H1 3P  4F  3G  2F 
  3s( 2)  3p( 4)  3d( 1)  4d( 1)  4f( 3)
 1S0 3P2 2D1 2D1 2H1 3P  4F  3H  2F 
  3s( 2)  3p( 4)  3d( 1)  4d( 1)  4f( 3)
 1S0 3P2 2D1 2D1 2H2 3P  2P  1D  2F 
  3s( 2)  3p( 4)  3d( 1)  4d( 1)  4f( 3)
 1S0 3P2 2D1 2D1 2H2 3P  2P  1F  2F 
  3s( 2)  3p( 4)  3d( 1)  4d( 1)  4f( 3)
 1S0 3P2 2D1 2D1 2H2 3P  2P  3D  2F 
  3s( 2)  3p( 4)  3d( 1)  4d( 1)  4f( 3)
 1S0 3P2 2D1 2D1 2H2 3P  2P  3F  2F 
  3s( 2)  3p( 4)  3d( 1)  4d( 1)  4f( 3)
 1S0 3P2 2D1 2D1 2H2 3P  2D  1D  2F 
  3s( 2)  3p( 4)  3d( 1)  4d( 1)  4f( 3)
 1S0 3P2 2D1 2D1 2H2 3P  2D  1F  2F 
  3s( 2)  3p( 4)  3d( 1)  4d( 1)  4f( 3)
 1S0 3P2 2D1 2D1 2H2 3P  2D  1G  2F 
  3s( 2)  3p( 4)  3d( 1)  4d( 1)  4f( 3)
 1S0 3P2 2D1 2D1 2H2 3P  2D  3D  2F 
  3s( 2)  3p( 4)  3d( 1)  4d( 1)  4f( 3)
 1S0 3P2 2D1 2D1 2H2 3P  2D  3F  2F 
  3s( 2)  3p( 4)  3d( 1)  4d( 1)  4f( 3)
 1S0 3P2 2D1 2D1 2H2 3P  2D  3G  2F 
  3s( 2)  3p( 4)  3d( 1)  4d( 1)  4f( 3)
 1S0 3P2 2D1 2D1 2H2 3P  2F  1D  2F 
  3s( 2)  3p( 4)  3d( 1)  4d( 1)  4f( 3)
 1S0 3P2 2D1 2D1 2H2 3P  2F  1F  2F 
  3s( 2)  3p( 4)  3d( 1)  4d( 1)  4f( 3)
 1S0 3P2 2D1 2D1 2H2 3P  2F  1G  2F 
  3s( 2)  3p( 4)  3d( 1)  4d( 1)  4f( 3)
 1S0 3P2 2D1 2D1 2H2 3P  2F  1H  2F 
  3s( 2)  3p( 4)  3d( 1)  4d( 1)  4f( 3)
 1S0 3P2 2D1 2D1 2H2 3P  2F  3D  2F 
  3s( 2)  3p( 4)  3d( 1)  4d( 1)  4f( 3)
 1S0 3P2 2D1 2D1 2H2 3P  2F  3F  2F 
  3s( 2)  3p( 4)  3d( 1)  4d( 1)  4f( 3)
 1S0 3P2 2D1 2D1 2H2 3P  2F  3G  2F 
  3s( 2)  3p( 4)  3d( 1)  4d( 1)  4f( 3)
 1S0 3P2 2D1 2D1 2H2 3P  2F  3H  2F 
  3s( 2)  3p( 4)  3d( 1)  4d( 1)  4f( 3)
 1S0 3P2 2D1 2D1 2H2 3P  4P  3D  2F 
  3s( 2)  3p( 4)  3d( 1)  4d( 1)  4f( 3)
 1S0 3P2 2D1 2D1 2H2 3P  4P  3F  2F 
  3s( 2)  3p( 4)  3d( 1)  4d( 1)  4f( 3)
 1S0 3P2 2D1 2D1 2H2 3P  4D  3D  2F 
  3s( 2)  3p( 4)  3d( 1)  4d( 1)  4f( 3)
 1S0 3P2 2D1 2D1 2H2 3P  4D  3F  2F 
  3s( 2)  3p( 4)  3d( 1)  4d( 1)  4f( 3)
 1S0 3P2 2D1 2D1 2H2 3P  4D  3G  2F 
  3s( 2)  3p( 4)  3d( 1)  4d( 1)  4f( 3)
 1S0 3P2 2D1 2D1 2H2 3P  4F  3D  2F 
  3s( 2)  3p( 4)  3d( 1)  4d( 1)  4f( 3)
 1S0 3P2 2D1 2D1 2H2 3P  4F  3F  2F 
  3s( 2)  3p( 4)  3d( 1)  4d( 1)  4f( 3)
 1S0 3P2 2D1 2D1 2H2 3P  4F  3G  2F 
  3s( 2)  3p( 4)  3d( 1)  4d( 1)  4f( 3)
 1S0 3P2 2D1 2D1 2H2 3P  4F  3H  2F 
  3s( 2)  3p( 4)  3d( 1)  4d( 1)  4f( 3)
 1S0 3P2 2D1 2D1 2I1 3P  2P  1F  2F 
  3s( 2)  3p( 4)  3d( 1)  4d( 1)  4f( 3)
 1S0 3P2 2D1 2D1 2I1 3P  2P  3F  2F 
  3s( 2)  3p( 4)  3d( 1)  4d( 1)  4f( 3)
 1S0 3P2 2D1 2D1 2I1 3P  2D  1F  2F 
  3s( 2)  3p( 4)  3d( 1)  4d( 1)  4f( 3)
 1S0 3P2 2D1 2D1 2I1 3P  2D  1G  2F 
  3s( 2)  3p( 4)  3d( 1)  4d( 1)  4f( 3)
 1S0 3P2 2D1 2D1 2I1 3P  2D  3F  2F 
  3s( 2)  3p( 4)  3d( 1)  4d( 1)  4f( 3)
 1S0 3P2 2D1 2D1 2I1 3P  2D  3G  2F 
  3s( 2)  3p( 4)  3d( 1)  4d( 1)  4f( 3)
 1S0 3P2 2D1 2D1 2I1 3P  2F  1F  2F 
  3s( 2)  3p( 4)  3d( 1)  4d( 1)  4f( 3)
 1S0 3P2 2D1 2D1 2I1 3P  2F  1G  2F 
  3s( 2)  3p( 4)  3d( 1)  4d( 1)  4f( 3)
 1S0 3P2 2D1 2D1 2I1 3P  2F  1H  2F 
  3s( 2)  3p( 4)  3d( 1)  4d( 1)  4f( 3)
 1S0 3P2 2D1 2D1 2I1 3P  2F  3F  2F 
  3s( 2)  3p( 4)  3d( 1)  4d( 1)  4f( 3)
 1S0 3P2 2D1 2D1 2I1 3P  2F  3G  2F 
  3s( 2)  3p( 4)  3d( 1)  4d( 1)  4f( 3)
 1S0 3P2 2D1 2D1 2I1 3P  2F  3H  2F 
  3s( 2)  3p( 4)  3d( 1)  4d( 1)  4f( 3)
 1S0 3P2 2D1 2D1 2I1 3P  4P  3F  2F 
  3s( 2)  3p( 4)  3d( 1)  4d( 1)  4f( 3)
 1S0 3P2 2D1 2D1 2I1 3P  4D  3F  2F 
  3s( 2)  3p( 4)  3d( 1)  4d( 1)  4f( 3)
 1S0 3P2 2D1 2D1 2I1 3P  4D  3G  2F 
  3s( 2)  3p( 4)  3d( 1)  4d( 1)  4f( 3)
 1S0 3P2 2D1 2D1 2I1 3P  4F  3F  2F 
  3s( 2)  3p( 4)  3d( 1)  4d( 1)  4f( 3)
 1S0 3P2 2D1 2D1 2I1 3P  4F  3G  2F 
  3s( 2)  3p( 4)  3d( 1)  4d( 1)  4f( 3)
 1S0 3P2 2D1 2D1 2I1 3P  4F  3H  2F 
  3s( 2)  3p( 4)  3d( 1)  4d( 1)  4f( 3)
 1S0 3P2 2D1 2D1 2K1 3P  2D  1G  2F 
  3s( 2)  3p( 4)  3d( 1)  4d( 1)  4f( 3)
 1S0 3P2 2D1 2D1 2K1 3P  2D  3G  2F 
  3s( 2)  3p( 4)  3d( 1)  4d( 1)  4f( 3)
 1S0 3P2 2D1 2D1 2K1 3P  2F  1G  2F 
  3s( 2)  3p( 4)  3d( 1)  4d( 1)  4f( 3)
 1S0 3P2 2D1 2D1 2K1 3P  2F  1H  2F 
  3s( 2)  3p( 4)  3d( 1)  4d( 1)  4f( 3)
 1S0 3P2 2D1 2D1 2K1 3P  2F  3G  2F 
  3s( 2)  3p( 4)  3d( 1)  4d( 1)  4f( 3)
 1S0 3P2 2D1 2D1 2K1 3P  2F  3H  2F 
  3s( 2)  3p( 4)  3d( 1)  4d( 1)  4f( 3)
 1S0 3P2 2D1 2D1 2K1 3P  4D  3G  2F 
  3s( 2)  3p( 4)  3d( 1)  4d( 1)  4f( 3)
 1S0 3P2 2D1 2D1 2K1 3P  4F  3G  2F 
  3s( 2)  3p( 4)  3d( 1)  4d( 1)  4f( 3)
 1S0 3P2 2D1 2D1 2K1 3P  4F  3H  2F 
  3s( 2)  3p( 4)  3d( 1)  4d( 1)  4f( 3)
 1S0 3P2 2D1 2D1 2L1 3P  2F  1H  2F 
  3s( 2)  3p( 4)  3d( 1)  4d( 1)  4f( 3)
 1S0 3P2 2D1 2D1 2L1 3P  2F  3H  2F 
  3s( 2)  3p( 4)  3d( 1)  4d( 1)  4f( 3)
 1S0 3P2 2D1 2D1 2L1 3P  4F  3H  2F 
  3s( 2)  3p( 4)  3d( 1)  4d( 1)  4f( 3)
 1S0 3P2 2D1 2D1 4S1 3P  2P  3F  2F 
  3s( 2)  3p( 4)  3d( 1)  4d( 1)  4f( 3)
 1S0 3P2 2D1 2D1 4S1 3P  2D  3F  2F 
  3s( 2)  3p( 4)  3d( 1)  4d( 1)  4f( 3)
 1S0 3P2 2D1 2D1 4S1 3P  2F  3F  2F 
  3s( 2)  3p( 4)  3d( 1)  4d( 1)  4f( 3)
 1S0 3P2 2D1 2D1 4S1 3P  4P  3F  2F 
  3s( 2)  3p( 4)  3d( 1)  4d( 1)  4f( 3)
 1S0 3P2 2D1 2D1 4S1 3P  4P  5F  2F 
  3s( 2)  3p( 4)  3d( 1)  4d( 1)  4f( 3)
 1S0 3P2 2D1 2D1 4S1 3P  4D  3F  2F 
  3s( 2)  3p( 4)  3d( 1)  4d( 1)  4f( 3)
 1S0 3P2 2D1 2D1 4S1 3P  4D  5F  2F 
  3s( 2)  3p( 4)  3d( 1)  4d( 1)  4f( 3)
 1S0 3P2 2D1 2D1 4S1 3P  4F  3F  2F 
  3s( 2)  3p( 4)  3d( 1)  4d( 1)  4f( 3)
 1S0 3P2 2D1 2D1 4S1 3P  4F  5F  2F 
  3s( 2)  3p( 4)  3d( 1)  4d( 1)  4f( 3)
 1S0 3P2 2D1 2D1 4D1 3P  2P  3P  2F 
  3s( 2)  3p( 4)  3d( 1)  4d( 1)  4f( 3)
 1S0 3P2 2D1 2D1 4D1 3P  2P  3D  2F 
  3s( 2)  3p( 4)  3d( 1)  4d( 1)  4f( 3)
 1S0 3P2 2D1 2D1 4D1 3P  2P  3F  2F 
  3s( 2)  3p( 4)  3d( 1)  4d( 1)  4f( 3)
 1S0 3P2 2D1 2D1 4D1 3P  2D  3P  2F 
  3s( 2)  3p( 4)  3d( 1)  4d( 1)  4f( 3)
 1S0 3P2 2D1 2D1 4D1 3P  2D  3D  2F 
  3s( 2)  3p( 4)  3d( 1)  4d( 1)  4f( 3)
 1S0 3P2 2D1 2D1 4D1 3P  2D  3F  2F 
  3s( 2)  3p( 4)  3d( 1)  4d( 1)  4f( 3)
 1S0 3P2 2D1 2D1 4D1 3P  2D  3G  2F 
  3s( 2)  3p( 4)  3d( 1)  4d( 1)  4f( 3)
 1S0 3P2 2D1 2D1 4D1 3P  2F  3P  2F 
  3s( 2)  3p( 4)  3d( 1)  4d( 1)  4f( 3)
 1S0 3P2 2D1 2D1 4D1 3P  2F  3D  2F 
  3s( 2)  3p( 4)  3d( 1)  4d( 1)  4f( 3)
 1S0 3P2 2D1 2D1 4D1 3P  2F  3F  2F 
  3s( 2)  3p( 4)  3d( 1)  4d( 1)  4f( 3)
 1S0 3P2 2D1 2D1 4D1 3P  2F  3G  2F 
  3s( 2)  3p( 4)  3d( 1)  4d( 1)  4f( 3)
 1S0 3P2 2D1 2D1 4D1 3P  2F  3H  2F 
  3s( 2)  3p( 4)  3d( 1)  4d( 1)  4f( 3)
 1S0 3P2 2D1 2D1 4D1 3P  4P  3P  2F 
  3s( 2)  3p( 4)  3d( 1)  4d( 1)  4f( 3)
 1S0 3P2 2D1 2D1 4D1 3P  4P  3D  2F 
  3s( 2)  3p( 4)  3d( 1)  4d( 1)  4f( 3)
 1S0 3P2 2D1 2D1 4D1 3P  4P  3F  2F 
  3s( 2)  3p( 4)  3d( 1)  4d( 1)  4f( 3)
 1S0 3P2 2D1 2D1 4D1 3P  4P  5P  2F 
  3s( 2)  3p( 4)  3d( 1)  4d( 1)  4f( 3)
 1S0 3P2 2D1 2D1 4D1 3P  4P  5D  2F 
  3s( 2)  3p( 4)  3d( 1)  4d( 1)  4f( 3)
 1S0 3P2 2D1 2D1 4D1 3P  4P  5F  2F 
  3s( 2)  3p( 4)  3d( 1)  4d( 1)  4f( 3)
 1S0 3P2 2D1 2D1 4D1 3P  4D  3P  2F 
  3s( 2)  3p( 4)  3d( 1)  4d( 1)  4f( 3)
 1S0 3P2 2D1 2D1 4D1 3P  4D  3D  2F 
  3s( 2)  3p( 4)  3d( 1)  4d( 1)  4f( 3)
 1S0 3P2 2D1 2D1 4D1 3P  4D  3F  2F 
  3s( 2)  3p( 4)  3d( 1)  4d( 1)  4f( 3)
 1S0 3P2 2D1 2D1 4D1 3P  4D  3G  2F 
  3s( 2)  3p( 4)  3d( 1)  4d( 1)  4f( 3)
 1S0 3P2 2D1 2D1 4D1 3P  4D  5P  2F 
  3s( 2)  3p( 4)  3d( 1)  4d( 1)  4f( 3)
 1S0 3P2 2D1 2D1 4D1 3P  4D  5D  2F 
  3s( 2)  3p( 4)  3d( 1)  4d( 1)  4f( 3)
 1S0 3P2 2D1 2D1 4D1 3P  4D  5F  2F 
  3s( 2)  3p( 4)  3d( 1)  4d( 1)  4f( 3)
 1S0 3P2 2D1 2D1 4D1 3P  4D  5G  2F 
  3s( 2)  3p( 4)  3d( 1)  4d( 1)  4f( 3)
 1S0 3P2 2D1 2D1 4D1 3P  4F  3P  2F 
  3s( 2)  3p( 4)  3d( 1)  4d( 1)  4f( 3)
 1S0 3P2 2D1 2D1 4D1 3P  4F  3D  2F 
  3s( 2)  3p( 4)  3d( 1)  4d( 1)  4f( 3)
 1S0 3P2 2D1 2D1 4D1 3P  4F  3F  2F 
  3s( 2)  3p( 4)  3d( 1)  4d( 1)  4f( 3)
 1S0 3P2 2D1 2D1 4D1 3P  4F  3G  2F 
  3s( 2)  3p( 4)  3d( 1)  4d( 1)  4f( 3)
 1S0 3P2 2D1 2D1 4D1 3P  4F  3H  2F 
  3s( 2)  3p( 4)  3d( 1)  4d( 1)  4f( 3)
 1S0 3P2 2D1 2D1 4D1 3P  4F  5P  2F 
  3s( 2)  3p( 4)  3d( 1)  4d( 1)  4f( 3)
 1S0 3P2 2D1 2D1 4D1 3P  4F  5D  2F 
  3s( 2)  3p( 4)  3d( 1)  4d( 1)  4f( 3)
 1S0 3P2 2D1 2D1 4D1 3P  4F  5F  2F 
  3s( 2)  3p( 4)  3d( 1)  4d( 1)  4f( 3)
 1S0 3P2 2D1 2D1 4D1 3P  4F  5G  2F 
  3s( 2)  3p( 4)  3d( 1)  4d( 1)  4f( 3)
 1S0 3P2 2D1 2D1 4D1 3P  4F  5H  2F 
  3s( 2)  3p( 4)  3d( 1)  4d( 1)  4f( 3)
 1S0 3P2 2D1 2D1 4F1 3P  2P  3P  2F 
  3s( 2)  3p( 4)  3d( 1)  4d( 1)  4f( 3)
 1S0 3P2 2D1 2D1 4F1 3P  2P  3D  2F 
  3s( 2)  3p( 4)  3d( 1)  4d( 1)  4f( 3)
 1S0 3P2 2D1 2D1 4F1 3P  2P  3F  2F 
  3s( 2)  3p( 4)  3d( 1)  4d( 1)  4f( 3)
 1S0 3P2 2D1 2D1 4F1 3P  2D  3S  2F 
  3s( 2)  3p( 4)  3d( 1)  4d( 1)  4f( 3)
 1S0 3P2 2D1 2D1 4F1 3P  2D  3P  2F 
  3s( 2)  3p( 4)  3d( 1)  4d( 1)  4f( 3)
 1S0 3P2 2D1 2D1 4F1 3P  2D  3D  2F 
  3s( 2)  3p( 4)  3d( 1)  4d( 1)  4f( 3)
 1S0 3P2 2D1 2D1 4F1 3P  2D  3F  2F 
  3s( 2)  3p( 4)  3d( 1)  4d( 1)  4f( 3)
 1S0 3P2 2D1 2D1 4F1 3P  2D  3G  2F 
  3s( 2)  3p( 4)  3d( 1)  4d( 1)  4f( 3)
 1S0 3P2 2D1 2D1 4F1 3P  2F  3P  2F 
  3s( 2)  3p( 4)  3d( 1)  4d( 1)  4f( 3)
 1S0 3P2 2D1 2D1 4F1 3P  2F  3D  2F 
  3s( 2)  3p( 4)  3d( 1)  4d( 1)  4f( 3)
 1S0 3P2 2D1 2D1 4F1 3P  2F  3F  2F 
  3s( 2)  3p( 4)  3d( 1)  4d( 1)  4f( 3)
 1S0 3P2 2D1 2D1 4F1 3P  2F  3G  2F 
  3s( 2)  3p( 4)  3d( 1)  4d( 1)  4f( 3)
 1S0 3P2 2D1 2D1 4F1 3P  2F  3H  2F 
  3s( 2)  3p( 4)  3d( 1)  4d( 1)  4f( 3)
 1S0 3P2 2D1 2D1 4F1 3P  4P  3P  2F 
  3s( 2)  3p( 4)  3d( 1)  4d( 1)  4f( 3)
 1S0 3P2 2D1 2D1 4F1 3P  4P  3D  2F 
  3s( 2)  3p( 4)  3d( 1)  4d( 1)  4f( 3)
 1S0 3P2 2D1 2D1 4F1 3P  4P  3F  2F 
  3s( 2)  3p( 4)  3d( 1)  4d( 1)  4f( 3)
 1S0 3P2 2D1 2D1 4F1 3P  4P  5P  2F 
  3s( 2)  3p( 4)  3d( 1)  4d( 1)  4f( 3)
 1S0 3P2 2D1 2D1 4F1 3P  4P  5D  2F 
  3s( 2)  3p( 4)  3d( 1)  4d( 1)  4f( 3)
 1S0 3P2 2D1 2D1 4F1 3P  4P  5F  2F 
  3s( 2)  3p( 4)  3d( 1)  4d( 1)  4f( 3)
 1S0 3P2 2D1 2D1 4F1 3P  4D  3S  2F 
  3s( 2)  3p( 4)  3d( 1)  4d( 1)  4f( 3)
 1S0 3P2 2D1 2D1 4F1 3P  4D  3P  2F 
  3s( 2)  3p( 4)  3d( 1)  4d( 1)  4f( 3)
 1S0 3P2 2D1 2D1 4F1 3P  4D  3D  2F 
  3s( 2)  3p( 4)  3d( 1)  4d( 1)  4f( 3)
 1S0 3P2 2D1 2D1 4F1 3P  4D  3F  2F 
  3s( 2)  3p( 4)  3d( 1)  4d( 1)  4f( 3)
 1S0 3P2 2D1 2D1 4F1 3P  4D  3G  2F 
  3s( 2)  3p( 4)  3d( 1)  4d( 1)  4f( 3)
 1S0 3P2 2D1 2D1 4F1 3P  4D  5S  2F 
  3s( 2)  3p( 4)  3d( 1)  4d( 1)  4f( 3)
 1S0 3P2 2D1 2D1 4F1 3P  4D  5P  2F 
  3s( 2)  3p( 4)  3d( 1)  4d( 1)  4f( 3)
 1S0 3P2 2D1 2D1 4F1 3P  4D  5D  2F 
  3s( 2)  3p( 4)  3d( 1)  4d( 1)  4f( 3)
 1S0 3P2 2D1 2D1 4F1 3P  4D  5F  2F 
  3s( 2)  3p( 4)  3d( 1)  4d( 1)  4f( 3)
 1S0 3P2 2D1 2D1 4F1 3P  4D  5G  2F 
  3s( 2)  3p( 4)  3d( 1)  4d( 1)  4f( 3)
 1S0 3P2 2D1 2D1 4F1 3P  4F  3P  2F 
  3s( 2)  3p( 4)  3d( 1)  4d( 1)  4f( 3)
 1S0 3P2 2D1 2D1 4F1 3P  4F  3D  2F 
  3s( 2)  3p( 4)  3d( 1)  4d( 1)  4f( 3)
 1S0 3P2 2D1 2D1 4F1 3P  4F  3F  2F 
  3s( 2)  3p( 4)  3d( 1)  4d( 1)  4f( 3)
 1S0 3P2 2D1 2D1 4F1 3P  4F  3G  2F 
  3s( 2)  3p( 4)  3d( 1)  4d( 1)  4f( 3)
 1S0 3P2 2D1 2D1 4F1 3P  4F  3H  2F 
  3s( 2)  3p( 4)  3d( 1)  4d( 1)  4f( 3)
 1S0 3P2 2D1 2D1 4F1 3P  4F  5P  2F 
  3s( 2)  3p( 4)  3d( 1)  4d( 1)  4f( 3)
 1S0 3P2 2D1 2D1 4F1 3P  4F  5D  2F 
  3s( 2)  3p( 4)  3d( 1)  4d( 1)  4f( 3)
 1S0 3P2 2D1 2D1 4F1 3P  4F  5F  2F 
  3s( 2)  3p( 4)  3d( 1)  4d( 1)  4f( 3)
 1S0 3P2 2D1 2D1 4F1 3P  4F  5G  2F 
  3s( 2)  3p( 4)  3d( 1)  4d( 1)  4f( 3)
 1S0 3P2 2D1 2D1 4F1 3P  4F  5H  2F 
  3s( 2)  3p( 4)  3d( 1)  4d( 1)  4f( 3)
 1S0 3P2 2D1 2D1 4G1 3P  2P  3P  2F 
  3s( 2)  3p( 4)  3d( 1)  4d( 1)  4f( 3)
 1S0 3P2 2D1 2D1 4G1 3P  2P  3D  2F 
  3s( 2)  3p( 4)  3d( 1)  4d( 1)  4f( 3)
 1S0 3P2 2D1 2D1 4G1 3P  2P  3F  2F 
  3s( 2)  3p( 4)  3d( 1)  4d( 1)  4f( 3)
 1S0 3P2 2D1 2D1 4G1 3P  2D  3P  2F 
  3s( 2)  3p( 4)  3d( 1)  4d( 1)  4f( 3)
 1S0 3P2 2D1 2D1 4G1 3P  2D  3D  2F 
  3s( 2)  3p( 4)  3d( 1)  4d( 1)  4f( 3)
 1S0 3P2 2D1 2D1 4G1 3P  2D  3F  2F 
  3s( 2)  3p( 4)  3d( 1)  4d( 1)  4f( 3)
 1S0 3P2 2D1 2D1 4G1 3P  2D  3G  2F 
  3s( 2)  3p( 4)  3d( 1)  4d( 1)  4f( 3)
 1S0 3P2 2D1 2D1 4G1 3P  2F  3P  2F 
  3s( 2)  3p( 4)  3d( 1)  4d( 1)  4f( 3)
 1S0 3P2 2D1 2D1 4G1 3P  2F  3D  2F 
  3s( 2)  3p( 4)  3d( 1)  4d( 1)  4f( 3)
 1S0 3P2 2D1 2D1 4G1 3P  2F  3F  2F 
  3s( 2)  3p( 4)  3d( 1)  4d( 1)  4f( 3)
 1S0 3P2 2D1 2D1 4G1 3P  2F  3G  2F 
  3s( 2)  3p( 4)  3d( 1)  4d( 1)  4f( 3)
 1S0 3P2 2D1 2D1 4G1 3P  2F  3H  2F 
  3s( 2)  3p( 4)  3d( 1)  4d( 1)  4f( 3)
 1S0 3P2 2D1 2D1 4G1 3P  4P  3P  2F 
  3s( 2)  3p( 4)  3d( 1)  4d( 1)  4f( 3)
 1S0 3P2 2D1 2D1 4G1 3P  4P  3D  2F 
  3s( 2)  3p( 4)  3d( 1)  4d( 1)  4f( 3)
 1S0 3P2 2D1 2D1 4G1 3P  4P  3F  2F 
  3s( 2)  3p( 4)  3d( 1)  4d( 1)  4f( 3)
 1S0 3P2 2D1 2D1 4G1 3P  4P  5P  2F 
  3s( 2)  3p( 4)  3d( 1)  4d( 1)  4f( 3)
 1S0 3P2 2D1 2D1 4G1 3P  4P  5D  2F 
  3s( 2)  3p( 4)  3d( 1)  4d( 1)  4f( 3)
 1S0 3P2 2D1 2D1 4G1 3P  4P  5F  2F 
  3s( 2)  3p( 4)  3d( 1)  4d( 1)  4f( 3)
 1S0 3P2 2D1 2D1 4G1 3P  4D  3P  2F 
  3s( 2)  3p( 4)  3d( 1)  4d( 1)  4f( 3)
 1S0 3P2 2D1 2D1 4G1 3P  4D  3D  2F 
  3s( 2)  3p( 4)  3d( 1)  4d( 1)  4f( 3)
 1S0 3P2 2D1 2D1 4G1 3P  4D  3F  2F 
  3s( 2)  3p( 4)  3d( 1)  4d( 1)  4f( 3)
 1S0 3P2 2D1 2D1 4G1 3P  4D  3G  2F 
  3s( 2)  3p( 4)  3d( 1)  4d( 1)  4f( 3)
 1S0 3P2 2D1 2D1 4G1 3P  4D  5P  2F 
  3s( 2)  3p( 4)  3d( 1)  4d( 1)  4f( 3)
 1S0 3P2 2D1 2D1 4G1 3P  4D  5D  2F 
  3s( 2)  3p( 4)  3d( 1)  4d( 1)  4f( 3)
 1S0 3P2 2D1 2D1 4G1 3P  4D  5F  2F 
  3s( 2)  3p( 4)  3d( 1)  4d( 1)  4f( 3)
 1S0 3P2 2D1 2D1 4G1 3P  4D  5G  2F 
  3s( 2)  3p( 4)  3d( 1)  4d( 1)  4f( 3)
 1S0 3P2 2D1 2D1 4G1 3P  4F  3P  2F 
  3s( 2)  3p( 4)  3d( 1)  4d( 1)  4f( 3)
 1S0 3P2 2D1 2D1 4G1 3P  4F  3D  2F 
  3s( 2)  3p( 4)  3d( 1)  4d( 1)  4f( 3)
 1S0 3P2 2D1 2D1 4G1 3P  4F  3F  2F 
  3s( 2)  3p( 4)  3d( 1)  4d( 1)  4f( 3)
 1S0 3P2 2D1 2D1 4G1 3P  4F  3G  2F 
  3s( 2)  3p( 4)  3d( 1)  4d( 1)  4f( 3)
 1S0 3P2 2D1 2D1 4G1 3P  4F  3H  2F 
  3s( 2)  3p( 4)  3d( 1)  4d( 1)  4f( 3)
 1S0 3P2 2D1 2D1 4G1 3P  4F  5P  2F 
  3s( 2)  3p( 4)  3d( 1)  4d( 1)  4f( 3)
 1S0 3P2 2D1 2D1 4G1 3P  4F  5D  2F 
  3s( 2)  3p( 4)  3d( 1)  4d( 1)  4f( 3)
 1S0 3P2 2D1 2D1 4G1 3P  4F  5F  2F 
  3s( 2)  3p( 4)  3d( 1)  4d( 1)  4f( 3)
 1S0 3P2 2D1 2D1 4G1 3P  4F  5G  2F 
  3s( 2)  3p( 4)  3d( 1)  4d( 1)  4f( 3)
 1S0 3P2 2D1 2D1 4G1 3P  4F  5H  2F 
  3s( 2)  3p( 4)  3d( 1)  4d( 1)  4f( 3)
 1S0 3P2 2D1 2D1 4I1 3P  2P  3F  2F 
  3s( 2)  3p( 4)  3d( 1)  4d( 1)  4f( 3)
 1S0 3P2 2D1 2D1 4I1 3P  2D  3F  2F 
  3s( 2)  3p( 4)  3d( 1)  4d( 1)  4f( 3)
 1S0 3P2 2D1 2D1 4I1 3P  2D  3G  2F 
  3s( 2)  3p( 4)  3d( 1)  4d( 1)  4f( 3)
 1S0 3P2 2D1 2D1 4I1 3P  2F  3F  2F 
  3s( 2)  3p( 4)  3d( 1)  4d( 1)  4f( 3)
 1S0 3P2 2D1 2D1 4I1 3P  2F  3G  2F 
  3s( 2)  3p( 4)  3d( 1)  4d( 1)  4f( 3)
 1S0 3P2 2D1 2D1 4I1 3P  2F  3H  2F 
  3s( 2)  3p( 4)  3d( 1)  4d( 1)  4f( 3)
 1S0 3P2 2D1 2D1 4I1 3P  4P  3F  2F 
  3s( 2)  3p( 4)  3d( 1)  4d( 1)  4f( 3)
 1S0 3P2 2D1 2D1 4I1 3P  4P  5F  2F 
  3s( 2)  3p( 4)  3d( 1)  4d( 1)  4f( 3)
 1S0 3P2 2D1 2D1 4I1 3P  4D  3F  2F 
  3s( 2)  3p( 4)  3d( 1)  4d( 1)  4f( 3)
 1S0 3P2 2D1 2D1 4I1 3P  4D  3G  2F 
  3s( 2)  3p( 4)  3d( 1)  4d( 1)  4f( 3)
 1S0 3P2 2D1 2D1 4I1 3P  4D  5F  2F 
  3s( 2)  3p( 4)  3d( 1)  4d( 1)  4f( 3)
 1S0 3P2 2D1 2D1 4I1 3P  4D  5G  2F 
  3s( 2)  3p( 4)  3d( 1)  4d( 1)  4f( 3)
 1S0 3P2 2D1 2D1 4I1 3P  4F  3F  2F 
  3s( 2)  3p( 4)  3d( 1)  4d( 1)  4f( 3)
 1S0 3P2 2D1 2D1 4I1 3P  4F  3G  2F 
  3s( 2)  3p( 4)  3d( 1)  4d( 1)  4f( 3)
 1S0 3P2 2D1 2D1 4I1 3P  4F  3H  2F 
  3s( 2)  3p( 4)  3d( 1)  4d( 1)  4f( 3)
 1S0 3P2 2D1 2D1 4I1 3P  4F  5F  2F 
  3s( 2)  3p( 4)  3d( 1)  4d( 1)  4f( 3)
 1S0 3P2 2D1 2D1 4I1 3P  4F  5G  2F 
  3s( 2)  3p( 4)  3d( 1)  4d( 1)  4f( 3)
 1S0 3P2 2D1 2D1 4I1 3P  4F  5H  2F 
  3s( 2)  3p( 4)  4s( 2)  4f( 3)
 1S0 1S0 1S0 2F1 1S  1S  2F 
  3s( 2)  3p( 4)  4s( 2)  4f( 3)
 1S0 1S0 1S0 2F2 1S  1S  2F 
  3s( 2)  3p( 4)  4s( 2)  4f( 3)
 1S0 1D2 1S0 2P1 1D  1D  2F 
  3s( 2)  3p( 4)  4s( 2)  4f( 3)
 1S0 1D2 1S0 2D1 1D  1D  2F 
  3s( 2)  3p( 4)  4s( 2)  4f( 3)
 1S0 1D2 1S0 2D2 1D  1D  2F 
  3s( 2)  3p( 4)  4s( 2)  4f( 3)
 1S0 1D2 1S0 2F1 1D  1D  2F 
  3s( 2)  3p( 4)  4s( 2)  4f( 3)
 1S0 1D2 1S0 2F2 1D  1D  2F 
  3s( 2)  3p( 4)  4s( 2)  4f( 3)
 1S0 1D2 1S0 2G1 1D  1D  2F 
  3s( 2)  3p( 4)  4s( 2)  4f( 3)
 1S0 1D2 1S0 2G2 1D  1D  2F 
  3s( 2)  3p( 4)  4s( 2)  4f( 3)
 1S0 1D2 1S0 2H1 1D  1D  2F 
  3s( 2)  3p( 4)  4s( 2)  4f( 3)
 1S0 1D2 1S0 2H2 1D  1D  2F 
  3s( 2)  3p( 4)  4s( 2)  4f( 3)
 1S0 3P2 1S0 2D1 3P  3P  2F 
  3s( 2)  3p( 4)  4s( 2)  4f( 3)
 1S0 3P2 1S0 2D2 3P  3P  2F 
  3s( 2)  3p( 4)  4s( 2)  4f( 3)
 1S0 3P2 1S0 2F1 3P  3P  2F 
  3s( 2)  3p( 4)  4s( 2)  4f( 3)
 1S0 3P2 1S0 2F2 3P  3P  2F 
  3s( 2)  3p( 4)  4s( 2)  4f( 3)
 1S0 3P2 1S0 2G1 3P  3P  2F 
  3s( 2)  3p( 4)  4s( 2)  4f( 3)
 1S0 3P2 1S0 2G2 3P  3P  2F 
  3s( 2)  3p( 4)  4s( 2)  4f( 3)
 1S0 3P2 1S0 4D1 3P  3P  2F 
  3s( 2)  3p( 4)  4s( 2)  4f( 3)
 1S0 3P2 1S0 4F1 3P  3P  2F 
  3s( 2)  3p( 4)  4s( 2)  4f( 3)
 1S0 3P2 1S0 4G1 3P  3P  2F 
  3s( 2)  3p( 4)  4s( 1)  4d( 1)  4f( 3)
 1S0 1S0 2S1 2D1 2P1 1S  2S  1D  2F 
  3s( 2)  3p( 4)  4s( 1)  4d( 1)  4f( 3)
 1S0 1S0 2S1 2D1 2P1 1S  2S  3D  2F 
  3s( 2)  3p( 4)  4s( 1)  4d( 1)  4f( 3)
 1S0 1S0 2S1 2D1 2D1 1S  2S  1D  2F 
  3s( 2)  3p( 4)  4s( 1)  4d( 1)  4f( 3)
 1S0 1S0 2S1 2D1 2D1 1S  2S  3D  2F 
  3s( 2)  3p( 4)  4s( 1)  4d( 1)  4f( 3)
 1S0 1S0 2S1 2D1 2D2 1S  2S  1D  2F 
  3s( 2)  3p( 4)  4s( 1)  4d( 1)  4f( 3)
 1S0 1S0 2S1 2D1 2D2 1S  2S  3D  2F 
  3s( 2)  3p( 4)  4s( 1)  4d( 1)  4f( 3)
 1S0 1S0 2S1 2D1 2F1 1S  2S  1D  2F 
  3s( 2)  3p( 4)  4s( 1)  4d( 1)  4f( 3)
 1S0 1S0 2S1 2D1 2F1 1S  2S  3D  2F 
  3s( 2)  3p( 4)  4s( 1)  4d( 1)  4f( 3)
 1S0 1S0 2S1 2D1 2F2 1S  2S  1D  2F 
  3s( 2)  3p( 4)  4s( 1)  4d( 1)  4f( 3)
 1S0 1S0 2S1 2D1 2F2 1S  2S  3D  2F 
  3s( 2)  3p( 4)  4s( 1)  4d( 1)  4f( 3)
 1S0 1S0 2S1 2D1 2G1 1S  2S  1D  2F 
  3s( 2)  3p( 4)  4s( 1)  4d( 1)  4f( 3)
 1S0 1S0 2S1 2D1 2G1 1S  2S  3D  2F 
  3s( 2)  3p( 4)  4s( 1)  4d( 1)  4f( 3)
 1S0 1S0 2S1 2D1 2G2 1S  2S  1D  2F 
  3s( 2)  3p( 4)  4s( 1)  4d( 1)  4f( 3)
 1S0 1S0 2S1 2D1 2G2 1S  2S  3D  2F 
  3s( 2)  3p( 4)  4s( 1)  4d( 1)  4f( 3)
 1S0 1S0 2S1 2D1 2H1 1S  2S  1D  2F 
  3s( 2)  3p( 4)  4s( 1)  4d( 1)  4f( 3)
 1S0 1S0 2S1 2D1 2H1 1S  2S  3D  2F 
  3s( 2)  3p( 4)  4s( 1)  4d( 1)  4f( 3)
 1S0 1S0 2S1 2D1 2H2 1S  2S  1D  2F 
  3s( 2)  3p( 4)  4s( 1)  4d( 1)  4f( 3)
 1S0 1S0 2S1 2D1 2H2 1S  2S  3D  2F 
  3s( 2)  3p( 4)  4s( 1)  4d( 1)  4f( 3)
 1S0 1S0 2S1 2D1 4D1 1S  2S  3D  2F 
  3s( 2)  3p( 4)  4s( 1)  4d( 1)  4f( 3)
 1S0 1S0 2S1 2D1 4F1 1S  2S  3D  2F 
  3s( 2)  3p( 4)  4s( 1)  4d( 1)  4f( 3)
 1S0 1S0 2S1 2D1 4G1 1S  2S  3D  2F 
  3s( 2)  3p( 4)  4s( 1)  4d( 1)  4f( 3)
 1S0 1D2 2S1 2D1 2P1 1D  2D  1D  2F 
  3s( 2)  3p( 4)  4s( 1)  4d( 1)  4f( 3)
 1S0 1D2 2S1 2D1 2P1 1D  2D  1F  2F 
  3s( 2)  3p( 4)  4s( 1)  4d( 1)  4f( 3)
 1S0 1D2 2S1 2D1 2P1 1D  2D  1G  2F 
  3s( 2)  3p( 4)  4s( 1)  4d( 1)  4f( 3)
 1S0 1D2 2S1 2D1 2P1 1D  2D  3D  2F 
  3s( 2)  3p( 4)  4s( 1)  4d( 1)  4f( 3)
 1S0 1D2 2S1 2D1 2P1 1D  2D  3F  2F 
  3s( 2)  3p( 4)  4s( 1)  4d( 1)  4f( 3)
 1S0 1D2 2S1 2D1 2P1 1D  2D  3G  2F 
  3s( 2)  3p( 4)  4s( 1)  4d( 1)  4f( 3)
 1S0 1D2 2S1 2D1 2D1 1D  2D  1P  2F 
  3s( 2)  3p( 4)  4s( 1)  4d( 1)  4f( 3)
 1S0 1D2 2S1 2D1 2D1 1D  2D  1D  2F 
  3s( 2)  3p( 4)  4s( 1)  4d( 1)  4f( 3)
 1S0 1D2 2S1 2D1 2D1 1D  2D  1F  2F 
  3s( 2)  3p( 4)  4s( 1)  4d( 1)  4f( 3)
 1S0 1D2 2S1 2D1 2D1 1D  2D  1G  2F 
  3s( 2)  3p( 4)  4s( 1)  4d( 1)  4f( 3)
 1S0 1D2 2S1 2D1 2D1 1D  2D  3P  2F 
  3s( 2)  3p( 4)  4s( 1)  4d( 1)  4f( 3)
 1S0 1D2 2S1 2D1 2D1 1D  2D  3D  2F 
  3s( 2)  3p( 4)  4s( 1)  4d( 1)  4f( 3)
 1S0 1D2 2S1 2D1 2D1 1D  2D  3F  2F 
  3s( 2)  3p( 4)  4s( 1)  4d( 1)  4f( 3)
 1S0 1D2 2S1 2D1 2D1 1D  2D  3G  2F 
  3s( 2)  3p( 4)  4s( 1)  4d( 1)  4f( 3)
 1S0 1D2 2S1 2D1 2D2 1D  2D  1P  2F 
  3s( 2)  3p( 4)  4s( 1)  4d( 1)  4f( 3)
 1S0 1D2 2S1 2D1 2D2 1D  2D  1D  2F 
  3s( 2)  3p( 4)  4s( 1)  4d( 1)  4f( 3)
 1S0 1D2 2S1 2D1 2D2 1D  2D  1F  2F 
  3s( 2)  3p( 4)  4s( 1)  4d( 1)  4f( 3)
 1S0 1D2 2S1 2D1 2D2 1D  2D  1G  2F 
  3s( 2)  3p( 4)  4s( 1)  4d( 1)  4f( 3)
 1S0 1D2 2S1 2D1 2D2 1D  2D  3P  2F 
  3s( 2)  3p( 4)  4s( 1)  4d( 1)  4f( 3)
 1S0 1D2 2S1 2D1 2D2 1D  2D  3D  2F 
  3s( 2)  3p( 4)  4s( 1)  4d( 1)  4f( 3)
 1S0 1D2 2S1 2D1 2D2 1D  2D  3F  2F 
  3s( 2)  3p( 4)  4s( 1)  4d( 1)  4f( 3)
 1S0 1D2 2S1 2D1 2D2 1D  2D  3G  2F 
  3s( 2)  3p( 4)  4s( 1)  4d( 1)  4f( 3)
 1S0 1D2 2S1 2D1 2F1 1D  2D  1S  2F 
  3s( 2)  3p( 4)  4s( 1)  4d( 1)  4f( 3)
 1S0 1D2 2S1 2D1 2F1 1D  2D  1P  2F 
  3s( 2)  3p( 4)  4s( 1)  4d( 1)  4f( 3)
 1S0 1D2 2S1 2D1 2F1 1D  2D  1D  2F 
  3s( 2)  3p( 4)  4s( 1)  4d( 1)  4f( 3)
 1S0 1D2 2S1 2D1 2F1 1D  2D  1F  2F 
  3s( 2)  3p( 4)  4s( 1)  4d( 1)  4f( 3)
 1S0 1D2 2S1 2D1 2F1 1D  2D  1G  2F 
  3s( 2)  3p( 4)  4s( 1)  4d( 1)  4f( 3)
 1S0 1D2 2S1 2D1 2F1 1D  2D  3S  2F 
  3s( 2)  3p( 4)  4s( 1)  4d( 1)  4f( 3)
 1S0 1D2 2S1 2D1 2F1 1D  2D  3P  2F 
  3s( 2)  3p( 4)  4s( 1)  4d( 1)  4f( 3)
 1S0 1D2 2S1 2D1 2F1 1D  2D  3D  2F 
  3s( 2)  3p( 4)  4s( 1)  4d( 1)  4f( 3)
 1S0 1D2 2S1 2D1 2F1 1D  2D  3F  2F 
  3s( 2)  3p( 4)  4s( 1)  4d( 1)  4f( 3)
 1S0 1D2 2S1 2D1 2F1 1D  2D  3G  2F 
  3s( 2)  3p( 4)  4s( 1)  4d( 1)  4f( 3)
 1S0 1D2 2S1 2D1 2F2 1D  2D  1S  2F 
  3s( 2)  3p( 4)  4s( 1)  4d( 1)  4f( 3)
 1S0 1D2 2S1 2D1 2F2 1D  2D  1P  2F 
  3s( 2)  3p( 4)  4s( 1)  4d( 1)  4f( 3)
 1S0 1D2 2S1 2D1 2F2 1D  2D  1D  2F 
  3s( 2)  3p( 4)  4s( 1)  4d( 1)  4f( 3)
 1S0 1D2 2S1 2D1 2F2 1D  2D  1F  2F 
  3s( 2)  3p( 4)  4s( 1)  4d( 1)  4f( 3)
 1S0 1D2 2S1 2D1 2F2 1D  2D  1G  2F 
  3s( 2)  3p( 4)  4s( 1)  4d( 1)  4f( 3)
 1S0 1D2 2S1 2D1 2F2 1D  2D  3S  2F 
  3s( 2)  3p( 4)  4s( 1)  4d( 1)  4f( 3)
 1S0 1D2 2S1 2D1 2F2 1D  2D  3P  2F 
  3s( 2)  3p( 4)  4s( 1)  4d( 1)  4f( 3)
 1S0 1D2 2S1 2D1 2F2 1D  2D  3D  2F 
  3s( 2)  3p( 4)  4s( 1)  4d( 1)  4f( 3)
 1S0 1D2 2S1 2D1 2F2 1D  2D  3F  2F 
  3s( 2)  3p( 4)  4s( 1)  4d( 1)  4f( 3)
 1S0 1D2 2S1 2D1 2F2 1D  2D  3G  2F 
  3s( 2)  3p( 4)  4s( 1)  4d( 1)  4f( 3)
 1S0 1D2 2S1 2D1 2G1 1D  2D  1P  2F 
  3s( 2)  3p( 4)  4s( 1)  4d( 1)  4f( 3)
 1S0 1D2 2S1 2D1 2G1 1D  2D  1D  2F 
  3s( 2)  3p( 4)  4s( 1)  4d( 1)  4f( 3)
 1S0 1D2 2S1 2D1 2G1 1D  2D  1F  2F 
  3s( 2)  3p( 4)  4s( 1)  4d( 1)  4f( 3)
 1S0 1D2 2S1 2D1 2G1 1D  2D  1G  2F 
  3s( 2)  3p( 4)  4s( 1)  4d( 1)  4f( 3)
 1S0 1D2 2S1 2D1 2G1 1D  2D  3P  2F 
  3s( 2)  3p( 4)  4s( 1)  4d( 1)  4f( 3)
 1S0 1D2 2S1 2D1 2G1 1D  2D  3D  2F 
  3s( 2)  3p( 4)  4s( 1)  4d( 1)  4f( 3)
 1S0 1D2 2S1 2D1 2G1 1D  2D  3F  2F 
  3s( 2)  3p( 4)  4s( 1)  4d( 1)  4f( 3)
 1S0 1D2 2S1 2D1 2G1 1D  2D  3G  2F 
  3s( 2)  3p( 4)  4s( 1)  4d( 1)  4f( 3)
 1S0 1D2 2S1 2D1 2G2 1D  2D  1P  2F 
  3s( 2)  3p( 4)  4s( 1)  4d( 1)  4f( 3)
 1S0 1D2 2S1 2D1 2G2 1D  2D  1D  2F 
  3s( 2)  3p( 4)  4s( 1)  4d( 1)  4f( 3)
 1S0 1D2 2S1 2D1 2G2 1D  2D  1F  2F 
  3s( 2)  3p( 4)  4s( 1)  4d( 1)  4f( 3)
 1S0 1D2 2S1 2D1 2G2 1D  2D  1G  2F 
  3s( 2)  3p( 4)  4s( 1)  4d( 1)  4f( 3)
 1S0 1D2 2S1 2D1 2G2 1D  2D  3P  2F 
  3s( 2)  3p( 4)  4s( 1)  4d( 1)  4f( 3)
 1S0 1D2 2S1 2D1 2G2 1D  2D  3D  2F 
  3s( 2)  3p( 4)  4s( 1)  4d( 1)  4f( 3)
 1S0 1D2 2S1 2D1 2G2 1D  2D  3F  2F 
  3s( 2)  3p( 4)  4s( 1)  4d( 1)  4f( 3)
 1S0 1D2 2S1 2D1 2G2 1D  2D  3G  2F 
  3s( 2)  3p( 4)  4s( 1)  4d( 1)  4f( 3)
 1S0 1D2 2S1 2D1 2H1 1D  2D  1D  2F 
  3s( 2)  3p( 4)  4s( 1)  4d( 1)  4f( 3)
 1S0 1D2 2S1 2D1 2H1 1D  2D  1F  2F 
  3s( 2)  3p( 4)  4s( 1)  4d( 1)  4f( 3)
 1S0 1D2 2S1 2D1 2H1 1D  2D  1G  2F 
  3s( 2)  3p( 4)  4s( 1)  4d( 1)  4f( 3)
 1S0 1D2 2S1 2D1 2H1 1D  2D  3D  2F 
  3s( 2)  3p( 4)  4s( 1)  4d( 1)  4f( 3)
 1S0 1D2 2S1 2D1 2H1 1D  2D  3F  2F 
  3s( 2)  3p( 4)  4s( 1)  4d( 1)  4f( 3)
 1S0 1D2 2S1 2D1 2H1 1D  2D  3G  2F 
  3s( 2)  3p( 4)  4s( 1)  4d( 1)  4f( 3)
 1S0 1D2 2S1 2D1 2H2 1D  2D  1D  2F 
  3s( 2)  3p( 4)  4s( 1)  4d( 1)  4f( 3)
 1S0 1D2 2S1 2D1 2H2 1D  2D  1F  2F 
  3s( 2)  3p( 4)  4s( 1)  4d( 1)  4f( 3)
 1S0 1D2 2S1 2D1 2H2 1D  2D  1G  2F 
  3s( 2)  3p( 4)  4s( 1)  4d( 1)  4f( 3)
 1S0 1D2 2S1 2D1 2H2 1D  2D  3D  2F 
  3s( 2)  3p( 4)  4s( 1)  4d( 1)  4f( 3)
 1S0 1D2 2S1 2D1 2H2 1D  2D  3F  2F 
  3s( 2)  3p( 4)  4s( 1)  4d( 1)  4f( 3)
 1S0 1D2 2S1 2D1 2H2 1D  2D  3G  2F 
  3s( 2)  3p( 4)  4s( 1)  4d( 1)  4f( 3)
 1S0 1D2 2S1 2D1 2I1 1D  2D  1F  2F 
  3s( 2)  3p( 4)  4s( 1)  4d( 1)  4f( 3)
 1S0 1D2 2S1 2D1 2I1 1D  2D  1G  2F 
  3s( 2)  3p( 4)  4s( 1)  4d( 1)  4f( 3)
 1S0 1D2 2S1 2D1 2I1 1D  2D  3F  2F 
  3s( 2)  3p( 4)  4s( 1)  4d( 1)  4f( 3)
 1S0 1D2 2S1 2D1 2I1 1D  2D  3G  2F 
  3s( 2)  3p( 4)  4s( 1)  4d( 1)  4f( 3)
 1S0 1D2 2S1 2D1 2K1 1D  2D  1G  2F 
  3s( 2)  3p( 4)  4s( 1)  4d( 1)  4f( 3)
 1S0 1D2 2S1 2D1 2K1 1D  2D  3G  2F 
  3s( 2)  3p( 4)  4s( 1)  4d( 1)  4f( 3)
 1S0 1D2 2S1 2D1 4S1 1D  2D  3F  2F 
  3s( 2)  3p( 4)  4s( 1)  4d( 1)  4f( 3)
 1S0 1D2 2S1 2D1 4D1 1D  2D  3P  2F 
  3s( 2)  3p( 4)  4s( 1)  4d( 1)  4f( 3)
 1S0 1D2 2S1 2D1 4D1 1D  2D  3D  2F 
  3s( 2)  3p( 4)  4s( 1)  4d( 1)  4f( 3)
 1S0 1D2 2S1 2D1 4D1 1D  2D  3F  2F 
  3s( 2)  3p( 4)  4s( 1)  4d( 1)  4f( 3)
 1S0 1D2 2S1 2D1 4D1 1D  2D  3G  2F 
  3s( 2)  3p( 4)  4s( 1)  4d( 1)  4f( 3)
 1S0 1D2 2S1 2D1 4F1 1D  2D  3S  2F 
  3s( 2)  3p( 4)  4s( 1)  4d( 1)  4f( 3)
 1S0 1D2 2S1 2D1 4F1 1D  2D  3P  2F 
  3s( 2)  3p( 4)  4s( 1)  4d( 1)  4f( 3)
 1S0 1D2 2S1 2D1 4F1 1D  2D  3D  2F 
  3s( 2)  3p( 4)  4s( 1)  4d( 1)  4f( 3)
 1S0 1D2 2S1 2D1 4F1 1D  2D  3F  2F 
  3s( 2)  3p( 4)  4s( 1)  4d( 1)  4f( 3)
 1S0 1D2 2S1 2D1 4F1 1D  2D  3G  2F 
  3s( 2)  3p( 4)  4s( 1)  4d( 1)  4f( 3)
 1S0 1D2 2S1 2D1 4G1 1D  2D  3P  2F 
  3s( 2)  3p( 4)  4s( 1)  4d( 1)  4f( 3)
 1S0 1D2 2S1 2D1 4G1 1D  2D  3D  2F 
  3s( 2)  3p( 4)  4s( 1)  4d( 1)  4f( 3)
 1S0 1D2 2S1 2D1 4G1 1D  2D  3F  2F 
  3s( 2)  3p( 4)  4s( 1)  4d( 1)  4f( 3)
 1S0 1D2 2S1 2D1 4G1 1D  2D  3G  2F 
  3s( 2)  3p( 4)  4s( 1)  4d( 1)  4f( 3)
 1S0 1D2 2S1 2D1 4I1 1D  2D  3F  2F 
  3s( 2)  3p( 4)  4s( 1)  4d( 1)  4f( 3)
 1S0 1D2 2S1 2D1 4I1 1D  2D  3G  2F 
  3s( 2)  3p( 4)  4s( 1)  4d( 1)  4f( 3)
 1S0 3P2 2S1 2D1 2P1 3P  2P  1D  2F 
  3s( 2)  3p( 4)  4s( 1)  4d( 1)  4f( 3)
 1S0 3P2 2S1 2D1 2P1 3P  2P  1F  2F 
  3s( 2)  3p( 4)  4s( 1)  4d( 1)  4f( 3)
 1S0 3P2 2S1 2D1 2P1 3P  2P  3D  2F 
  3s( 2)  3p( 4)  4s( 1)  4d( 1)  4f( 3)
 1S0 3P2 2S1 2D1 2P1 3P  2P  3F  2F 
  3s( 2)  3p( 4)  4s( 1)  4d( 1)  4f( 3)
 1S0 3P2 2S1 2D1 2P1 3P  4P  3D  2F 
  3s( 2)  3p( 4)  4s( 1)  4d( 1)  4f( 3)
 1S0 3P2 2S1 2D1 2P1 3P  4P  3F  2F 
  3s( 2)  3p( 4)  4s( 1)  4d( 1)  4f( 3)
 1S0 3P2 2S1 2D1 2D1 3P  2P  1P  2F 
  3s( 2)  3p( 4)  4s( 1)  4d( 1)  4f( 3)
 1S0 3P2 2S1 2D1 2D1 3P  2P  1D  2F 
  3s( 2)  3p( 4)  4s( 1)  4d( 1)  4f( 3)
 1S0 3P2 2S1 2D1 2D1 3P  2P  1F  2F 
  3s( 2)  3p( 4)  4s( 1)  4d( 1)  4f( 3)
 1S0 3P2 2S1 2D1 2D1 3P  2P  3P  2F 
  3s( 2)  3p( 4)  4s( 1)  4d( 1)  4f( 3)
 1S0 3P2 2S1 2D1 2D1 3P  2P  3D  2F 
  3s( 2)  3p( 4)  4s( 1)  4d( 1)  4f( 3)
 1S0 3P2 2S1 2D1 2D1 3P  2P  3F  2F 
  3s( 2)  3p( 4)  4s( 1)  4d( 1)  4f( 3)
 1S0 3P2 2S1 2D1 2D1 3P  4P  3P  2F 
  3s( 2)  3p( 4)  4s( 1)  4d( 1)  4f( 3)
 1S0 3P2 2S1 2D1 2D1 3P  4P  3D  2F 
  3s( 2)  3p( 4)  4s( 1)  4d( 1)  4f( 3)
 1S0 3P2 2S1 2D1 2D1 3P  4P  3F  2F 
  3s( 2)  3p( 4)  4s( 1)  4d( 1)  4f( 3)
 1S0 3P2 2S1 2D1 2D2 3P  2P  1P  2F 
  3s( 2)  3p( 4)  4s( 1)  4d( 1)  4f( 3)
 1S0 3P2 2S1 2D1 2D2 3P  2P  1D  2F 
  3s( 2)  3p( 4)  4s( 1)  4d( 1)  4f( 3)
 1S0 3P2 2S1 2D1 2D2 3P  2P  1F  2F 
  3s( 2)  3p( 4)  4s( 1)  4d( 1)  4f( 3)
 1S0 3P2 2S1 2D1 2D2 3P  2P  3P  2F 
  3s( 2)  3p( 4)  4s( 1)  4d( 1)  4f( 3)
 1S0 3P2 2S1 2D1 2D2 3P  2P  3D  2F 
  3s( 2)  3p( 4)  4s( 1)  4d( 1)  4f( 3)
 1S0 3P2 2S1 2D1 2D2 3P  2P  3F  2F 
  3s( 2)  3p( 4)  4s( 1)  4d( 1)  4f( 3)
 1S0 3P2 2S1 2D1 2D2 3P  4P  3P  2F 
  3s( 2)  3p( 4)  4s( 1)  4d( 1)  4f( 3)
 1S0 3P2 2S1 2D1 2D2 3P  4P  3D  2F 
  3s( 2)  3p( 4)  4s( 1)  4d( 1)  4f( 3)
 1S0 3P2 2S1 2D1 2D2 3P  4P  3F  2F 
  3s( 2)  3p( 4)  4s( 1)  4d( 1)  4f( 3)
 1S0 3P2 2S1 2D1 2F1 3P  2P  1P  2F 
  3s( 2)  3p( 4)  4s( 1)  4d( 1)  4f( 3)
 1S0 3P2 2S1 2D1 2F1 3P  2P  1D  2F 
  3s( 2)  3p( 4)  4s( 1)  4d( 1)  4f( 3)
 1S0 3P2 2S1 2D1 2F1 3P  2P  1F  2F 
  3s( 2)  3p( 4)  4s( 1)  4d( 1)  4f( 3)
 1S0 3P2 2S1 2D1 2F1 3P  2P  3P  2F 
  3s( 2)  3p( 4)  4s( 1)  4d( 1)  4f( 3)
 1S0 3P2 2S1 2D1 2F1 3P  2P  3D  2F 
  3s( 2)  3p( 4)  4s( 1)  4d( 1)  4f( 3)
 1S0 3P2 2S1 2D1 2F1 3P  2P  3F  2F 
  3s( 2)  3p( 4)  4s( 1)  4d( 1)  4f( 3)
 1S0 3P2 2S1 2D1 2F1 3P  4P  3P  2F 
  3s( 2)  3p( 4)  4s( 1)  4d( 1)  4f( 3)
 1S0 3P2 2S1 2D1 2F1 3P  4P  3D  2F 
  3s( 2)  3p( 4)  4s( 1)  4d( 1)  4f( 3)
 1S0 3P2 2S1 2D1 2F1 3P  4P  3F  2F 
  3s( 2)  3p( 4)  4s( 1)  4d( 1)  4f( 3)
 1S0 3P2 2S1 2D1 2F2 3P  2P  1P  2F 
  3s( 2)  3p( 4)  4s( 1)  4d( 1)  4f( 3)
 1S0 3P2 2S1 2D1 2F2 3P  2P  1D  2F 
  3s( 2)  3p( 4)  4s( 1)  4d( 1)  4f( 3)
 1S0 3P2 2S1 2D1 2F2 3P  2P  1F  2F 
  3s( 2)  3p( 4)  4s( 1)  4d( 1)  4f( 3)
 1S0 3P2 2S1 2D1 2F2 3P  2P  3P  2F 
  3s( 2)  3p( 4)  4s( 1)  4d( 1)  4f( 3)
 1S0 3P2 2S1 2D1 2F2 3P  2P  3D  2F 
  3s( 2)  3p( 4)  4s( 1)  4d( 1)  4f( 3)
 1S0 3P2 2S1 2D1 2F2 3P  2P  3F  2F 
  3s( 2)  3p( 4)  4s( 1)  4d( 1)  4f( 3)
 1S0 3P2 2S1 2D1 2F2 3P  4P  3P  2F 
  3s( 2)  3p( 4)  4s( 1)  4d( 1)  4f( 3)
 1S0 3P2 2S1 2D1 2F2 3P  4P  3D  2F 
  3s( 2)  3p( 4)  4s( 1)  4d( 1)  4f( 3)
 1S0 3P2 2S1 2D1 2F2 3P  4P  3F  2F 
  3s( 2)  3p( 4)  4s( 1)  4d( 1)  4f( 3)
 1S0 3P2 2S1 2D1 2G1 3P  2P  1P  2F 
  3s( 2)  3p( 4)  4s( 1)  4d( 1)  4f( 3)
 1S0 3P2 2S1 2D1 2G1 3P  2P  1D  2F 
  3s( 2)  3p( 4)  4s( 1)  4d( 1)  4f( 3)
 1S0 3P2 2S1 2D1 2G1 3P  2P  1F  2F 
  3s( 2)  3p( 4)  4s( 1)  4d( 1)  4f( 3)
 1S0 3P2 2S1 2D1 2G1 3P  2P  3P  2F 
  3s( 2)  3p( 4)  4s( 1)  4d( 1)  4f( 3)
 1S0 3P2 2S1 2D1 2G1 3P  2P  3D  2F 
  3s( 2)  3p( 4)  4s( 1)  4d( 1)  4f( 3)
 1S0 3P2 2S1 2D1 2G1 3P  2P  3F  2F 
  3s( 2)  3p( 4)  4s( 1)  4d( 1)  4f( 3)
 1S0 3P2 2S1 2D1 2G1 3P  4P  3P  2F 
  3s( 2)  3p( 4)  4s( 1)  4d( 1)  4f( 3)
 1S0 3P2 2S1 2D1 2G1 3P  4P  3D  2F 
  3s( 2)  3p( 4)  4s( 1)  4d( 1)  4f( 3)
 1S0 3P2 2S1 2D1 2G1 3P  4P  3F  2F 
  3s( 2)  3p( 4)  4s( 1)  4d( 1)  4f( 3)
 1S0 3P2 2S1 2D1 2G2 3P  2P  1P  2F 
  3s( 2)  3p( 4)  4s( 1)  4d( 1)  4f( 3)
 1S0 3P2 2S1 2D1 2G2 3P  2P  1D  2F 
  3s( 2)  3p( 4)  4s( 1)  4d( 1)  4f( 3)
 1S0 3P2 2S1 2D1 2G2 3P  2P  1F  2F 
  3s( 2)  3p( 4)  4s( 1)  4d( 1)  4f( 3)
 1S0 3P2 2S1 2D1 2G2 3P  2P  3P  2F 
  3s( 2)  3p( 4)  4s( 1)  4d( 1)  4f( 3)
 1S0 3P2 2S1 2D1 2G2 3P  2P  3D  2F 
  3s( 2)  3p( 4)  4s( 1)  4d( 1)  4f( 3)
 1S0 3P2 2S1 2D1 2G2 3P  2P  3F  2F 
  3s( 2)  3p( 4)  4s( 1)  4d( 1)  4f( 3)
 1S0 3P2 2S1 2D1 2G2 3P  4P  3P  2F 
  3s( 2)  3p( 4)  4s( 1)  4d( 1)  4f( 3)
 1S0 3P2 2S1 2D1 2G2 3P  4P  3D  2F 
  3s( 2)  3p( 4)  4s( 1)  4d( 1)  4f( 3)
 1S0 3P2 2S1 2D1 2G2 3P  4P  3F  2F 
  3s( 2)  3p( 4)  4s( 1)  4d( 1)  4f( 3)
 1S0 3P2 2S1 2D1 2H1 3P  2P  1D  2F 
  3s( 2)  3p( 4)  4s( 1)  4d( 1)  4f( 3)
 1S0 3P2 2S1 2D1 2H1 3P  2P  1F  2F 
  3s( 2)  3p( 4)  4s( 1)  4d( 1)  4f( 3)
 1S0 3P2 2S1 2D1 2H1 3P  2P  3D  2F 
  3s( 2)  3p( 4)  4s( 1)  4d( 1)  4f( 3)
 1S0 3P2 2S1 2D1 2H1 3P  2P  3F  2F 
  3s( 2)  3p( 4)  4s( 1)  4d( 1)  4f( 3)
 1S0 3P2 2S1 2D1 2H1 3P  4P  3D  2F 
  3s( 2)  3p( 4)  4s( 1)  4d( 1)  4f( 3)
 1S0 3P2 2S1 2D1 2H1 3P  4P  3F  2F 
  3s( 2)  3p( 4)  4s( 1)  4d( 1)  4f( 3)
 1S0 3P2 2S1 2D1 2H2 3P  2P  1D  2F 
  3s( 2)  3p( 4)  4s( 1)  4d( 1)  4f( 3)
 1S0 3P2 2S1 2D1 2H2 3P  2P  1F  2F 
  3s( 2)  3p( 4)  4s( 1)  4d( 1)  4f( 3)
 1S0 3P2 2S1 2D1 2H2 3P  2P  3D  2F 
  3s( 2)  3p( 4)  4s( 1)  4d( 1)  4f( 3)
 1S0 3P2 2S1 2D1 2H2 3P  2P  3F  2F 
  3s( 2)  3p( 4)  4s( 1)  4d( 1)  4f( 3)
 1S0 3P2 2S1 2D1 2H2 3P  4P  3D  2F 
  3s( 2)  3p( 4)  4s( 1)  4d( 1)  4f( 3)
 1S0 3P2 2S1 2D1 2H2 3P  4P  3F  2F 
  3s( 2)  3p( 4)  4s( 1)  4d( 1)  4f( 3)
 1S0 3P2 2S1 2D1 2I1 3P  2P  1F  2F 
  3s( 2)  3p( 4)  4s( 1)  4d( 1)  4f( 3)
 1S0 3P2 2S1 2D1 2I1 3P  2P  3F  2F 
  3s( 2)  3p( 4)  4s( 1)  4d( 1)  4f( 3)
 1S0 3P2 2S1 2D1 2I1 3P  4P  3F  2F 
  3s( 2)  3p( 4)  4s( 1)  4d( 1)  4f( 3)
 1S0 3P2 2S1 2D1 4S1 3P  2P  3F  2F 
  3s( 2)  3p( 4)  4s( 1)  4d( 1)  4f( 3)
 1S0 3P2 2S1 2D1 4S1 3P  4P  3F  2F 
  3s( 2)  3p( 4)  4s( 1)  4d( 1)  4f( 3)
 1S0 3P2 2S1 2D1 4S1 3P  4P  5F  2F 
  3s( 2)  3p( 4)  4s( 1)  4d( 1)  4f( 3)
 1S0 3P2 2S1 2D1 4D1 3P  2P  3P  2F 
  3s( 2)  3p( 4)  4s( 1)  4d( 1)  4f( 3)
 1S0 3P2 2S1 2D1 4D1 3P  2P  3D  2F 
  3s( 2)  3p( 4)  4s( 1)  4d( 1)  4f( 3)
 1S0 3P2 2S1 2D1 4D1 3P  2P  3F  2F 
  3s( 2)  3p( 4)  4s( 1)  4d( 1)  4f( 3)
 1S0 3P2 2S1 2D1 4D1 3P  4P  3P  2F 
  3s( 2)  3p( 4)  4s( 1)  4d( 1)  4f( 3)
 1S0 3P2 2S1 2D1 4D1 3P  4P  3D  2F 
  3s( 2)  3p( 4)  4s( 1)  4d( 1)  4f( 3)
 1S0 3P2 2S1 2D1 4D1 3P  4P  3F  2F 
  3s( 2)  3p( 4)  4s( 1)  4d( 1)  4f( 3)
 1S0 3P2 2S1 2D1 4D1 3P  4P  5P  2F 
  3s( 2)  3p( 4)  4s( 1)  4d( 1)  4f( 3)
 1S0 3P2 2S1 2D1 4D1 3P  4P  5D  2F 
  3s( 2)  3p( 4)  4s( 1)  4d( 1)  4f( 3)
 1S0 3P2 2S1 2D1 4D1 3P  4P  5F  2F 
  3s( 2)  3p( 4)  4s( 1)  4d( 1)  4f( 3)
 1S0 3P2 2S1 2D1 4F1 3P  2P  3P  2F 
  3s( 2)  3p( 4)  4s( 1)  4d( 1)  4f( 3)
 1S0 3P2 2S1 2D1 4F1 3P  2P  3D  2F 
  3s( 2)  3p( 4)  4s( 1)  4d( 1)  4f( 3)
 1S0 3P2 2S1 2D1 4F1 3P  2P  3F  2F 
  3s( 2)  3p( 4)  4s( 1)  4d( 1)  4f( 3)
 1S0 3P2 2S1 2D1 4F1 3P  4P  3P  2F 
  3s( 2)  3p( 4)  4s( 1)  4d( 1)  4f( 3)
 1S0 3P2 2S1 2D1 4F1 3P  4P  3D  2F 
  3s( 2)  3p( 4)  4s( 1)  4d( 1)  4f( 3)
 1S0 3P2 2S1 2D1 4F1 3P  4P  3F  2F 
  3s( 2)  3p( 4)  4s( 1)  4d( 1)  4f( 3)
 1S0 3P2 2S1 2D1 4F1 3P  4P  5P  2F 
  3s( 2)  3p( 4)  4s( 1)  4d( 1)  4f( 3)
 1S0 3P2 2S1 2D1 4F1 3P  4P  5D  2F 
  3s( 2)  3p( 4)  4s( 1)  4d( 1)  4f( 3)
 1S0 3P2 2S1 2D1 4F1 3P  4P  5F  2F 
  3s( 2)  3p( 4)  4s( 1)  4d( 1)  4f( 3)
 1S0 3P2 2S1 2D1 4G1 3P  2P  3P  2F 
  3s( 2)  3p( 4)  4s( 1)  4d( 1)  4f( 3)
 1S0 3P2 2S1 2D1 4G1 3P  2P  3D  2F 
  3s( 2)  3p( 4)  4s( 1)  4d( 1)  4f( 3)
 1S0 3P2 2S1 2D1 4G1 3P  2P  3F  2F 
  3s( 2)  3p( 4)  4s( 1)  4d( 1)  4f( 3)
 1S0 3P2 2S1 2D1 4G1 3P  4P  3P  2F 
  3s( 2)  3p( 4)  4s( 1)  4d( 1)  4f( 3)
 1S0 3P2 2S1 2D1 4G1 3P  4P  3D  2F 
  3s( 2)  3p( 4)  4s( 1)  4d( 1)  4f( 3)
 1S0 3P2 2S1 2D1 4G1 3P  4P  3F  2F 
  3s( 2)  3p( 4)  4s( 1)  4d( 1)  4f( 3)
 1S0 3P2 2S1 2D1 4G1 3P  4P  5P  2F 
  3s( 2)  3p( 4)  4s( 1)  4d( 1)  4f( 3)
 1S0 3P2 2S1 2D1 4G1 3P  4P  5D  2F 
  3s( 2)  3p( 4)  4s( 1)  4d( 1)  4f( 3)
 1S0 3P2 2S1 2D1 4G1 3P  4P  5F  2F 
  3s( 2)  3p( 4)  4s( 1)  4d( 1)  4f( 3)
 1S0 3P2 2S1 2D1 4I1 3P  2P  3F  2F 
  3s( 2)  3p( 4)  4s( 1)  4d( 1)  4f( 3)
 1S0 3P2 2S1 2D1 4I1 3P  4P  3F  2F 
  3s( 2)  3p( 4)  4s( 1)  4d( 1)  4f( 3)
 1S0 3P2 2S1 2D1 4I1 3P  4P  5F  2F 
  3s( 2)  3p( 4)  4p( 2)  4f( 3)
 1S0 1S0 1S0 2F1 1S  1S  2F 
  3s( 2)  3p( 4)  4p( 2)  4f( 3)
 1S0 1S0 1S0 2F2 1S  1S  2F 
  3s( 2)  3p( 4)  4p( 2)  4f( 3)
 1S0 1S0 1D2 2P1 1S  1D  2F 
  3s( 2)  3p( 4)  4p( 2)  4f( 3)
 1S0 1S0 1D2 2D1 1S  1D  2F 
  3s( 2)  3p( 4)  4p( 2)  4f( 3)
 1S0 1S0 1D2 2D2 1S  1D  2F 
  3s( 2)  3p( 4)  4p( 2)  4f( 3)
 1S0 1S0 1D2 2F1 1S  1D  2F 
  3s( 2)  3p( 4)  4p( 2)  4f( 3)
 1S0 1S0 1D2 2F2 1S  1D  2F 
  3s( 2)  3p( 4)  4p( 2)  4f( 3)
 1S0 1S0 1D2 2G1 1S  1D  2F 
  3s( 2)  3p( 4)  4p( 2)  4f( 3)
 1S0 1S0 1D2 2G2 1S  1D  2F 
  3s( 2)  3p( 4)  4p( 2)  4f( 3)
 1S0 1S0 1D2 2H1 1S  1D  2F 
  3s( 2)  3p( 4)  4p( 2)  4f( 3)
 1S0 1S0 1D2 2H2 1S  1D  2F 
  3s( 2)  3p( 4)  4p( 2)  4f( 3)
 1S0 1S0 3P2 2D1 1S  3P  2F 
  3s( 2)  3p( 4)  4p( 2)  4f( 3)
 1S0 1S0 3P2 2D2 1S  3P  2F 
  3s( 2)  3p( 4)  4p( 2)  4f( 3)
 1S0 1S0 3P2 2F1 1S  3P  2F 
  3s( 2)  3p( 4)  4p( 2)  4f( 3)
 1S0 1S0 3P2 2F2 1S  3P  2F 
  3s( 2)  3p( 4)  4p( 2)  4f( 3)
 1S0 1S0 3P2 2G1 1S  3P  2F 
  3s( 2)  3p( 4)  4p( 2)  4f( 3)
 1S0 1S0 3P2 2G2 1S  3P  2F 
  3s( 2)  3p( 4)  4p( 2)  4f( 3)
 1S0 1S0 3P2 4D1 1S  3P  2F 
  3s( 2)  3p( 4)  4p( 2)  4f( 3)
 1S0 1S0 3P2 4F1 1S  3P  2F 
  3s( 2)  3p( 4)  4p( 2)  4f( 3)
 1S0 1S0 3P2 4G1 1S  3P  2F 
  3s( 2)  3p( 4)  4p( 2)  4f( 3)
 1S0 1D2 1S0 2P1 1D  1D  2F 
  3s( 2)  3p( 4)  4p( 2)  4f( 3)
 1S0 1D2 1S0 2D1 1D  1D  2F 
  3s( 2)  3p( 4)  4p( 2)  4f( 3)
 1S0 1D2 1S0 2D2 1D  1D  2F 
  3s( 2)  3p( 4)  4p( 2)  4f( 3)
 1S0 1D2 1S0 2F1 1D  1D  2F 
  3s( 2)  3p( 4)  4p( 2)  4f( 3)
 1S0 1D2 1S0 2F2 1D  1D  2F 
  3s( 2)  3p( 4)  4p( 2)  4f( 3)
 1S0 1D2 1S0 2G1 1D  1D  2F 
  3s( 2)  3p( 4)  4p( 2)  4f( 3)
 1S0 1D2 1S0 2G2 1D  1D  2F 
  3s( 2)  3p( 4)  4p( 2)  4f( 3)
 1S0 1D2 1S0 2H1 1D  1D  2F 
  3s( 2)  3p( 4)  4p( 2)  4f( 3)
 1S0 1D2 1S0 2H2 1D  1D  2F 
  3s( 2)  3p( 4)  4p( 2)  4f( 3)
 1S0 1D2 1D2 2P1 1D  1D  2F 
  3s( 2)  3p( 4)  4p( 2)  4f( 3)
 1S0 1D2 1D2 2P1 1D  1F  2F 
  3s( 2)  3p( 4)  4p( 2)  4f( 3)
 1S0 1D2 1D2 2P1 1D  1G  2F 
  3s( 2)  3p( 4)  4p( 2)  4f( 3)
 1S0 1D2 1D2 2D1 1D  1P  2F 
  3s( 2)  3p( 4)  4p( 2)  4f( 3)
 1S0 1D2 1D2 2D1 1D  1D  2F 
  3s( 2)  3p( 4)  4p( 2)  4f( 3)
 1S0 1D2 1D2 2D1 1D  1F  2F 
  3s( 2)  3p( 4)  4p( 2)  4f( 3)
 1S0 1D2 1D2 2D1 1D  1G  2F 
  3s( 2)  3p( 4)  4p( 2)  4f( 3)
 1S0 1D2 1D2 2D2 1D  1P  2F 
  3s( 2)  3p( 4)  4p( 2)  4f( 3)
 1S0 1D2 1D2 2D2 1D  1D  2F 
  3s( 2)  3p( 4)  4p( 2)  4f( 3)
 1S0 1D2 1D2 2D2 1D  1F  2F 
  3s( 2)  3p( 4)  4p( 2)  4f( 3)
 1S0 1D2 1D2 2D2 1D  1G  2F 
  3s( 2)  3p( 4)  4p( 2)  4f( 3)
 1S0 1D2 1D2 2F1 1D  1S  2F 
  3s( 2)  3p( 4)  4p( 2)  4f( 3)
 1S0 1D2 1D2 2F1 1D  1P  2F 
  3s( 2)  3p( 4)  4p( 2)  4f( 3)
 1S0 1D2 1D2 2F1 1D  1D  2F 
  3s( 2)  3p( 4)  4p( 2)  4f( 3)
 1S0 1D2 1D2 2F1 1D  1F  2F 
  3s( 2)  3p( 4)  4p( 2)  4f( 3)
 1S0 1D2 1D2 2F1 1D  1G  2F 
  3s( 2)  3p( 4)  4p( 2)  4f( 3)
 1S0 1D2 1D2 2F2 1D  1S  2F 
  3s( 2)  3p( 4)  4p( 2)  4f( 3)
 1S0 1D2 1D2 2F2 1D  1P  2F 
  3s( 2)  3p( 4)  4p( 2)  4f( 3)
 1S0 1D2 1D2 2F2 1D  1D  2F 
  3s( 2)  3p( 4)  4p( 2)  4f( 3)
 1S0 1D2 1D2 2F2 1D  1F  2F 
  3s( 2)  3p( 4)  4p( 2)  4f( 3)
 1S0 1D2 1D2 2F2 1D  1G  2F 
  3s( 2)  3p( 4)  4p( 2)  4f( 3)
 1S0 1D2 1D2 2G1 1D  1P  2F 
  3s( 2)  3p( 4)  4p( 2)  4f( 3)
 1S0 1D2 1D2 2G1 1D  1D  2F 
  3s( 2)  3p( 4)  4p( 2)  4f( 3)
 1S0 1D2 1D2 2G1 1D  1F  2F 
  3s( 2)  3p( 4)  4p( 2)  4f( 3)
 1S0 1D2 1D2 2G1 1D  1G  2F 
  3s( 2)  3p( 4)  4p( 2)  4f( 3)
 1S0 1D2 1D2 2G2 1D  1P  2F 
  3s( 2)  3p( 4)  4p( 2)  4f( 3)
 1S0 1D2 1D2 2G2 1D  1D  2F 
  3s( 2)  3p( 4)  4p( 2)  4f( 3)
 1S0 1D2 1D2 2G2 1D  1F  2F 
  3s( 2)  3p( 4)  4p( 2)  4f( 3)
 1S0 1D2 1D2 2G2 1D  1G  2F 
  3s( 2)  3p( 4)  4p( 2)  4f( 3)
 1S0 1D2 1D2 2H1 1D  1D  2F 
  3s( 2)  3p( 4)  4p( 2)  4f( 3)
 1S0 1D2 1D2 2H1 1D  1F  2F 
  3s( 2)  3p( 4)  4p( 2)  4f( 3)
 1S0 1D2 1D2 2H1 1D  1G  2F 
  3s( 2)  3p( 4)  4p( 2)  4f( 3)
 1S0 1D2 1D2 2H2 1D  1D  2F 
  3s( 2)  3p( 4)  4p( 2)  4f( 3)
 1S0 1D2 1D2 2H2 1D  1F  2F 
  3s( 2)  3p( 4)  4p( 2)  4f( 3)
 1S0 1D2 1D2 2H2 1D  1G  2F 
  3s( 2)  3p( 4)  4p( 2)  4f( 3)
 1S0 1D2 1D2 2I1 1D  1F  2F 
  3s( 2)  3p( 4)  4p( 2)  4f( 3)
 1S0 1D2 1D2 2I1 1D  1G  2F 
  3s( 2)  3p( 4)  4p( 2)  4f( 3)
 1S0 1D2 1D2 2K1 1D  1G  2F 
  3s( 2)  3p( 4)  4p( 2)  4f( 3)
 1S0 1D2 3P2 2P1 1D  3D  2F 
  3s( 2)  3p( 4)  4p( 2)  4f( 3)
 1S0 1D2 3P2 2P1 1D  3F  2F 
  3s( 2)  3p( 4)  4p( 2)  4f( 3)
 1S0 1D2 3P2 2D1 1D  3P  2F 
  3s( 2)  3p( 4)  4p( 2)  4f( 3)
 1S0 1D2 3P2 2D1 1D  3D  2F 
  3s( 2)  3p( 4)  4p( 2)  4f( 3)
 1S0 1D2 3P2 2D1 1D  3F  2F 
  3s( 2)  3p( 4)  4p( 2)  4f( 3)
 1S0 1D2 3P2 2D2 1D  3P  2F 
  3s( 2)  3p( 4)  4p( 2)  4f( 3)
 1S0 1D2 3P2 2D2 1D  3D  2F 
  3s( 2)  3p( 4)  4p( 2)  4f( 3)
 1S0 1D2 3P2 2D2 1D  3F  2F 
  3s( 2)  3p( 4)  4p( 2)  4f( 3)
 1S0 1D2 3P2 2F1 1D  3P  2F 
  3s( 2)  3p( 4)  4p( 2)  4f( 3)
 1S0 1D2 3P2 2F1 1D  3D  2F 
  3s( 2)  3p( 4)  4p( 2)  4f( 3)
 1S0 1D2 3P2 2F1 1D  3F  2F 
  3s( 2)  3p( 4)  4p( 2)  4f( 3)
 1S0 1D2 3P2 2F2 1D  3P  2F 
  3s( 2)  3p( 4)  4p( 2)  4f( 3)
 1S0 1D2 3P2 2F2 1D  3D  2F 
  3s( 2)  3p( 4)  4p( 2)  4f( 3)
 1S0 1D2 3P2 2F2 1D  3F  2F 
  3s( 2)  3p( 4)  4p( 2)  4f( 3)
 1S0 1D2 3P2 2G1 1D  3P  2F 
  3s( 2)  3p( 4)  4p( 2)  4f( 3)
 1S0 1D2 3P2 2G1 1D  3D  2F 
  3s( 2)  3p( 4)  4p( 2)  4f( 3)
 1S0 1D2 3P2 2G1 1D  3F  2F 
  3s( 2)  3p( 4)  4p( 2)  4f( 3)
 1S0 1D2 3P2 2G2 1D  3P  2F 
  3s( 2)  3p( 4)  4p( 2)  4f( 3)
 1S0 1D2 3P2 2G2 1D  3D  2F 
  3s( 2)  3p( 4)  4p( 2)  4f( 3)
 1S0 1D2 3P2 2G2 1D  3F  2F 
  3s( 2)  3p( 4)  4p( 2)  4f( 3)
 1S0 1D2 3P2 2H1 1D  3D  2F 
  3s( 2)  3p( 4)  4p( 2)  4f( 3)
 1S0 1D2 3P2 2H1 1D  3F  2F 
  3s( 2)  3p( 4)  4p( 2)  4f( 3)
 1S0 1D2 3P2 2H2 1D  3D  2F 
  3s( 2)  3p( 4)  4p( 2)  4f( 3)
 1S0 1D2 3P2 2H2 1D  3F  2F 
  3s( 2)  3p( 4)  4p( 2)  4f( 3)
 1S0 1D2 3P2 2I1 1D  3F  2F 
  3s( 2)  3p( 4)  4p( 2)  4f( 3)
 1S0 1D2 3P2 4S1 1D  3F  2F 
  3s( 2)  3p( 4)  4p( 2)  4f( 3)
 1S0 1D2 3P2 4D1 1D  3P  2F 
  3s( 2)  3p( 4)  4p( 2)  4f( 3)
 1S0 1D2 3P2 4D1 1D  3D  2F 
  3s( 2)  3p( 4)  4p( 2)  4f( 3)
 1S0 1D2 3P2 4D1 1D  3F  2F 
  3s( 2)  3p( 4)  4p( 2)  4f( 3)
 1S0 1D2 3P2 4F1 1D  3P  2F 
  3s( 2)  3p( 4)  4p( 2)  4f( 3)
 1S0 1D2 3P2 4F1 1D  3D  2F 
  3s( 2)  3p( 4)  4p( 2)  4f( 3)
 1S0 1D2 3P2 4F1 1D  3F  2F 
  3s( 2)  3p( 4)  4p( 2)  4f( 3)
 1S0 1D2 3P2 4G1 1D  3P  2F 
  3s( 2)  3p( 4)  4p( 2)  4f( 3)
 1S0 1D2 3P2 4G1 1D  3D  2F 
  3s( 2)  3p( 4)  4p( 2)  4f( 3)
 1S0 1D2 3P2 4G1 1D  3F  2F 
  3s( 2)  3p( 4)  4p( 2)  4f( 3)
 1S0 1D2 3P2 4I1 1D  3F  2F 
  3s( 2)  3p( 4)  4p( 2)  4f( 3)
 1S0 3P2 1S0 2D1 3P  3P  2F 
  3s( 2)  3p( 4)  4p( 2)  4f( 3)
 1S0 3P2 1S0 2D2 3P  3P  2F 
  3s( 2)  3p( 4)  4p( 2)  4f( 3)
 1S0 3P2 1S0 2F1 3P  3P  2F 
  3s( 2)  3p( 4)  4p( 2)  4f( 3)
 1S0 3P2 1S0 2F2 3P  3P  2F 
  3s( 2)  3p( 4)  4p( 2)  4f( 3)
 1S0 3P2 1S0 2G1 3P  3P  2F 
  3s( 2)  3p( 4)  4p( 2)  4f( 3)
 1S0 3P2 1S0 2G2 3P  3P  2F 
  3s( 2)  3p( 4)  4p( 2)  4f( 3)
 1S0 3P2 1S0 4D1 3P  3P  2F 
  3s( 2)  3p( 4)  4p( 2)  4f( 3)
 1S0 3P2 1S0 4F1 3P  3P  2F 
  3s( 2)  3p( 4)  4p( 2)  4f( 3)
 1S0 3P2 1S0 4G1 3P  3P  2F 
  3s( 2)  3p( 4)  4p( 2)  4f( 3)
 1S0 3P2 1D2 2P1 3P  3D  2F 
  3s( 2)  3p( 4)  4p( 2)  4f( 3)
 1S0 3P2 1D2 2P1 3P  3F  2F 
  3s( 2)  3p( 4)  4p( 2)  4f( 3)
 1S0 3P2 1D2 2D1 3P  3P  2F 
  3s( 2)  3p( 4)  4p( 2)  4f( 3)
 1S0 3P2 1D2 2D1 3P  3D  2F 
  3s( 2)  3p( 4)  4p( 2)  4f( 3)
 1S0 3P2 1D2 2D1 3P  3F  2F 
  3s( 2)  3p( 4)  4p( 2)  4f( 3)
 1S0 3P2 1D2 2D2 3P  3P  2F 
  3s( 2)  3p( 4)  4p( 2)  4f( 3)
 1S0 3P2 1D2 2D2 3P  3D  2F 
  3s( 2)  3p( 4)  4p( 2)  4f( 3)
 1S0 3P2 1D2 2D2 3P  3F  2F 
  3s( 2)  3p( 4)  4p( 2)  4f( 3)
 1S0 3P2 1D2 2F1 3P  3P  2F 
  3s( 2)  3p( 4)  4p( 2)  4f( 3)
 1S0 3P2 1D2 2F1 3P  3D  2F 
  3s( 2)  3p( 4)  4p( 2)  4f( 3)
 1S0 3P2 1D2 2F1 3P  3F  2F 
  3s( 2)  3p( 4)  4p( 2)  4f( 3)
 1S0 3P2 1D2 2F2 3P  3P  2F 
  3s( 2)  3p( 4)  4p( 2)  4f( 3)
 1S0 3P2 1D2 2F2 3P  3D  2F 
  3s( 2)  3p( 4)  4p( 2)  4f( 3)
 1S0 3P2 1D2 2F2 3P  3F  2F 
  3s( 2)  3p( 4)  4p( 2)  4f( 3)
 1S0 3P2 1D2 2G1 3P  3P  2F 
  3s( 2)  3p( 4)  4p( 2)  4f( 3)
 1S0 3P2 1D2 2G1 3P  3D  2F 
  3s( 2)  3p( 4)  4p( 2)  4f( 3)
 1S0 3P2 1D2 2G1 3P  3F  2F 
  3s( 2)  3p( 4)  4p( 2)  4f( 3)
 1S0 3P2 1D2 2G2 3P  3P  2F 
  3s( 2)  3p( 4)  4p( 2)  4f( 3)
 1S0 3P2 1D2 2G2 3P  3D  2F 
  3s( 2)  3p( 4)  4p( 2)  4f( 3)
 1S0 3P2 1D2 2G2 3P  3F  2F 
  3s( 2)  3p( 4)  4p( 2)  4f( 3)
 1S0 3P2 1D2 2H1 3P  3D  2F 
  3s( 2)  3p( 4)  4p( 2)  4f( 3)
 1S0 3P2 1D2 2H1 3P  3F  2F 
  3s( 2)  3p( 4)  4p( 2)  4f( 3)
 1S0 3P2 1D2 2H2 3P  3D  2F 
  3s( 2)  3p( 4)  4p( 2)  4f( 3)
 1S0 3P2 1D2 2H2 3P  3F  2F 
  3s( 2)  3p( 4)  4p( 2)  4f( 3)
 1S0 3P2 1D2 2I1 3P  3F  2F 
  3s( 2)  3p( 4)  4p( 2)  4f( 3)
 1S0 3P2 1D2 4S1 3P  3F  2F 
  3s( 2)  3p( 4)  4p( 2)  4f( 3)
 1S0 3P2 1D2 4D1 3P  3P  2F 
  3s( 2)  3p( 4)  4p( 2)  4f( 3)
 1S0 3P2 1D2 4D1 3P  3D  2F 
  3s( 2)  3p( 4)  4p( 2)  4f( 3)
 1S0 3P2 1D2 4D1 3P  3F  2F 
  3s( 2)  3p( 4)  4p( 2)  4f( 3)
 1S0 3P2 1D2 4F1 3P  3P  2F 
  3s( 2)  3p( 4)  4p( 2)  4f( 3)
 1S0 3P2 1D2 4F1 3P  3D  2F 
  3s( 2)  3p( 4)  4p( 2)  4f( 3)
 1S0 3P2 1D2 4F1 3P  3F  2F 
  3s( 2)  3p( 4)  4p( 2)  4f( 3)
 1S0 3P2 1D2 4G1 3P  3P  2F 
  3s( 2)  3p( 4)  4p( 2)  4f( 3)
 1S0 3P2 1D2 4G1 3P  3D  2F 
  3s( 2)  3p( 4)  4p( 2)  4f( 3)
 1S0 3P2 1D2 4G1 3P  3F  2F 
  3s( 2)  3p( 4)  4p( 2)  4f( 3)
 1S0 3P2 1D2 4I1 3P  3F  2F 
  3s( 2)  3p( 4)  4p( 2)  4f( 3)
 1S0 3P2 3P2 2P1 3P  1D  2F 
  3s( 2)  3p( 4)  4p( 2)  4f( 3)
 1S0 3P2 3P2 2P1 3P  3D  2F 
  3s( 2)  3p( 4)  4p( 2)  4f( 3)
 1S0 3P2 3P2 2D1 3P  1P  2F 
  3s( 2)  3p( 4)  4p( 2)  4f( 3)
 1S0 3P2 3P2 2D1 3P  1D  2F 
  3s( 2)  3p( 4)  4p( 2)  4f( 3)
 1S0 3P2 3P2 2D1 3P  3P  2F 
  3s( 2)  3p( 4)  4p( 2)  4f( 3)
 1S0 3P2 3P2 2D1 3P  3D  2F 
  3s( 2)  3p( 4)  4p( 2)  4f( 3)
 1S0 3P2 3P2 2D2 3P  1P  2F 
  3s( 2)  3p( 4)  4p( 2)  4f( 3)
 1S0 3P2 3P2 2D2 3P  1D  2F 
  3s( 2)  3p( 4)  4p( 2)  4f( 3)
 1S0 3P2 3P2 2D2 3P  3P  2F 
  3s( 2)  3p( 4)  4p( 2)  4f( 3)
 1S0 3P2 3P2 2D2 3P  3D  2F 
  3s( 2)  3p( 4)  4p( 2)  4f( 3)
 1S0 3P2 3P2 2F1 3P  1S  2F 
  3s( 2)  3p( 4)  4p( 2)  4f( 3)
 1S0 3P2 3P2 2F1 3P  1P  2F 
  3s( 2)  3p( 4)  4p( 2)  4f( 3)
 1S0 3P2 3P2 2F1 3P  1D  2F 
  3s( 2)  3p( 4)  4p( 2)  4f( 3)
 1S0 3P2 3P2 2F1 3P  3S  2F 
  3s( 2)  3p( 4)  4p( 2)  4f( 3)
 1S0 3P2 3P2 2F1 3P  3P  2F 
  3s( 2)  3p( 4)  4p( 2)  4f( 3)
 1S0 3P2 3P2 2F1 3P  3D  2F 
  3s( 2)  3p( 4)  4p( 2)  4f( 3)
 1S0 3P2 3P2 2F2 3P  1S  2F 
  3s( 2)  3p( 4)  4p( 2)  4f( 3)
 1S0 3P2 3P2 2F2 3P  1P  2F 
  3s( 2)  3p( 4)  4p( 2)  4f( 3)
 1S0 3P2 3P2 2F2 3P  1D  2F 
  3s( 2)  3p( 4)  4p( 2)  4f( 3)
 1S0 3P2 3P2 2F2 3P  3S  2F 
  3s( 2)  3p( 4)  4p( 2)  4f( 3)
 1S0 3P2 3P2 2F2 3P  3P  2F 
  3s( 2)  3p( 4)  4p( 2)  4f( 3)
 1S0 3P2 3P2 2F2 3P  3D  2F 
  3s( 2)  3p( 4)  4p( 2)  4f( 3)
 1S0 3P2 3P2 2G1 3P  1P  2F 
  3s( 2)  3p( 4)  4p( 2)  4f( 3)
 1S0 3P2 3P2 2G1 3P  1D  2F 
  3s( 2)  3p( 4)  4p( 2)  4f( 3)
 1S0 3P2 3P2 2G1 3P  3P  2F 
  3s( 2)  3p( 4)  4p( 2)  4f( 3)
 1S0 3P2 3P2 2G1 3P  3D  2F 
  3s( 2)  3p( 4)  4p( 2)  4f( 3)
 1S0 3P2 3P2 2G2 3P  1P  2F 
  3s( 2)  3p( 4)  4p( 2)  4f( 3)
 1S0 3P2 3P2 2G2 3P  1D  2F 
  3s( 2)  3p( 4)  4p( 2)  4f( 3)
 1S0 3P2 3P2 2G2 3P  3P  2F 
  3s( 2)  3p( 4)  4p( 2)  4f( 3)
 1S0 3P2 3P2 2G2 3P  3D  2F 
  3s( 2)  3p( 4)  4p( 2)  4f( 3)
 1S0 3P2 3P2 2H1 3P  1D  2F 
  3s( 2)  3p( 4)  4p( 2)  4f( 3)
 1S0 3P2 3P2 2H1 3P  3D  2F 
  3s( 2)  3p( 4)  4p( 2)  4f( 3)
 1S0 3P2 3P2 2H2 3P  1D  2F 
  3s( 2)  3p( 4)  4p( 2)  4f( 3)
 1S0 3P2 3P2 2H2 3P  3D  2F 
  3s( 2)  3p( 4)  4p( 2)  4f( 3)
 1S0 3P2 3P2 4D1 3P  3P  2F 
  3s( 2)  3p( 4)  4p( 2)  4f( 3)
 1S0 3P2 3P2 4D1 3P  3D  2F 
  3s( 2)  3p( 4)  4p( 2)  4f( 3)
 1S0 3P2 3P2 4D1 3P  5P  2F 
  3s( 2)  3p( 4)  4p( 2)  4f( 3)
 1S0 3P2 3P2 4D1 3P  5D  2F 
  3s( 2)  3p( 4)  4p( 2)  4f( 3)
 1S0 3P2 3P2 4F1 3P  3S  2F 
  3s( 2)  3p( 4)  4p( 2)  4f( 3)
 1S0 3P2 3P2 4F1 3P  3P  2F 
  3s( 2)  3p( 4)  4p( 2)  4f( 3)
 1S0 3P2 3P2 4F1 3P  3D  2F 
  3s( 2)  3p( 4)  4p( 2)  4f( 3)
 1S0 3P2 3P2 4F1 3P  5S  2F 
  3s( 2)  3p( 4)  4p( 2)  4f( 3)
 1S0 3P2 3P2 4F1 3P  5P  2F 
  3s( 2)  3p( 4)  4p( 2)  4f( 3)
 1S0 3P2 3P2 4F1 3P  5D  2F 
  3s( 2)  3p( 4)  4p( 2)  4f( 3)
 1S0 3P2 3P2 4G1 3P  3P  2F 
  3s( 2)  3p( 4)  4p( 2)  4f( 3)
 1S0 3P2 3P2 4G1 3P  3D  2F 
  3s( 2)  3p( 4)  4p( 2)  4f( 3)
 1S0 3P2 3P2 4G1 3P  5P  2F 
  3s( 2)  3p( 4)  4p( 2)  4f( 3)
 1S0 3P2 3P2 4G1 3P  5D  2F 
  3s( 2)  3p( 4)  4p( 1)  4f( 4)
 1S0 1S0 2P1 1D1 1S  2P  2F 
  3s( 2)  3p( 4)  4p( 1)  4f( 4)
 1S0 1S0 2P1 1D2 1S  2P  2F 
  3s( 2)  3p( 4)  4p( 1)  4f( 4)
 1S0 1S0 2P1 1D3 1S  2P  2F 
  3s( 2)  3p( 4)  4p( 1)  4f( 4)
 1S0 1S0 2P1 1D4 1S  2P  2F 
  3s( 2)  3p( 4)  4p( 1)  4f( 4)
 1S0 1S0 2P1 1F1 1S  2P  2F 
  3s( 2)  3p( 4)  4p( 1)  4f( 4)
 1S0 1S0 2P1 1G1 1S  2P  2F 
  3s( 2)  3p( 4)  4p( 1)  4f( 4)
 1S0 1S0 2P1 1G2 1S  2P  2F 
  3s( 2)  3p( 4)  4p( 1)  4f( 4)
 1S0 1S0 2P1 1G3 1S  2P  2F 
  3s( 2)  3p( 4)  4p( 1)  4f( 4)
 1S0 1S0 2P1 1G4 1S  2P  2F 
  3s( 2)  3p( 4)  4p( 1)  4f( 4)
 1S0 1S0 2P1 3D1 1S  2P  2F 
  3s( 2)  3p( 4)  4p( 1)  4f( 4)
 1S0 1S0 2P1 3D2 1S  2P  2F 
  3s( 2)  3p( 4)  4p( 1)  4f( 4)
 1S0 1S0 2P1 3F1 1S  2P  2F 
  3s( 2)  3p( 4)  4p( 1)  4f( 4)
 1S0 1S0 2P1 3F2 1S  2P  2F 
  3s( 2)  3p( 4)  4p( 1)  4f( 4)
 1S0 1S0 2P1 3F3 1S  2P  2F 
  3s( 2)  3p( 4)  4p( 1)  4f( 4)
 1S0 1S0 2P1 3F4 1S  2P  2F 
  3s( 2)  3p( 4)  4p( 1)  4f( 4)
 1S0 1S0 2P1 3G1 1S  2P  2F 
  3s( 2)  3p( 4)  4p( 1)  4f( 4)
 1S0 1S0 2P1 3G2 1S  2P  2F 
  3s( 2)  3p( 4)  4p( 1)  4f( 4)
 1S0 1S0 2P1 3G3 1S  2P  2F 
  3s( 2)  3p( 4)  4p( 1)  4f( 4)
 1S0 1D2 2P1 1S1 1D  2F  2F 
  3s( 2)  3p( 4)  4p( 1)  4f( 4)
 1S0 1D2 2P1 1S2 1D  2F  2F 
  3s( 2)  3p( 4)  4p( 1)  4f( 4)
 1S0 1D2 2P1 1D1 1D  2P  2F 
  3s( 2)  3p( 4)  4p( 1)  4f( 4)
 1S0 1D2 2P1 1D1 1D  2D  2F 
  3s( 2)  3p( 4)  4p( 1)  4f( 4)
 1S0 1D2 2P1 1D1 1D  2F  2F 
  3s( 2)  3p( 4)  4p( 1)  4f( 4)
 1S0 1D2 2P1 1D2 1D  2P  2F 
  3s( 2)  3p( 4)  4p( 1)  4f( 4)
 1S0 1D2 2P1 1D2 1D  2D  2F 
  3s( 2)  3p( 4)  4p( 1)  4f( 4)
 1S0 1D2 2P1 1D2 1D  2F  2F 
  3s( 2)  3p( 4)  4p( 1)  4f( 4)
 1S0 1D2 2P1 1D3 1D  2P  2F 
  3s( 2)  3p( 4)  4p( 1)  4f( 4)
 1S0 1D2 2P1 1D3 1D  2D  2F 
  3s( 2)  3p( 4)  4p( 1)  4f( 4)
 1S0 1D2 2P1 1D3 1D  2F  2F 
  3s( 2)  3p( 4)  4p( 1)  4f( 4)
 1S0 1D2 2P1 1D4 1D  2P  2F 
  3s( 2)  3p( 4)  4p( 1)  4f( 4)
 1S0 1D2 2P1 1D4 1D  2D  2F 
  3s( 2)  3p( 4)  4p( 1)  4f( 4)
 1S0 1D2 2P1 1D4 1D  2F  2F 
  3s( 2)  3p( 4)  4p( 1)  4f( 4)
 1S0 1D2 2P1 1F1 1D  2P  2F 
  3s( 2)  3p( 4)  4p( 1)  4f( 4)
 1S0 1D2 2P1 1F1 1D  2D  2F 
  3s( 2)  3p( 4)  4p( 1)  4f( 4)
 1S0 1D2 2P1 1F1 1D  2F  2F 
  3s( 2)  3p( 4)  4p( 1)  4f( 4)
 1S0 1D2 2P1 1G1 1D  2P  2F 
  3s( 2)  3p( 4)  4p( 1)  4f( 4)
 1S0 1D2 2P1 1G1 1D  2D  2F 
  3s( 2)  3p( 4)  4p( 1)  4f( 4)
 1S0 1D2 2P1 1G1 1D  2F  2F 
  3s( 2)  3p( 4)  4p( 1)  4f( 4)
 1S0 1D2 2P1 1G2 1D  2P  2F 
  3s( 2)  3p( 4)  4p( 1)  4f( 4)
 1S0 1D2 2P1 1G2 1D  2D  2F 
  3s( 2)  3p( 4)  4p( 1)  4f( 4)
 1S0 1D2 2P1 1G2 1D  2F  2F 
  3s( 2)  3p( 4)  4p( 1)  4f( 4)
 1S0 1D2 2P1 1G3 1D  2P  2F 
  3s( 2)  3p( 4)  4p( 1)  4f( 4)
 1S0 1D2 2P1 1G3 1D  2D  2F 
  3s( 2)  3p( 4)  4p( 1)  4f( 4)
 1S0 1D2 2P1 1G3 1D  2F  2F 
  3s( 2)  3p( 4)  4p( 1)  4f( 4)
 1S0 1D2 2P1 1G4 1D  2P  2F 
  3s( 2)  3p( 4)  4p( 1)  4f( 4)
 1S0 1D2 2P1 1G4 1D  2D  2F 
  3s( 2)  3p( 4)  4p( 1)  4f( 4)
 1S0 1D2 2P1 1G4 1D  2F  2F 
  3s( 2)  3p( 4)  4p( 1)  4f( 4)
 1S0 1D2 2P1 1H1 1D  2D  2F 
  3s( 2)  3p( 4)  4p( 1)  4f( 4)
 1S0 1D2 2P1 1H1 1D  2F  2F 
  3s( 2)  3p( 4)  4p( 1)  4f( 4)
 1S0 1D2 2P1 1H2 1D  2D  2F 
  3s( 2)  3p( 4)  4p( 1)  4f( 4)
 1S0 1D2 2P1 1H2 1D  2F  2F 
  3s( 2)  3p( 4)  4p( 1)  4f( 4)
 1S0 1D2 2P1 1I1 1D  2F  2F 
  3s( 2)  3p( 4)  4p( 1)  4f( 4)
 1S0 1D2 2P1 1I2 1D  2F  2F 
  3s( 2)  3p( 4)  4p( 1)  4f( 4)
 1S0 1D2 2P1 1I3 1D  2F  2F 
  3s( 2)  3p( 4)  4p( 1)  4f( 4)
 1S0 1D2 2P1 3P1 1D  2D  2F 
  3s( 2)  3p( 4)  4p( 1)  4f( 4)
 1S0 1D2 2P1 3P1 1D  2F  2F 
  3s( 2)  3p( 4)  4p( 1)  4f( 4)
 1S0 1D2 2P1 3P2 1D  2D  2F 
  3s( 2)  3p( 4)  4p( 1)  4f( 4)
 1S0 1D2 2P1 3P2 1D  2F  2F 
  3s( 2)  3p( 4)  4p( 1)  4f( 4)
 1S0 1D2 2P1 3P3 1D  2D  2F 
  3s( 2)  3p( 4)  4p( 1)  4f( 4)
 1S0 1D2 2P1 3P3 1D  2F  2F 
  3s( 2)  3p( 4)  4p( 1)  4f( 4)
 1S0 1D2 2P1 3D1 1D  2P  2F 
  3s( 2)  3p( 4)  4p( 1)  4f( 4)
 1S0 1D2 2P1 3D1 1D  2D  2F 
  3s( 2)  3p( 4)  4p( 1)  4f( 4)
 1S0 1D2 2P1 3D1 1D  2F  2F 
  3s( 2)  3p( 4)  4p( 1)  4f( 4)
 1S0 1D2 2P1 3D2 1D  2P  2F 
  3s( 2)  3p( 4)  4p( 1)  4f( 4)
 1S0 1D2 2P1 3D2 1D  2D  2F 
  3s( 2)  3p( 4)  4p( 1)  4f( 4)
 1S0 1D2 2P1 3D2 1D  2F  2F 
  3s( 2)  3p( 4)  4p( 1)  4f( 4)
 1S0 1D2 2P1 3F1 1D  2P  2F 
  3s( 2)  3p( 4)  4p( 1)  4f( 4)
 1S0 1D2 2P1 3F1 1D  2D  2F 
  3s( 2)  3p( 4)  4p( 1)  4f( 4)
 1S0 1D2 2P1 3F1 1D  2F  2F 
  3s( 2)  3p( 4)  4p( 1)  4f( 4)
 1S0 1D2 2P1 3F2 1D  2P  2F 
  3s( 2)  3p( 4)  4p( 1)  4f( 4)
 1S0 1D2 2P1 3F2 1D  2D  2F 
  3s( 2)  3p( 4)  4p( 1)  4f( 4)
 1S0 1D2 2P1 3F2 1D  2F  2F 
  3s( 2)  3p( 4)  4p( 1)  4f( 4)
 1S0 1D2 2P1 3F3 1D  2P  2F 
  3s( 2)  3p( 4)  4p( 1)  4f( 4)
 1S0 1D2 2P1 3F3 1D  2D  2F 
  3s( 2)  3p( 4)  4p( 1)  4f( 4)
 1S0 1D2 2P1 3F3 1D  2F  2F 
  3s( 2)  3p( 4)  4p( 1)  4f( 4)
 1S0 1D2 2P1 3F4 1D  2P  2F 
  3s( 2)  3p( 4)  4p( 1)  4f( 4)
 1S0 1D2 2P1 3F4 1D  2D  2F 
  3s( 2)  3p( 4)  4p( 1)  4f( 4)
 1S0 1D2 2P1 3F4 1D  2F  2F 
  3s( 2)  3p( 4)  4p( 1)  4f( 4)
 1S0 1D2 2P1 3G1 1D  2P  2F 
  3s( 2)  3p( 4)  4p( 1)  4f( 4)
 1S0 1D2 2P1 3G1 1D  2D  2F 
  3s( 2)  3p( 4)  4p( 1)  4f( 4)
 1S0 1D2 2P1 3G1 1D  2F  2F 
  3s( 2)  3p( 4)  4p( 1)  4f( 4)
 1S0 1D2 2P1 3G2 1D  2P  2F 
  3s( 2)  3p( 4)  4p( 1)  4f( 4)
 1S0 1D2 2P1 3G2 1D  2D  2F 
  3s( 2)  3p( 4)  4p( 1)  4f( 4)
 1S0 1D2 2P1 3G2 1D  2F  2F 
  3s( 2)  3p( 4)  4p( 1)  4f( 4)
 1S0 1D2 2P1 3G3 1D  2P  2F 
  3s( 2)  3p( 4)  4p( 1)  4f( 4)
 1S0 1D2 2P1 3G3 1D  2D  2F 
  3s( 2)  3p( 4)  4p( 1)  4f( 4)
 1S0 1D2 2P1 3G3 1D  2F  2F 
  3s( 2)  3p( 4)  4p( 1)  4f( 4)
 1S0 1D2 2P1 3H1 1D  2D  2F 
  3s( 2)  3p( 4)  4p( 1)  4f( 4)
 1S0 1D2 2P1 3H1 1D  2F  2F 
  3s( 2)  3p( 4)  4p( 1)  4f( 4)
 1S0 1D2 2P1 3H2 1D  2D  2F 
  3s( 2)  3p( 4)  4p( 1)  4f( 4)
 1S0 1D2 2P1 3H2 1D  2F  2F 
  3s( 2)  3p( 4)  4p( 1)  4f( 4)
 1S0 1D2 2P1 3H3 1D  2D  2F 
  3s( 2)  3p( 4)  4p( 1)  4f( 4)
 1S0 1D2 2P1 3H3 1D  2F  2F 
  3s( 2)  3p( 4)  4p( 1)  4f( 4)
 1S0 1D2 2P1 3H4 1D  2D  2F 
  3s( 2)  3p( 4)  4p( 1)  4f( 4)
 1S0 1D2 2P1 3H4 1D  2F  2F 
  3s( 2)  3p( 4)  4p( 1)  4f( 4)
 1S0 1D2 2P1 3I1 1D  2F  2F 
  3s( 2)  3p( 4)  4p( 1)  4f( 4)
 1S0 1D2 2P1 3I2 1D  2F  2F 
  3s( 2)  3p( 4)  4p( 1)  4f( 4)
 1S0 3P2 2P1 1D1 3P  2P  2F 
  3s( 2)  3p( 4)  4p( 1)  4f( 4)
 1S0 3P2 2P1 1D1 3P  2D  2F 
  3s( 2)  3p( 4)  4p( 1)  4f( 4)
 1S0 3P2 2P1 1D2 3P  2P  2F 
  3s( 2)  3p( 4)  4p( 1)  4f( 4)
 1S0 3P2 2P1 1D2 3P  2D  2F 
  3s( 2)  3p( 4)  4p( 1)  4f( 4)
 1S0 3P2 2P1 1D3 3P  2P  2F 
  3s( 2)  3p( 4)  4p( 1)  4f( 4)
 1S0 3P2 2P1 1D3 3P  2D  2F 
  3s( 2)  3p( 4)  4p( 1)  4f( 4)
 1S0 3P2 2P1 1D4 3P  2P  2F 
  3s( 2)  3p( 4)  4p( 1)  4f( 4)
 1S0 3P2 2P1 1D4 3P  2D  2F 
  3s( 2)  3p( 4)  4p( 1)  4f( 4)
 1S0 3P2 2P1 1F1 3P  2S  2F 
  3s( 2)  3p( 4)  4p( 1)  4f( 4)
 1S0 3P2 2P1 1F1 3P  2P  2F 
  3s( 2)  3p( 4)  4p( 1)  4f( 4)
 1S0 3P2 2P1 1F1 3P  2D  2F 
  3s( 2)  3p( 4)  4p( 1)  4f( 4)
 1S0 3P2 2P1 1G1 3P  2P  2F 
  3s( 2)  3p( 4)  4p( 1)  4f( 4)
 1S0 3P2 2P1 1G1 3P  2D  2F 
  3s( 2)  3p( 4)  4p( 1)  4f( 4)
 1S0 3P2 2P1 1G2 3P  2P  2F 
  3s( 2)  3p( 4)  4p( 1)  4f( 4)
 1S0 3P2 2P1 1G2 3P  2D  2F 
  3s( 2)  3p( 4)  4p( 1)  4f( 4)
 1S0 3P2 2P1 1G3 3P  2P  2F 
  3s( 2)  3p( 4)  4p( 1)  4f( 4)
 1S0 3P2 2P1 1G3 3P  2D  2F 
  3s( 2)  3p( 4)  4p( 1)  4f( 4)
 1S0 3P2 2P1 1G4 3P  2P  2F 
  3s( 2)  3p( 4)  4p( 1)  4f( 4)
 1S0 3P2 2P1 1G4 3P  2D  2F 
  3s( 2)  3p( 4)  4p( 1)  4f( 4)
 1S0 3P2 2P1 1H1 3P  2D  2F 
  3s( 2)  3p( 4)  4p( 1)  4f( 4)
 1S0 3P2 2P1 1H2 3P  2D  2F 
  3s( 2)  3p( 4)  4p( 1)  4f( 4)
 1S0 3P2 2P1 3P1 3P  2D  2F 
  3s( 2)  3p( 4)  4p( 1)  4f( 4)
 1S0 3P2 2P1 3P1 3P  4D  2F 
  3s( 2)  3p( 4)  4p( 1)  4f( 4)
 1S0 3P2 2P1 3P2 3P  2D  2F 
  3s( 2)  3p( 4)  4p( 1)  4f( 4)
 1S0 3P2 2P1 3P2 3P  4D  2F 
  3s( 2)  3p( 4)  4p( 1)  4f( 4)
 1S0 3P2 2P1 3P3 3P  2D  2F 
  3s( 2)  3p( 4)  4p( 1)  4f( 4)
 1S0 3P2 2P1 3P3 3P  4D  2F 
  3s( 2)  3p( 4)  4p( 1)  4f( 4)
 1S0 3P2 2P1 3D1 3P  2P  2F 
  3s( 2)  3p( 4)  4p( 1)  4f( 4)
 1S0 3P2 2P1 3D1 3P  2D  2F 
  3s( 2)  3p( 4)  4p( 1)  4f( 4)
 1S0 3P2 2P1 3D1 3P  4P  2F 
  3s( 2)  3p( 4)  4p( 1)  4f( 4)
 1S0 3P2 2P1 3D1 3P  4D  2F 
  3s( 2)  3p( 4)  4p( 1)  4f( 4)
 1S0 3P2 2P1 3D2 3P  2P  2F 
  3s( 2)  3p( 4)  4p( 1)  4f( 4)
 1S0 3P2 2P1 3D2 3P  2D  2F 
  3s( 2)  3p( 4)  4p( 1)  4f( 4)
 1S0 3P2 2P1 3D2 3P  4P  2F 
  3s( 2)  3p( 4)  4p( 1)  4f( 4)
 1S0 3P2 2P1 3D2 3P  4D  2F 
  3s( 2)  3p( 4)  4p( 1)  4f( 4)
 1S0 3P2 2P1 3F1 3P  2S  2F 
  3s( 2)  3p( 4)  4p( 1)  4f( 4)
 1S0 3P2 2P1 3F1 3P  2P  2F 
  3s( 2)  3p( 4)  4p( 1)  4f( 4)
 1S0 3P2 2P1 3F1 3P  2D  2F 
  3s( 2)  3p( 4)  4p( 1)  4f( 4)
 1S0 3P2 2P1 3F1 3P  4S  2F 
  3s( 2)  3p( 4)  4p( 1)  4f( 4)
 1S0 3P2 2P1 3F1 3P  4P  2F 
  3s( 2)  3p( 4)  4p( 1)  4f( 4)
 1S0 3P2 2P1 3F1 3P  4D  2F 
  3s( 2)  3p( 4)  4p( 1)  4f( 4)
 1S0 3P2 2P1 3F2 3P  2S  2F 
  3s( 2)  3p( 4)  4p( 1)  4f( 4)
 1S0 3P2 2P1 3F2 3P  2P  2F 
  3s( 2)  3p( 4)  4p( 1)  4f( 4)
 1S0 3P2 2P1 3F2 3P  2D  2F 
  3s( 2)  3p( 4)  4p( 1)  4f( 4)
 1S0 3P2 2P1 3F2 3P  4S  2F 
  3s( 2)  3p( 4)  4p( 1)  4f( 4)
 1S0 3P2 2P1 3F2 3P  4P  2F 
  3s( 2)  3p( 4)  4p( 1)  4f( 4)
 1S0 3P2 2P1 3F2 3P  4D  2F 
  3s( 2)  3p( 4)  4p( 1)  4f( 4)
 1S0 3P2 2P1 3F3 3P  2S  2F 
  3s( 2)  3p( 4)  4p( 1)  4f( 4)
 1S0 3P2 2P1 3F3 3P  2P  2F 
  3s( 2)  3p( 4)  4p( 1)  4f( 4)
 1S0 3P2 2P1 3F3 3P  2D  2F 
  3s( 2)  3p( 4)  4p( 1)  4f( 4)
 1S0 3P2 2P1 3F3 3P  4S  2F 
  3s( 2)  3p( 4)  4p( 1)  4f( 4)
 1S0 3P2 2P1 3F3 3P  4P  2F 
  3s( 2)  3p( 4)  4p( 1)  4f( 4)
 1S0 3P2 2P1 3F3 3P  4D  2F 
  3s( 2)  3p( 4)  4p( 1)  4f( 4)
 1S0 3P2 2P1 3F4 3P  2S  2F 
  3s( 2)  3p( 4)  4p( 1)  4f( 4)
 1S0 3P2 2P1 3F4 3P  2P  2F 
  3s( 2)  3p( 4)  4p( 1)  4f( 4)
 1S0 3P2 2P1 3F4 3P  2D  2F 
  3s( 2)  3p( 4)  4p( 1)  4f( 4)
 1S0 3P2 2P1 3F4 3P  4S  2F 
  3s( 2)  3p( 4)  4p( 1)  4f( 4)
 1S0 3P2 2P1 3F4 3P  4P  2F 
  3s( 2)  3p( 4)  4p( 1)  4f( 4)
 1S0 3P2 2P1 3F4 3P  4D  2F 
  3s( 2)  3p( 4)  4p( 1)  4f( 4)
 1S0 3P2 2P1 3G1 3P  2P  2F 
  3s( 2)  3p( 4)  4p( 1)  4f( 4)
 1S0 3P2 2P1 3G1 3P  2D  2F 
  3s( 2)  3p( 4)  4p( 1)  4f( 4)
 1S0 3P2 2P1 3G1 3P  4P  2F 
  3s( 2)  3p( 4)  4p( 1)  4f( 4)
 1S0 3P2 2P1 3G1 3P  4D  2F 
  3s( 2)  3p( 4)  4p( 1)  4f( 4)
 1S0 3P2 2P1 3G2 3P  2P  2F 
  3s( 2)  3p( 4)  4p( 1)  4f( 4)
 1S0 3P2 2P1 3G2 3P  2D  2F 
  3s( 2)  3p( 4)  4p( 1)  4f( 4)
 1S0 3P2 2P1 3G2 3P  4P  2F 
  3s( 2)  3p( 4)  4p( 1)  4f( 4)
 1S0 3P2 2P1 3G2 3P  4D  2F 
  3s( 2)  3p( 4)  4p( 1)  4f( 4)
 1S0 3P2 2P1 3G3 3P  2P  2F 
  3s( 2)  3p( 4)  4p( 1)  4f( 4)
 1S0 3P2 2P1 3G3 3P  2D  2F 
  3s( 2)  3p( 4)  4p( 1)  4f( 4)
 1S0 3P2 2P1 3G3 3P  4P  2F 
  3s( 2)  3p( 4)  4p( 1)  4f( 4)
 1S0 3P2 2P1 3G3 3P  4D  2F 
  3s( 2)  3p( 4)  4p( 1)  4f( 4)
 1S0 3P2 2P1 3H1 3P  2D  2F 
  3s( 2)  3p( 4)  4p( 1)  4f( 4)
 1S0 3P2 2P1 3H1 3P  4D  2F 
  3s( 2)  3p( 4)  4p( 1)  4f( 4)
 1S0 3P2 2P1 3H2 3P  2D  2F 
  3s( 2)  3p( 4)  4p( 1)  4f( 4)
 1S0 3P2 2P1 3H2 3P  4D  2F 
  3s( 2)  3p( 4)  4p( 1)  4f( 4)
 1S0 3P2 2P1 3H3 3P  2D  2F 
  3s( 2)  3p( 4)  4p( 1)  4f( 4)
 1S0 3P2 2P1 3H3 3P  4D  2F 
  3s( 2)  3p( 4)  4p( 1)  4f( 4)
 1S0 3P2 2P1 3H4 3P  2D  2F 
  3s( 2)  3p( 4)  4p( 1)  4f( 4)
 1S0 3P2 2P1 3H4 3P  4D  2F 
  3s( 2)  3p( 4)  4p( 1)  4f( 4)
 1S0 3P2 2P1 5D1 3P  4P  2F 
  3s( 2)  3p( 4)  4p( 1)  4f( 4)
 1S0 3P2 2P1 5D1 3P  4D  2F 
  3s( 2)  3p( 4)  4p( 1)  4f( 4)
 1S0 3P2 2P1 5F1 3P  4S  2F 
  3s( 2)  3p( 4)  4p( 1)  4f( 4)
 1S0 3P2 2P1 5F1 3P  4P  2F 
  3s( 2)  3p( 4)  4p( 1)  4f( 4)
 1S0 3P2 2P1 5F1 3P  4D  2F 
  3s( 2)  3p( 4)  4p( 1)  4f( 4)
 1S0 3P2 2P1 5G1 3P  4P  2F 
  3s( 2)  3p( 4)  4p( 1)  4f( 4)
 1S0 3P2 2P1 5G1 3P  4D  2F 
  3s( 2)  3p( 4)  4d( 2)  4f( 3)
 1S0 1S0 1S0 2F1 1S  1S  2F 
  3s( 2)  3p( 4)  4d( 2)  4f( 3)
 1S0 1S0 1S0 2F2 1S  1S  2F 
  3s( 2)  3p( 4)  4d( 2)  4f( 3)
 1S0 1S0 1D2 2P1 1S  1D  2F 
  3s( 2)  3p( 4)  4d( 2)  4f( 3)
 1S0 1S0 1D2 2D1 1S  1D  2F 
  3s( 2)  3p( 4)  4d( 2)  4f( 3)
 1S0 1S0 1D2 2D2 1S  1D  2F 
  3s( 2)  3p( 4)  4d( 2)  4f( 3)
 1S0 1S0 1D2 2F1 1S  1D  2F 
  3s( 2)  3p( 4)  4d( 2)  4f( 3)
 1S0 1S0 1D2 2F2 1S  1D  2F 
  3s( 2)  3p( 4)  4d( 2)  4f( 3)
 1S0 1S0 1D2 2G1 1S  1D  2F 
  3s( 2)  3p( 4)  4d( 2)  4f( 3)
 1S0 1S0 1D2 2G2 1S  1D  2F 
  3s( 2)  3p( 4)  4d( 2)  4f( 3)
 1S0 1S0 1D2 2H1 1S  1D  2F 
  3s( 2)  3p( 4)  4d( 2)  4f( 3)
 1S0 1S0 1D2 2H2 1S  1D  2F 
  3s( 2)  3p( 4)  4d( 2)  4f( 3)
 1S0 1S0 1G2 2P1 1S  1G  2F 
  3s( 2)  3p( 4)  4d( 2)  4f( 3)
 1S0 1S0 1G2 2D1 1S  1G  2F 
  3s( 2)  3p( 4)  4d( 2)  4f( 3)
 1S0 1S0 1G2 2D2 1S  1G  2F 
  3s( 2)  3p( 4)  4d( 2)  4f( 3)
 1S0 1S0 1G2 2F1 1S  1G  2F 
  3s( 2)  3p( 4)  4d( 2)  4f( 3)
 1S0 1S0 1G2 2F2 1S  1G  2F 
  3s( 2)  3p( 4)  4d( 2)  4f( 3)
 1S0 1S0 1G2 2G1 1S  1G  2F 
  3s( 2)  3p( 4)  4d( 2)  4f( 3)
 1S0 1S0 1G2 2G2 1S  1G  2F 
  3s( 2)  3p( 4)  4d( 2)  4f( 3)
 1S0 1S0 1G2 2H1 1S  1G  2F 
  3s( 2)  3p( 4)  4d( 2)  4f( 3)
 1S0 1S0 1G2 2H2 1S  1G  2F 
  3s( 2)  3p( 4)  4d( 2)  4f( 3)
 1S0 1S0 1G2 2I1 1S  1G  2F 
  3s( 2)  3p( 4)  4d( 2)  4f( 3)
 1S0 1S0 1G2 2K1 1S  1G  2F 
  3s( 2)  3p( 4)  4d( 2)  4f( 3)
 1S0 1S0 3P2 2D1 1S  3P  2F 
  3s( 2)  3p( 4)  4d( 2)  4f( 3)
 1S0 1S0 3P2 2D2 1S  3P  2F 
  3s( 2)  3p( 4)  4d( 2)  4f( 3)
 1S0 1S0 3P2 2F1 1S  3P  2F 
  3s( 2)  3p( 4)  4d( 2)  4f( 3)
 1S0 1S0 3P2 2F2 1S  3P  2F 
  3s( 2)  3p( 4)  4d( 2)  4f( 3)
 1S0 1S0 3P2 2G1 1S  3P  2F 
  3s( 2)  3p( 4)  4d( 2)  4f( 3)
 1S0 1S0 3P2 2G2 1S  3P  2F 
  3s( 2)  3p( 4)  4d( 2)  4f( 3)
 1S0 1S0 3P2 4D1 1S  3P  2F 
  3s( 2)  3p( 4)  4d( 2)  4f( 3)
 1S0 1S0 3P2 4F1 1S  3P  2F 
  3s( 2)  3p( 4)  4d( 2)  4f( 3)
 1S0 1S0 3P2 4G1 1S  3P  2F 
  3s( 2)  3p( 4)  4d( 2)  4f( 3)
 1S0 1S0 3F2 2P1 1S  3F  2F 
  3s( 2)  3p( 4)  4d( 2)  4f( 3)
 1S0 1S0 3F2 2D1 1S  3F  2F 
  3s( 2)  3p( 4)  4d( 2)  4f( 3)
 1S0 1S0 3F2 2D2 1S  3F  2F 
  3s( 2)  3p( 4)  4d( 2)  4f( 3)
 1S0 1S0 3F2 2F1 1S  3F  2F 
  3s( 2)  3p( 4)  4d( 2)  4f( 3)
 1S0 1S0 3F2 2F2 1S  3F  2F 
  3s( 2)  3p( 4)  4d( 2)  4f( 3)
 1S0 1S0 3F2 2G1 1S  3F  2F 
  3s( 2)  3p( 4)  4d( 2)  4f( 3)
 1S0 1S0 3F2 2G2 1S  3F  2F 
  3s( 2)  3p( 4)  4d( 2)  4f( 3)
 1S0 1S0 3F2 2H1 1S  3F  2F 
  3s( 2)  3p( 4)  4d( 2)  4f( 3)
 1S0 1S0 3F2 2H2 1S  3F  2F 
  3s( 2)  3p( 4)  4d( 2)  4f( 3)
 1S0 1S0 3F2 2I1 1S  3F  2F 
  3s( 2)  3p( 4)  4d( 2)  4f( 3)
 1S0 1S0 3F2 4S1 1S  3F  2F 
  3s( 2)  3p( 4)  4d( 2)  4f( 3)
 1S0 1S0 3F2 4D1 1S  3F  2F 
  3s( 2)  3p( 4)  4d( 2)  4f( 3)
 1S0 1S0 3F2 4F1 1S  3F  2F 
  3s( 2)  3p( 4)  4d( 2)  4f( 3)
 1S0 1S0 3F2 4G1 1S  3F  2F 
  3s( 2)  3p( 4)  4d( 2)  4f( 3)
 1S0 1S0 3F2 4I1 1S  3F  2F 
  3s( 2)  3p( 4)  4d( 2)  4f( 3)
 1S0 1D2 1S0 2P1 1D  1D  2F 
  3s( 2)  3p( 4)  4d( 2)  4f( 3)
 1S0 1D2 1S0 2D1 1D  1D  2F 
  3s( 2)  3p( 4)  4d( 2)  4f( 3)
 1S0 1D2 1S0 2D2 1D  1D  2F 
  3s( 2)  3p( 4)  4d( 2)  4f( 3)
 1S0 1D2 1S0 2F1 1D  1D  2F 
  3s( 2)  3p( 4)  4d( 2)  4f( 3)
 1S0 1D2 1S0 2F2 1D  1D  2F 
  3s( 2)  3p( 4)  4d( 2)  4f( 3)
 1S0 1D2 1S0 2G1 1D  1D  2F 
  3s( 2)  3p( 4)  4d( 2)  4f( 3)
 1S0 1D2 1S0 2G2 1D  1D  2F 
  3s( 2)  3p( 4)  4d( 2)  4f( 3)
 1S0 1D2 1S0 2H1 1D  1D  2F 
  3s( 2)  3p( 4)  4d( 2)  4f( 3)
 1S0 1D2 1S0 2H2 1D  1D  2F 
  3s( 2)  3p( 4)  4d( 2)  4f( 3)
 1S0 1D2 1D2 2P1 1D  1D  2F 
  3s( 2)  3p( 4)  4d( 2)  4f( 3)
 1S0 1D2 1D2 2P1 1D  1F  2F 
  3s( 2)  3p( 4)  4d( 2)  4f( 3)
 1S0 1D2 1D2 2P1 1D  1G  2F 
  3s( 2)  3p( 4)  4d( 2)  4f( 3)
 1S0 1D2 1D2 2D1 1D  1P  2F 
  3s( 2)  3p( 4)  4d( 2)  4f( 3)
 1S0 1D2 1D2 2D1 1D  1D  2F 
  3s( 2)  3p( 4)  4d( 2)  4f( 3)
 1S0 1D2 1D2 2D1 1D  1F  2F 
  3s( 2)  3p( 4)  4d( 2)  4f( 3)
 1S0 1D2 1D2 2D1 1D  1G  2F 
  3s( 2)  3p( 4)  4d( 2)  4f( 3)
 1S0 1D2 1D2 2D2 1D  1P  2F 
  3s( 2)  3p( 4)  4d( 2)  4f( 3)
 1S0 1D2 1D2 2D2 1D  1D  2F 
  3s( 2)  3p( 4)  4d( 2)  4f( 3)
 1S0 1D2 1D2 2D2 1D  1F  2F 
  3s( 2)  3p( 4)  4d( 2)  4f( 3)
 1S0 1D2 1D2 2D2 1D  1G  2F 
  3s( 2)  3p( 4)  4d( 2)  4f( 3)
 1S0 1D2 1D2 2F1 1D  1S  2F 
  3s( 2)  3p( 4)  4d( 2)  4f( 3)
 1S0 1D2 1D2 2F1 1D  1P  2F 
  3s( 2)  3p( 4)  4d( 2)  4f( 3)
 1S0 1D2 1D2 2F1 1D  1D  2F 
  3s( 2)  3p( 4)  4d( 2)  4f( 3)
 1S0 1D2 1D2 2F1 1D  1F  2F 
  3s( 2)  3p( 4)  4d( 2)  4f( 3)
 1S0 1D2 1D2 2F1 1D  1G  2F 
  3s( 2)  3p( 4)  4d( 2)  4f( 3)
 1S0 1D2 1D2 2F2 1D  1S  2F 
  3s( 2)  3p( 4)  4d( 2)  4f( 3)
 1S0 1D2 1D2 2F2 1D  1P  2F 
  3s( 2)  3p( 4)  4d( 2)  4f( 3)
 1S0 1D2 1D2 2F2 1D  1D  2F 
  3s( 2)  3p( 4)  4d( 2)  4f( 3)
 1S0 1D2 1D2 2F2 1D  1F  2F 
  3s( 2)  3p( 4)  4d( 2)  4f( 3)
 1S0 1D2 1D2 2F2 1D  1G  2F 
  3s( 2)  3p( 4)  4d( 2)  4f( 3)
 1S0 1D2 1D2 2G1 1D  1P  2F 
  3s( 2)  3p( 4)  4d( 2)  4f( 3)
 1S0 1D2 1D2 2G1 1D  1D  2F 
  3s( 2)  3p( 4)  4d( 2)  4f( 3)
 1S0 1D2 1D2 2G1 1D  1F  2F 
  3s( 2)  3p( 4)  4d( 2)  4f( 3)
 1S0 1D2 1D2 2G1 1D  1G  2F 
  3s( 2)  3p( 4)  4d( 2)  4f( 3)
 1S0 1D2 1D2 2G2 1D  1P  2F 
  3s( 2)  3p( 4)  4d( 2)  4f( 3)
 1S0 1D2 1D2 2G2 1D  1D  2F 
  3s( 2)  3p( 4)  4d( 2)  4f( 3)
 1S0 1D2 1D2 2G2 1D  1F  2F 
  3s( 2)  3p( 4)  4d( 2)  4f( 3)
 1S0 1D2 1D2 2G2 1D  1G  2F 
  3s( 2)  3p( 4)  4d( 2)  4f( 3)
 1S0 1D2 1D2 2H1 1D  1D  2F 
  3s( 2)  3p( 4)  4d( 2)  4f( 3)
 1S0 1D2 1D2 2H1 1D  1F  2F 
  3s( 2)  3p( 4)  4d( 2)  4f( 3)
 1S0 1D2 1D2 2H1 1D  1G  2F 
  3s( 2)  3p( 4)  4d( 2)  4f( 3)
 1S0 1D2 1D2 2H2 1D  1D  2F 
  3s( 2)  3p( 4)  4d( 2)  4f( 3)
 1S0 1D2 1D2 2H2 1D  1F  2F 
  3s( 2)  3p( 4)  4d( 2)  4f( 3)
 1S0 1D2 1D2 2H2 1D  1G  2F 
  3s( 2)  3p( 4)  4d( 2)  4f( 3)
 1S0 1D2 1D2 2I1 1D  1F  2F 
  3s( 2)  3p( 4)  4d( 2)  4f( 3)
 1S0 1D2 1D2 2I1 1D  1G  2F 
  3s( 2)  3p( 4)  4d( 2)  4f( 3)
 1S0 1D2 1D2 2K1 1D  1G  2F 
  3s( 2)  3p( 4)  4d( 2)  4f( 3)
 1S0 1D2 1G2 2P1 1D  1D  2F 
  3s( 2)  3p( 4)  4d( 2)  4f( 3)
 1S0 1D2 1G2 2P1 1D  1F  2F 
  3s( 2)  3p( 4)  4d( 2)  4f( 3)
 1S0 1D2 1G2 2P1 1D  1G  2F 
  3s( 2)  3p( 4)  4d( 2)  4f( 3)
 1S0 1D2 1G2 2D1 1D  1D  2F 
  3s( 2)  3p( 4)  4d( 2)  4f( 3)
 1S0 1D2 1G2 2D1 1D  1F  2F 
  3s( 2)  3p( 4)  4d( 2)  4f( 3)
 1S0 1D2 1G2 2D1 1D  1G  2F 
  3s( 2)  3p( 4)  4d( 2)  4f( 3)
 1S0 1D2 1G2 2D1 1D  1H  2F 
  3s( 2)  3p( 4)  4d( 2)  4f( 3)
 1S0 1D2 1G2 2D2 1D  1D  2F 
  3s( 2)  3p( 4)  4d( 2)  4f( 3)
 1S0 1D2 1G2 2D2 1D  1F  2F 
  3s( 2)  3p( 4)  4d( 2)  4f( 3)
 1S0 1D2 1G2 2D2 1D  1G  2F 
  3s( 2)  3p( 4)  4d( 2)  4f( 3)
 1S0 1D2 1G2 2D2 1D  1H  2F 
  3s( 2)  3p( 4)  4d( 2)  4f( 3)
 1S0 1D2 1G2 2F1 1D  1D  2F 
  3s( 2)  3p( 4)  4d( 2)  4f( 3)
 1S0 1D2 1G2 2F1 1D  1F  2F 
  3s( 2)  3p( 4)  4d( 2)  4f( 3)
 1S0 1D2 1G2 2F1 1D  1G  2F 
  3s( 2)  3p( 4)  4d( 2)  4f( 3)
 1S0 1D2 1G2 2F1 1D  1H  2F 
  3s( 2)  3p( 4)  4d( 2)  4f( 3)
 1S0 1D2 1G2 2F1 1D  1I  2F 
  3s( 2)  3p( 4)  4d( 2)  4f( 3)
 1S0 1D2 1G2 2F2 1D  1D  2F 
  3s( 2)  3p( 4)  4d( 2)  4f( 3)
 1S0 1D2 1G2 2F2 1D  1F  2F 
  3s( 2)  3p( 4)  4d( 2)  4f( 3)
 1S0 1D2 1G2 2F2 1D  1G  2F 
  3s( 2)  3p( 4)  4d( 2)  4f( 3)
 1S0 1D2 1G2 2F2 1D  1H  2F 
  3s( 2)  3p( 4)  4d( 2)  4f( 3)
 1S0 1D2 1G2 2F2 1D  1I  2F 
  3s( 2)  3p( 4)  4d( 2)  4f( 3)
 1S0 1D2 1G2 2G1 1D  1D  2F 
  3s( 2)  3p( 4)  4d( 2)  4f( 3)
 1S0 1D2 1G2 2G1 1D  1F  2F 
  3s( 2)  3p( 4)  4d( 2)  4f( 3)
 1S0 1D2 1G2 2G1 1D  1G  2F 
  3s( 2)  3p( 4)  4d( 2)  4f( 3)
 1S0 1D2 1G2 2G1 1D  1H  2F 
  3s( 2)  3p( 4)  4d( 2)  4f( 3)
 1S0 1D2 1G2 2G1 1D  1I  2F 
  3s( 2)  3p( 4)  4d( 2)  4f( 3)
 1S0 1D2 1G2 2G2 1D  1D  2F 
  3s( 2)  3p( 4)  4d( 2)  4f( 3)
 1S0 1D2 1G2 2G2 1D  1F  2F 
  3s( 2)  3p( 4)  4d( 2)  4f( 3)
 1S0 1D2 1G2 2G2 1D  1G  2F 
  3s( 2)  3p( 4)  4d( 2)  4f( 3)
 1S0 1D2 1G2 2G2 1D  1H  2F 
  3s( 2)  3p( 4)  4d( 2)  4f( 3)
 1S0 1D2 1G2 2G2 1D  1I  2F 
  3s( 2)  3p( 4)  4d( 2)  4f( 3)
 1S0 1D2 1G2 2H1 1D  1D  2F 
  3s( 2)  3p( 4)  4d( 2)  4f( 3)
 1S0 1D2 1G2 2H1 1D  1F  2F 
  3s( 2)  3p( 4)  4d( 2)  4f( 3)
 1S0 1D2 1G2 2H1 1D  1G  2F 
  3s( 2)  3p( 4)  4d( 2)  4f( 3)
 1S0 1D2 1G2 2H1 1D  1H  2F 
  3s( 2)  3p( 4)  4d( 2)  4f( 3)
 1S0 1D2 1G2 2H1 1D  1I  2F 
  3s( 2)  3p( 4)  4d( 2)  4f( 3)
 1S0 1D2 1G2 2H2 1D  1D  2F 
  3s( 2)  3p( 4)  4d( 2)  4f( 3)
 1S0 1D2 1G2 2H2 1D  1F  2F 
  3s( 2)  3p( 4)  4d( 2)  4f( 3)
 1S0 1D2 1G2 2H2 1D  1G  2F 
  3s( 2)  3p( 4)  4d( 2)  4f( 3)
 1S0 1D2 1G2 2H2 1D  1H  2F 
  3s( 2)  3p( 4)  4d( 2)  4f( 3)
 1S0 1D2 1G2 2H2 1D  1I  2F 
  3s( 2)  3p( 4)  4d( 2)  4f( 3)
 1S0 1D2 1G2 2I1 1D  1F  2F 
  3s( 2)  3p( 4)  4d( 2)  4f( 3)
 1S0 1D2 1G2 2I1 1D  1G  2F 
  3s( 2)  3p( 4)  4d( 2)  4f( 3)
 1S0 1D2 1G2 2I1 1D  1H  2F 
  3s( 2)  3p( 4)  4d( 2)  4f( 3)
 1S0 1D2 1G2 2I1 1D  1I  2F 
  3s( 2)  3p( 4)  4d( 2)  4f( 3)
 1S0 1D2 1G2 2K1 1D  1G  2F 
  3s( 2)  3p( 4)  4d( 2)  4f( 3)
 1S0 1D2 1G2 2K1 1D  1H  2F 
  3s( 2)  3p( 4)  4d( 2)  4f( 3)
 1S0 1D2 1G2 2K1 1D  1I  2F 
  3s( 2)  3p( 4)  4d( 2)  4f( 3)
 1S0 1D2 1G2 2L1 1D  1H  2F 
  3s( 2)  3p( 4)  4d( 2)  4f( 3)
 1S0 1D2 1G2 2L1 1D  1I  2F 
  3s( 2)  3p( 4)  4d( 2)  4f( 3)
 1S0 1D2 3P2 2P1 1D  3D  2F 
  3s( 2)  3p( 4)  4d( 2)  4f( 3)
 1S0 1D2 3P2 2P1 1D  3F  2F 
  3s( 2)  3p( 4)  4d( 2)  4f( 3)
 1S0 1D2 3P2 2D1 1D  3P  2F 
  3s( 2)  3p( 4)  4d( 2)  4f( 3)
 1S0 1D2 3P2 2D1 1D  3D  2F 
  3s( 2)  3p( 4)  4d( 2)  4f( 3)
 1S0 1D2 3P2 2D1 1D  3F  2F 
  3s( 2)  3p( 4)  4d( 2)  4f( 3)
 1S0 1D2 3P2 2D2 1D  3P  2F 
  3s( 2)  3p( 4)  4d( 2)  4f( 3)
 1S0 1D2 3P2 2D2 1D  3D  2F 
  3s( 2)  3p( 4)  4d( 2)  4f( 3)
 1S0 1D2 3P2 2D2 1D  3F  2F 
  3s( 2)  3p( 4)  4d( 2)  4f( 3)
 1S0 1D2 3P2 2F1 1D  3P  2F 
  3s( 2)  3p( 4)  4d( 2)  4f( 3)
 1S0 1D2 3P2 2F1 1D  3D  2F 
  3s( 2)  3p( 4)  4d( 2)  4f( 3)
 1S0 1D2 3P2 2F1 1D  3F  2F 
  3s( 2)  3p( 4)  4d( 2)  4f( 3)
 1S0 1D2 3P2 2F2 1D  3P  2F 
  3s( 2)  3p( 4)  4d( 2)  4f( 3)
 1S0 1D2 3P2 2F2 1D  3D  2F 
  3s( 2)  3p( 4)  4d( 2)  4f( 3)
 1S0 1D2 3P2 2F2 1D  3F  2F 
  3s( 2)  3p( 4)  4d( 2)  4f( 3)
 1S0 1D2 3P2 2G1 1D  3P  2F 
  3s( 2)  3p( 4)  4d( 2)  4f( 3)
 1S0 1D2 3P2 2G1 1D  3D  2F 
  3s( 2)  3p( 4)  4d( 2)  4f( 3)
 1S0 1D2 3P2 2G1 1D  3F  2F 
  3s( 2)  3p( 4)  4d( 2)  4f( 3)
 1S0 1D2 3P2 2G2 1D  3P  2F 
  3s( 2)  3p( 4)  4d( 2)  4f( 3)
 1S0 1D2 3P2 2G2 1D  3D  2F 
  3s( 2)  3p( 4)  4d( 2)  4f( 3)
 1S0 1D2 3P2 2G2 1D  3F  2F 
  3s( 2)  3p( 4)  4d( 2)  4f( 3)
 1S0 1D2 3P2 2H1 1D  3D  2F 
  3s( 2)  3p( 4)  4d( 2)  4f( 3)
 1S0 1D2 3P2 2H1 1D  3F  2F 
  3s( 2)  3p( 4)  4d( 2)  4f( 3)
 1S0 1D2 3P2 2H2 1D  3D  2F 
  3s( 2)  3p( 4)  4d( 2)  4f( 3)
 1S0 1D2 3P2 2H2 1D  3F  2F 
  3s( 2)  3p( 4)  4d( 2)  4f( 3)
 1S0 1D2 3P2 2I1 1D  3F  2F 
  3s( 2)  3p( 4)  4d( 2)  4f( 3)
 1S0 1D2 3P2 4S1 1D  3F  2F 
  3s( 2)  3p( 4)  4d( 2)  4f( 3)
 1S0 1D2 3P2 4D1 1D  3P  2F 
  3s( 2)  3p( 4)  4d( 2)  4f( 3)
 1S0 1D2 3P2 4D1 1D  3D  2F 
  3s( 2)  3p( 4)  4d( 2)  4f( 3)
 1S0 1D2 3P2 4D1 1D  3F  2F 
  3s( 2)  3p( 4)  4d( 2)  4f( 3)
 1S0 1D2 3P2 4F1 1D  3P  2F 
  3s( 2)  3p( 4)  4d( 2)  4f( 3)
 1S0 1D2 3P2 4F1 1D  3D  2F 
  3s( 2)  3p( 4)  4d( 2)  4f( 3)
 1S0 1D2 3P2 4F1 1D  3F  2F 
  3s( 2)  3p( 4)  4d( 2)  4f( 3)
 1S0 1D2 3P2 4G1 1D  3P  2F 
  3s( 2)  3p( 4)  4d( 2)  4f( 3)
 1S0 1D2 3P2 4G1 1D  3D  2F 
  3s( 2)  3p( 4)  4d( 2)  4f( 3)
 1S0 1D2 3P2 4G1 1D  3F  2F 
  3s( 2)  3p( 4)  4d( 2)  4f( 3)
 1S0 1D2 3P2 4I1 1D  3F  2F 
  3s( 2)  3p( 4)  4d( 2)  4f( 3)
 1S0 1D2 3F2 2P1 1D  3D  2F 
  3s( 2)  3p( 4)  4d( 2)  4f( 3)
 1S0 1D2 3F2 2P1 1D  3F  2F 
  3s( 2)  3p( 4)  4d( 2)  4f( 3)
 1S0 1D2 3F2 2P1 1D  3G  2F 
  3s( 2)  3p( 4)  4d( 2)  4f( 3)
 1S0 1D2 3F2 2D1 1D  3P  2F 
  3s( 2)  3p( 4)  4d( 2)  4f( 3)
 1S0 1D2 3F2 2D1 1D  3D  2F 
  3s( 2)  3p( 4)  4d( 2)  4f( 3)
 1S0 1D2 3F2 2D1 1D  3F  2F 
  3s( 2)  3p( 4)  4d( 2)  4f( 3)
 1S0 1D2 3F2 2D1 1D  3G  2F 
  3s( 2)  3p( 4)  4d( 2)  4f( 3)
 1S0 1D2 3F2 2D1 1D  3H  2F 
  3s( 2)  3p( 4)  4d( 2)  4f( 3)
 1S0 1D2 3F2 2D2 1D  3P  2F 
  3s( 2)  3p( 4)  4d( 2)  4f( 3)
 1S0 1D2 3F2 2D2 1D  3D  2F 
  3s( 2)  3p( 4)  4d( 2)  4f( 3)
 1S0 1D2 3F2 2D2 1D  3F  2F 
  3s( 2)  3p( 4)  4d( 2)  4f( 3)
 1S0 1D2 3F2 2D2 1D  3G  2F 
  3s( 2)  3p( 4)  4d( 2)  4f( 3)
 1S0 1D2 3F2 2D2 1D  3H  2F 
  3s( 2)  3p( 4)  4d( 2)  4f( 3)
 1S0 1D2 3F2 2F1 1D  3P  2F 
  3s( 2)  3p( 4)  4d( 2)  4f( 3)
 1S0 1D2 3F2 2F1 1D  3D  2F 
  3s( 2)  3p( 4)  4d( 2)  4f( 3)
 1S0 1D2 3F2 2F1 1D  3F  2F 
  3s( 2)  3p( 4)  4d( 2)  4f( 3)
 1S0 1D2 3F2 2F1 1D  3G  2F 
  3s( 2)  3p( 4)  4d( 2)  4f( 3)
 1S0 1D2 3F2 2F1 1D  3H  2F 
  3s( 2)  3p( 4)  4d( 2)  4f( 3)
 1S0 1D2 3F2 2F2 1D  3P  2F 
  3s( 2)  3p( 4)  4d( 2)  4f( 3)
 1S0 1D2 3F2 2F2 1D  3D  2F 
  3s( 2)  3p( 4)  4d( 2)  4f( 3)
 1S0 1D2 3F2 2F2 1D  3F  2F 
  3s( 2)  3p( 4)  4d( 2)  4f( 3)
 1S0 1D2 3F2 2F2 1D  3G  2F 
  3s( 2)  3p( 4)  4d( 2)  4f( 3)
 1S0 1D2 3F2 2F2 1D  3H  2F 
  3s( 2)  3p( 4)  4d( 2)  4f( 3)
 1S0 1D2 3F2 2G1 1D  3P  2F 
  3s( 2)  3p( 4)  4d( 2)  4f( 3)
 1S0 1D2 3F2 2G1 1D  3D  2F 
  3s( 2)  3p( 4)  4d( 2)  4f( 3)
 1S0 1D2 3F2 2G1 1D  3F  2F 
  3s( 2)  3p( 4)  4d( 2)  4f( 3)
 1S0 1D2 3F2 2G1 1D  3G  2F 
  3s( 2)  3p( 4)  4d( 2)  4f( 3)
 1S0 1D2 3F2 2G1 1D  3H  2F 
  3s( 2)  3p( 4)  4d( 2)  4f( 3)
 1S0 1D2 3F2 2G2 1D  3P  2F 
  3s( 2)  3p( 4)  4d( 2)  4f( 3)
 1S0 1D2 3F2 2G2 1D  3D  2F 
  3s( 2)  3p( 4)  4d( 2)  4f( 3)
 1S0 1D2 3F2 2G2 1D  3F  2F 
  3s( 2)  3p( 4)  4d( 2)  4f( 3)
 1S0 1D2 3F2 2G2 1D  3G  2F 
  3s( 2)  3p( 4)  4d( 2)  4f( 3)
 1S0 1D2 3F2 2G2 1D  3H  2F 
  3s( 2)  3p( 4)  4d( 2)  4f( 3)
 1S0 1D2 3F2 2H1 1D  3D  2F 
  3s( 2)  3p( 4)  4d( 2)  4f( 3)
 1S0 1D2 3F2 2H1 1D  3F  2F 
  3s( 2)  3p( 4)  4d( 2)  4f( 3)
 1S0 1D2 3F2 2H1 1D  3G  2F 
  3s( 2)  3p( 4)  4d( 2)  4f( 3)
 1S0 1D2 3F2 2H1 1D  3H  2F 
  3s( 2)  3p( 4)  4d( 2)  4f( 3)
 1S0 1D2 3F2 2H2 1D  3D  2F 
  3s( 2)  3p( 4)  4d( 2)  4f( 3)
 1S0 1D2 3F2 2H2 1D  3F  2F 
  3s( 2)  3p( 4)  4d( 2)  4f( 3)
 1S0 1D2 3F2 2H2 1D  3G  2F 
  3s( 2)  3p( 4)  4d( 2)  4f( 3)
 1S0 1D2 3F2 2H2 1D  3H  2F 
  3s( 2)  3p( 4)  4d( 2)  4f( 3)
 1S0 1D2 3F2 2I1 1D  3F  2F 
  3s( 2)  3p( 4)  4d( 2)  4f( 3)
 1S0 1D2 3F2 2I1 1D  3G  2F 
  3s( 2)  3p( 4)  4d( 2)  4f( 3)
 1S0 1D2 3F2 2I1 1D  3H  2F 
  3s( 2)  3p( 4)  4d( 2)  4f( 3)
 1S0 1D2 3F2 2K1 1D  3G  2F 
  3s( 2)  3p( 4)  4d( 2)  4f( 3)
 1S0 1D2 3F2 2K1 1D  3H  2F 
  3s( 2)  3p( 4)  4d( 2)  4f( 3)
 1S0 1D2 3F2 2L1 1D  3H  2F 
  3s( 2)  3p( 4)  4d( 2)  4f( 3)
 1S0 1D2 3F2 4S1 1D  3F  2F 
  3s( 2)  3p( 4)  4d( 2)  4f( 3)
 1S0 1D2 3F2 4D1 1D  3P  2F 
  3s( 2)  3p( 4)  4d( 2)  4f( 3)
 1S0 1D2 3F2 4D1 1D  3D  2F 
  3s( 2)  3p( 4)  4d( 2)  4f( 3)
 1S0 1D2 3F2 4D1 1D  3F  2F 
  3s( 2)  3p( 4)  4d( 2)  4f( 3)
 1S0 1D2 3F2 4D1 1D  3G  2F 
  3s( 2)  3p( 4)  4d( 2)  4f( 3)
 1S0 1D2 3F2 4D1 1D  3H  2F 
  3s( 2)  3p( 4)  4d( 2)  4f( 3)
 1S0 1D2 3F2 4F1 1D  3P  2F 
  3s( 2)  3p( 4)  4d( 2)  4f( 3)
 1S0 1D2 3F2 4F1 1D  3D  2F 
  3s( 2)  3p( 4)  4d( 2)  4f( 3)
 1S0 1D2 3F2 4F1 1D  3F  2F 
  3s( 2)  3p( 4)  4d( 2)  4f( 3)
 1S0 1D2 3F2 4F1 1D  3G  2F 
  3s( 2)  3p( 4)  4d( 2)  4f( 3)
 1S0 1D2 3F2 4F1 1D  3H  2F 
  3s( 2)  3p( 4)  4d( 2)  4f( 3)
 1S0 1D2 3F2 4G1 1D  3P  2F 
  3s( 2)  3p( 4)  4d( 2)  4f( 3)
 1S0 1D2 3F2 4G1 1D  3D  2F 
  3s( 2)  3p( 4)  4d( 2)  4f( 3)
 1S0 1D2 3F2 4G1 1D  3F  2F 
  3s( 2)  3p( 4)  4d( 2)  4f( 3)
 1S0 1D2 3F2 4G1 1D  3G  2F 
  3s( 2)  3p( 4)  4d( 2)  4f( 3)
 1S0 1D2 3F2 4G1 1D  3H  2F 
  3s( 2)  3p( 4)  4d( 2)  4f( 3)
 1S0 1D2 3F2 4I1 1D  3F  2F 
  3s( 2)  3p( 4)  4d( 2)  4f( 3)
 1S0 1D2 3F2 4I1 1D  3G  2F 
  3s( 2)  3p( 4)  4d( 2)  4f( 3)
 1S0 1D2 3F2 4I1 1D  3H  2F 
  3s( 2)  3p( 4)  4d( 2)  4f( 3)
 1S0 3P2 1S0 2D1 3P  3P  2F 
  3s( 2)  3p( 4)  4d( 2)  4f( 3)
 1S0 3P2 1S0 2D2 3P  3P  2F 
  3s( 2)  3p( 4)  4d( 2)  4f( 3)
 1S0 3P2 1S0 2F1 3P  3P  2F 
  3s( 2)  3p( 4)  4d( 2)  4f( 3)
 1S0 3P2 1S0 2F2 3P  3P  2F 
  3s( 2)  3p( 4)  4d( 2)  4f( 3)
 1S0 3P2 1S0 2G1 3P  3P  2F 
  3s( 2)  3p( 4)  4d( 2)  4f( 3)
 1S0 3P2 1S0 2G2 3P  3P  2F 
  3s( 2)  3p( 4)  4d( 2)  4f( 3)
 1S0 3P2 1S0 4D1 3P  3P  2F 
  3s( 2)  3p( 4)  4d( 2)  4f( 3)
 1S0 3P2 1S0 4F1 3P  3P  2F 
  3s( 2)  3p( 4)  4d( 2)  4f( 3)
 1S0 3P2 1S0 4G1 3P  3P  2F 
  3s( 2)  3p( 4)  4d( 2)  4f( 3)
 1S0 3P2 1D2 2P1 3P  3D  2F 
  3s( 2)  3p( 4)  4d( 2)  4f( 3)
 1S0 3P2 1D2 2P1 3P  3F  2F 
  3s( 2)  3p( 4)  4d( 2)  4f( 3)
 1S0 3P2 1D2 2D1 3P  3P  2F 
  3s( 2)  3p( 4)  4d( 2)  4f( 3)
 1S0 3P2 1D2 2D1 3P  3D  2F 
  3s( 2)  3p( 4)  4d( 2)  4f( 3)
 1S0 3P2 1D2 2D1 3P  3F  2F 
  3s( 2)  3p( 4)  4d( 2)  4f( 3)
 1S0 3P2 1D2 2D2 3P  3P  2F 
  3s( 2)  3p( 4)  4d( 2)  4f( 3)
 1S0 3P2 1D2 2D2 3P  3D  2F 
  3s( 2)  3p( 4)  4d( 2)  4f( 3)
 1S0 3P2 1D2 2D2 3P  3F  2F 
  3s( 2)  3p( 4)  4d( 2)  4f( 3)
 1S0 3P2 1D2 2F1 3P  3P  2F 
  3s( 2)  3p( 4)  4d( 2)  4f( 3)
 1S0 3P2 1D2 2F1 3P  3D  2F 
  3s( 2)  3p( 4)  4d( 2)  4f( 3)
 1S0 3P2 1D2 2F1 3P  3F  2F 
  3s( 2)  3p( 4)  4d( 2)  4f( 3)
 1S0 3P2 1D2 2F2 3P  3P  2F 
  3s( 2)  3p( 4)  4d( 2)  4f( 3)
 1S0 3P2 1D2 2F2 3P  3D  2F 
  3s( 2)  3p( 4)  4d( 2)  4f( 3)
 1S0 3P2 1D2 2F2 3P  3F  2F 
  3s( 2)  3p( 4)  4d( 2)  4f( 3)
 1S0 3P2 1D2 2G1 3P  3P  2F 
  3s( 2)  3p( 4)  4d( 2)  4f( 3)
 1S0 3P2 1D2 2G1 3P  3D  2F 
  3s( 2)  3p( 4)  4d( 2)  4f( 3)
 1S0 3P2 1D2 2G1 3P  3F  2F 
  3s( 2)  3p( 4)  4d( 2)  4f( 3)
 1S0 3P2 1D2 2G2 3P  3P  2F 
  3s( 2)  3p( 4)  4d( 2)  4f( 3)
 1S0 3P2 1D2 2G2 3P  3D  2F 
  3s( 2)  3p( 4)  4d( 2)  4f( 3)
 1S0 3P2 1D2 2G2 3P  3F  2F 
  3s( 2)  3p( 4)  4d( 2)  4f( 3)
 1S0 3P2 1D2 2H1 3P  3D  2F 
  3s( 2)  3p( 4)  4d( 2)  4f( 3)
 1S0 3P2 1D2 2H1 3P  3F  2F 
  3s( 2)  3p( 4)  4d( 2)  4f( 3)
 1S0 3P2 1D2 2H2 3P  3D  2F 
  3s( 2)  3p( 4)  4d( 2)  4f( 3)
 1S0 3P2 1D2 2H2 3P  3F  2F 
  3s( 2)  3p( 4)  4d( 2)  4f( 3)
 1S0 3P2 1D2 2I1 3P  3F  2F 
  3s( 2)  3p( 4)  4d( 2)  4f( 3)
 1S0 3P2 1D2 4S1 3P  3F  2F 
  3s( 2)  3p( 4)  4d( 2)  4f( 3)
 1S0 3P2 1D2 4D1 3P  3P  2F 
  3s( 2)  3p( 4)  4d( 2)  4f( 3)
 1S0 3P2 1D2 4D1 3P  3D  2F 
  3s( 2)  3p( 4)  4d( 2)  4f( 3)
 1S0 3P2 1D2 4D1 3P  3F  2F 
  3s( 2)  3p( 4)  4d( 2)  4f( 3)
 1S0 3P2 1D2 4F1 3P  3P  2F 
  3s( 2)  3p( 4)  4d( 2)  4f( 3)
 1S0 3P2 1D2 4F1 3P  3D  2F 
  3s( 2)  3p( 4)  4d( 2)  4f( 3)
 1S0 3P2 1D2 4F1 3P  3F  2F 
  3s( 2)  3p( 4)  4d( 2)  4f( 3)
 1S0 3P2 1D2 4G1 3P  3P  2F 
  3s( 2)  3p( 4)  4d( 2)  4f( 3)
 1S0 3P2 1D2 4G1 3P  3D  2F 
  3s( 2)  3p( 4)  4d( 2)  4f( 3)
 1S0 3P2 1D2 4G1 3P  3F  2F 
  3s( 2)  3p( 4)  4d( 2)  4f( 3)
 1S0 3P2 1D2 4I1 3P  3F  2F 
  3s( 2)  3p( 4)  4d( 2)  4f( 3)
 1S0 3P2 1G2 2P1 3P  3F  2F 
  3s( 2)  3p( 4)  4d( 2)  4f( 3)
 1S0 3P2 1G2 2P1 3P  3G  2F 
  3s( 2)  3p( 4)  4d( 2)  4f( 3)
 1S0 3P2 1G2 2D1 3P  3F  2F 
  3s( 2)  3p( 4)  4d( 2)  4f( 3)
 1S0 3P2 1G2 2D1 3P  3G  2F 
  3s( 2)  3p( 4)  4d( 2)  4f( 3)
 1S0 3P2 1G2 2D1 3P  3H  2F 
  3s( 2)  3p( 4)  4d( 2)  4f( 3)
 1S0 3P2 1G2 2D2 3P  3F  2F 
  3s( 2)  3p( 4)  4d( 2)  4f( 3)
 1S0 3P2 1G2 2D2 3P  3G  2F 
  3s( 2)  3p( 4)  4d( 2)  4f( 3)
 1S0 3P2 1G2 2D2 3P  3H  2F 
  3s( 2)  3p( 4)  4d( 2)  4f( 3)
 1S0 3P2 1G2 2F1 3P  3F  2F 
  3s( 2)  3p( 4)  4d( 2)  4f( 3)
 1S0 3P2 1G2 2F1 3P  3G  2F 
  3s( 2)  3p( 4)  4d( 2)  4f( 3)
 1S0 3P2 1G2 2F1 3P  3H  2F 
  3s( 2)  3p( 4)  4d( 2)  4f( 3)
 1S0 3P2 1G2 2F2 3P  3F  2F 
  3s( 2)  3p( 4)  4d( 2)  4f( 3)
 1S0 3P2 1G2 2F2 3P  3G  2F 
  3s( 2)  3p( 4)  4d( 2)  4f( 3)
 1S0 3P2 1G2 2F2 3P  3H  2F 
  3s( 2)  3p( 4)  4d( 2)  4f( 3)
 1S0 3P2 1G2 2G1 3P  3F  2F 
  3s( 2)  3p( 4)  4d( 2)  4f( 3)
 1S0 3P2 1G2 2G1 3P  3G  2F 
  3s( 2)  3p( 4)  4d( 2)  4f( 3)
 1S0 3P2 1G2 2G1 3P  3H  2F 
  3s( 2)  3p( 4)  4d( 2)  4f( 3)
 1S0 3P2 1G2 2G2 3P  3F  2F 
  3s( 2)  3p( 4)  4d( 2)  4f( 3)
 1S0 3P2 1G2 2G2 3P  3G  2F 
  3s( 2)  3p( 4)  4d( 2)  4f( 3)
 1S0 3P2 1G2 2G2 3P  3H  2F 
  3s( 2)  3p( 4)  4d( 2)  4f( 3)
 1S0 3P2 1G2 2H1 3P  3F  2F 
  3s( 2)  3p( 4)  4d( 2)  4f( 3)
 1S0 3P2 1G2 2H1 3P  3G  2F 
  3s( 2)  3p( 4)  4d( 2)  4f( 3)
 1S0 3P2 1G2 2H1 3P  3H  2F 
  3s( 2)  3p( 4)  4d( 2)  4f( 3)
 1S0 3P2 1G2 2H2 3P  3F  2F 
  3s( 2)  3p( 4)  4d( 2)  4f( 3)
 1S0 3P2 1G2 2H2 3P  3G  2F 
  3s( 2)  3p( 4)  4d( 2)  4f( 3)
 1S0 3P2 1G2 2H2 3P  3H  2F 
  3s( 2)  3p( 4)  4d( 2)  4f( 3)
 1S0 3P2 1G2 2I1 3P  3F  2F 
  3s( 2)  3p( 4)  4d( 2)  4f( 3)
 1S0 3P2 1G2 2I1 3P  3G  2F 
  3s( 2)  3p( 4)  4d( 2)  4f( 3)
 1S0 3P2 1G2 2I1 3P  3H  2F 
  3s( 2)  3p( 4)  4d( 2)  4f( 3)
 1S0 3P2 1G2 2K1 3P  3G  2F 
  3s( 2)  3p( 4)  4d( 2)  4f( 3)
 1S0 3P2 1G2 2K1 3P  3H  2F 
  3s( 2)  3p( 4)  4d( 2)  4f( 3)
 1S0 3P2 1G2 2L1 3P  3H  2F 
  3s( 2)  3p( 4)  4d( 2)  4f( 3)
 1S0 3P2 1G2 4S1 3P  3F  2F 
  3s( 2)  3p( 4)  4d( 2)  4f( 3)
 1S0 3P2 1G2 4D1 3P  3F  2F 
  3s( 2)  3p( 4)  4d( 2)  4f( 3)
 1S0 3P2 1G2 4D1 3P  3G  2F 
  3s( 2)  3p( 4)  4d( 2)  4f( 3)
 1S0 3P2 1G2 4D1 3P  3H  2F 
  3s( 2)  3p( 4)  4d( 2)  4f( 3)
 1S0 3P2 1G2 4F1 3P  3F  2F 
  3s( 2)  3p( 4)  4d( 2)  4f( 3)
 1S0 3P2 1G2 4F1 3P  3G  2F 
  3s( 2)  3p( 4)  4d( 2)  4f( 3)
 1S0 3P2 1G2 4F1 3P  3H  2F 
  3s( 2)  3p( 4)  4d( 2)  4f( 3)
 1S0 3P2 1G2 4G1 3P  3F  2F 
  3s( 2)  3p( 4)  4d( 2)  4f( 3)
 1S0 3P2 1G2 4G1 3P  3G  2F 
  3s( 2)  3p( 4)  4d( 2)  4f( 3)
 1S0 3P2 1G2 4G1 3P  3H  2F 
  3s( 2)  3p( 4)  4d( 2)  4f( 3)
 1S0 3P2 1G2 4I1 3P  3F  2F 
  3s( 2)  3p( 4)  4d( 2)  4f( 3)
 1S0 3P2 1G2 4I1 3P  3G  2F 
  3s( 2)  3p( 4)  4d( 2)  4f( 3)
 1S0 3P2 1G2 4I1 3P  3H  2F 
  3s( 2)  3p( 4)  4d( 2)  4f( 3)
 1S0 3P2 3P2 2P1 3P  1D  2F 
  3s( 2)  3p( 4)  4d( 2)  4f( 3)
 1S0 3P2 3P2 2P1 3P  3D  2F 
  3s( 2)  3p( 4)  4d( 2)  4f( 3)
 1S0 3P2 3P2 2D1 3P  1P  2F 
  3s( 2)  3p( 4)  4d( 2)  4f( 3)
 1S0 3P2 3P2 2D1 3P  1D  2F 
  3s( 2)  3p( 4)  4d( 2)  4f( 3)
 1S0 3P2 3P2 2D1 3P  3P  2F 
  3s( 2)  3p( 4)  4d( 2)  4f( 3)
 1S0 3P2 3P2 2D1 3P  3D  2F 
  3s( 2)  3p( 4)  4d( 2)  4f( 3)
 1S0 3P2 3P2 2D2 3P  1P  2F 
  3s( 2)  3p( 4)  4d( 2)  4f( 3)
 1S0 3P2 3P2 2D2 3P  1D  2F 
  3s( 2)  3p( 4)  4d( 2)  4f( 3)
 1S0 3P2 3P2 2D2 3P  3P  2F 
  3s( 2)  3p( 4)  4d( 2)  4f( 3)
 1S0 3P2 3P2 2D2 3P  3D  2F 
  3s( 2)  3p( 4)  4d( 2)  4f( 3)
 1S0 3P2 3P2 2F1 3P  1S  2F 
  3s( 2)  3p( 4)  4d( 2)  4f( 3)
 1S0 3P2 3P2 2F1 3P  1P  2F 
  3s( 2)  3p( 4)  4d( 2)  4f( 3)
 1S0 3P2 3P2 2F1 3P  1D  2F 
  3s( 2)  3p( 4)  4d( 2)  4f( 3)
 1S0 3P2 3P2 2F1 3P  3S  2F 
  3s( 2)  3p( 4)  4d( 2)  4f( 3)
 1S0 3P2 3P2 2F1 3P  3P  2F 
  3s( 2)  3p( 4)  4d( 2)  4f( 3)
 1S0 3P2 3P2 2F1 3P  3D  2F 
  3s( 2)  3p( 4)  4d( 2)  4f( 3)
 1S0 3P2 3P2 2F2 3P  1S  2F 
  3s( 2)  3p( 4)  4d( 2)  4f( 3)
 1S0 3P2 3P2 2F2 3P  1P  2F 
  3s( 2)  3p( 4)  4d( 2)  4f( 3)
 1S0 3P2 3P2 2F2 3P  1D  2F 
  3s( 2)  3p( 4)  4d( 2)  4f( 3)
 1S0 3P2 3P2 2F2 3P  3S  2F 
  3s( 2)  3p( 4)  4d( 2)  4f( 3)
 1S0 3P2 3P2 2F2 3P  3P  2F 
  3s( 2)  3p( 4)  4d( 2)  4f( 3)
 1S0 3P2 3P2 2F2 3P  3D  2F 
  3s( 2)  3p( 4)  4d( 2)  4f( 3)
 1S0 3P2 3P2 2G1 3P  1P  2F 
  3s( 2)  3p( 4)  4d( 2)  4f( 3)
 1S0 3P2 3P2 2G1 3P  1D  2F 
  3s( 2)  3p( 4)  4d( 2)  4f( 3)
 1S0 3P2 3P2 2G1 3P  3P  2F 
  3s( 2)  3p( 4)  4d( 2)  4f( 3)
 1S0 3P2 3P2 2G1 3P  3D  2F 
  3s( 2)  3p( 4)  4d( 2)  4f( 3)
 1S0 3P2 3P2 2G2 3P  1P  2F 
  3s( 2)  3p( 4)  4d( 2)  4f( 3)
 1S0 3P2 3P2 2G2 3P  1D  2F 
  3s( 2)  3p( 4)  4d( 2)  4f( 3)
 1S0 3P2 3P2 2G2 3P  3P  2F 
  3s( 2)  3p( 4)  4d( 2)  4f( 3)
 1S0 3P2 3P2 2G2 3P  3D  2F 
  3s( 2)  3p( 4)  4d( 2)  4f( 3)
 1S0 3P2 3P2 2H1 3P  1D  2F 
  3s( 2)  3p( 4)  4d( 2)  4f( 3)
 1S0 3P2 3P2 2H1 3P  3D  2F 
  3s( 2)  3p( 4)  4d( 2)  4f( 3)
 1S0 3P2 3P2 2H2 3P  1D  2F 
  3s( 2)  3p( 4)  4d( 2)  4f( 3)
 1S0 3P2 3P2 2H2 3P  3D  2F 
  3s( 2)  3p( 4)  4d( 2)  4f( 3)
 1S0 3P2 3P2 4D1 3P  3P  2F 
  3s( 2)  3p( 4)  4d( 2)  4f( 3)
 1S0 3P2 3P2 4D1 3P  3D  2F 
  3s( 2)  3p( 4)  4d( 2)  4f( 3)
 1S0 3P2 3P2 4D1 3P  5P  2F 
  3s( 2)  3p( 4)  4d( 2)  4f( 3)
 1S0 3P2 3P2 4D1 3P  5D  2F 
  3s( 2)  3p( 4)  4d( 2)  4f( 3)
 1S0 3P2 3P2 4F1 3P  3S  2F 
  3s( 2)  3p( 4)  4d( 2)  4f( 3)
 1S0 3P2 3P2 4F1 3P  3P  2F 
  3s( 2)  3p( 4)  4d( 2)  4f( 3)
 1S0 3P2 3P2 4F1 3P  3D  2F 
  3s( 2)  3p( 4)  4d( 2)  4f( 3)
 1S0 3P2 3P2 4F1 3P  5S  2F 
  3s( 2)  3p( 4)  4d( 2)  4f( 3)
 1S0 3P2 3P2 4F1 3P  5P  2F 
  3s( 2)  3p( 4)  4d( 2)  4f( 3)
 1S0 3P2 3P2 4F1 3P  5D  2F 
  3s( 2)  3p( 4)  4d( 2)  4f( 3)
 1S0 3P2 3P2 4G1 3P  3P  2F 
  3s( 2)  3p( 4)  4d( 2)  4f( 3)
 1S0 3P2 3P2 4G1 3P  3D  2F 
  3s( 2)  3p( 4)  4d( 2)  4f( 3)
 1S0 3P2 3P2 4G1 3P  5P  2F 
  3s( 2)  3p( 4)  4d( 2)  4f( 3)
 1S0 3P2 3P2 4G1 3P  5D  2F 
  3s( 2)  3p( 4)  4d( 2)  4f( 3)
 1S0 3P2 3F2 2P1 3P  1D  2F 
  3s( 2)  3p( 4)  4d( 2)  4f( 3)
 1S0 3P2 3F2 2P1 3P  1F  2F 
  3s( 2)  3p( 4)  4d( 2)  4f( 3)
 1S0 3P2 3F2 2P1 3P  1G  2F 
  3s( 2)  3p( 4)  4d( 2)  4f( 3)
 1S0 3P2 3F2 2P1 3P  3D  2F 
  3s( 2)  3p( 4)  4d( 2)  4f( 3)
 1S0 3P2 3F2 2P1 3P  3F  2F 
  3s( 2)  3p( 4)  4d( 2)  4f( 3)
 1S0 3P2 3F2 2P1 3P  3G  2F 
  3s( 2)  3p( 4)  4d( 2)  4f( 3)
 1S0 3P2 3F2 2D1 3P  1D  2F 
  3s( 2)  3p( 4)  4d( 2)  4f( 3)
 1S0 3P2 3F2 2D1 3P  1F  2F 
  3s( 2)  3p( 4)  4d( 2)  4f( 3)
 1S0 3P2 3F2 2D1 3P  1G  2F 
  3s( 2)  3p( 4)  4d( 2)  4f( 3)
 1S0 3P2 3F2 2D1 3P  3D  2F 
  3s( 2)  3p( 4)  4d( 2)  4f( 3)
 1S0 3P2 3F2 2D1 3P  3F  2F 
  3s( 2)  3p( 4)  4d( 2)  4f( 3)
 1S0 3P2 3F2 2D1 3P  3G  2F 
  3s( 2)  3p( 4)  4d( 2)  4f( 3)
 1S0 3P2 3F2 2D2 3P  1D  2F 
  3s( 2)  3p( 4)  4d( 2)  4f( 3)
 1S0 3P2 3F2 2D2 3P  1F  2F 
  3s( 2)  3p( 4)  4d( 2)  4f( 3)
 1S0 3P2 3F2 2D2 3P  1G  2F 
  3s( 2)  3p( 4)  4d( 2)  4f( 3)
 1S0 3P2 3F2 2D2 3P  3D  2F 
  3s( 2)  3p( 4)  4d( 2)  4f( 3)
 1S0 3P2 3F2 2D2 3P  3F  2F 
  3s( 2)  3p( 4)  4d( 2)  4f( 3)
 1S0 3P2 3F2 2D2 3P  3G  2F 
  3s( 2)  3p( 4)  4d( 2)  4f( 3)
 1S0 3P2 3F2 2F1 3P  1D  2F 
  3s( 2)  3p( 4)  4d( 2)  4f( 3)
 1S0 3P2 3F2 2F1 3P  1F  2F 
  3s( 2)  3p( 4)  4d( 2)  4f( 3)
 1S0 3P2 3F2 2F1 3P  1G  2F 
  3s( 2)  3p( 4)  4d( 2)  4f( 3)
 1S0 3P2 3F2 2F1 3P  3D  2F 
  3s( 2)  3p( 4)  4d( 2)  4f( 3)
 1S0 3P2 3F2 2F1 3P  3F  2F 
  3s( 2)  3p( 4)  4d( 2)  4f( 3)
 1S0 3P2 3F2 2F1 3P  3G  2F 
  3s( 2)  3p( 4)  4d( 2)  4f( 3)
 1S0 3P2 3F2 2F2 3P  1D  2F 
  3s( 2)  3p( 4)  4d( 2)  4f( 3)
 1S0 3P2 3F2 2F2 3P  1F  2F 
  3s( 2)  3p( 4)  4d( 2)  4f( 3)
 1S0 3P2 3F2 2F2 3P  1G  2F 
  3s( 2)  3p( 4)  4d( 2)  4f( 3)
 1S0 3P2 3F2 2F2 3P  3D  2F 
  3s( 2)  3p( 4)  4d( 2)  4f( 3)
 1S0 3P2 3F2 2F2 3P  3F  2F 
  3s( 2)  3p( 4)  4d( 2)  4f( 3)
 1S0 3P2 3F2 2F2 3P  3G  2F 
  3s( 2)  3p( 4)  4d( 2)  4f( 3)
 1S0 3P2 3F2 2G1 3P  1D  2F 
  3s( 2)  3p( 4)  4d( 2)  4f( 3)
 1S0 3P2 3F2 2G1 3P  1F  2F 
  3s( 2)  3p( 4)  4d( 2)  4f( 3)
 1S0 3P2 3F2 2G1 3P  1G  2F 
  3s( 2)  3p( 4)  4d( 2)  4f( 3)
 1S0 3P2 3F2 2G1 3P  3D  2F 
  3s( 2)  3p( 4)  4d( 2)  4f( 3)
 1S0 3P2 3F2 2G1 3P  3F  2F 
  3s( 2)  3p( 4)  4d( 2)  4f( 3)
 1S0 3P2 3F2 2G1 3P  3G  2F 
  3s( 2)  3p( 4)  4d( 2)  4f( 3)
 1S0 3P2 3F2 2G2 3P  1D  2F 
  3s( 2)  3p( 4)  4d( 2)  4f( 3)
 1S0 3P2 3F2 2G2 3P  1F  2F 
  3s( 2)  3p( 4)  4d( 2)  4f( 3)
 1S0 3P2 3F2 2G2 3P  1G  2F 
  3s( 2)  3p( 4)  4d( 2)  4f( 3)
 1S0 3P2 3F2 2G2 3P  3D  2F 
  3s( 2)  3p( 4)  4d( 2)  4f( 3)
 1S0 3P2 3F2 2G2 3P  3F  2F 
  3s( 2)  3p( 4)  4d( 2)  4f( 3)
 1S0 3P2 3F2 2G2 3P  3G  2F 
  3s( 2)  3p( 4)  4d( 2)  4f( 3)
 1S0 3P2 3F2 2H1 3P  1D  2F 
  3s( 2)  3p( 4)  4d( 2)  4f( 3)
 1S0 3P2 3F2 2H1 3P  1F  2F 
  3s( 2)  3p( 4)  4d( 2)  4f( 3)
 1S0 3P2 3F2 2H1 3P  1G  2F 
  3s( 2)  3p( 4)  4d( 2)  4f( 3)
 1S0 3P2 3F2 2H1 3P  3D  2F 
  3s( 2)  3p( 4)  4d( 2)  4f( 3)
 1S0 3P2 3F2 2H1 3P  3F  2F 
  3s( 2)  3p( 4)  4d( 2)  4f( 3)
 1S0 3P2 3F2 2H1 3P  3G  2F 
  3s( 2)  3p( 4)  4d( 2)  4f( 3)
 1S0 3P2 3F2 2H2 3P  1D  2F 
  3s( 2)  3p( 4)  4d( 2)  4f( 3)
 1S0 3P2 3F2 2H2 3P  1F  2F 
  3s( 2)  3p( 4)  4d( 2)  4f( 3)
 1S0 3P2 3F2 2H2 3P  1G  2F 
  3s( 2)  3p( 4)  4d( 2)  4f( 3)
 1S0 3P2 3F2 2H2 3P  3D  2F 
  3s( 2)  3p( 4)  4d( 2)  4f( 3)
 1S0 3P2 3F2 2H2 3P  3F  2F 
  3s( 2)  3p( 4)  4d( 2)  4f( 3)
 1S0 3P2 3F2 2H2 3P  3G  2F 
  3s( 2)  3p( 4)  4d( 2)  4f( 3)
 1S0 3P2 3F2 2I1 3P  1F  2F 
  3s( 2)  3p( 4)  4d( 2)  4f( 3)
 1S0 3P2 3F2 2I1 3P  1G  2F 
  3s( 2)  3p( 4)  4d( 2)  4f( 3)
 1S0 3P2 3F2 2I1 3P  3F  2F 
  3s( 2)  3p( 4)  4d( 2)  4f( 3)
 1S0 3P2 3F2 2I1 3P  3G  2F 
  3s( 2)  3p( 4)  4d( 2)  4f( 3)
 1S0 3P2 3F2 2K1 3P  1G  2F 
  3s( 2)  3p( 4)  4d( 2)  4f( 3)
 1S0 3P2 3F2 2K1 3P  3G  2F 
  3s( 2)  3p( 4)  4d( 2)  4f( 3)
 1S0 3P2 3F2 4S1 3P  3F  2F 
  3s( 2)  3p( 4)  4d( 2)  4f( 3)
 1S0 3P2 3F2 4S1 3P  5F  2F 
  3s( 2)  3p( 4)  4d( 2)  4f( 3)
 1S0 3P2 3F2 4D1 3P  3D  2F 
  3s( 2)  3p( 4)  4d( 2)  4f( 3)
 1S0 3P2 3F2 4D1 3P  3F  2F 
  3s( 2)  3p( 4)  4d( 2)  4f( 3)
 1S0 3P2 3F2 4D1 3P  3G  2F 
  3s( 2)  3p( 4)  4d( 2)  4f( 3)
 1S0 3P2 3F2 4D1 3P  5D  2F 
  3s( 2)  3p( 4)  4d( 2)  4f( 3)
 1S0 3P2 3F2 4D1 3P  5F  2F 
  3s( 2)  3p( 4)  4d( 2)  4f( 3)
 1S0 3P2 3F2 4D1 3P  5G  2F 
  3s( 2)  3p( 4)  4d( 2)  4f( 3)
 1S0 3P2 3F2 4F1 3P  3D  2F 
  3s( 2)  3p( 4)  4d( 2)  4f( 3)
 1S0 3P2 3F2 4F1 3P  3F  2F 
  3s( 2)  3p( 4)  4d( 2)  4f( 3)
 1S0 3P2 3F2 4F1 3P  3G  2F 
  3s( 2)  3p( 4)  4d( 2)  4f( 3)
 1S0 3P2 3F2 4F1 3P  5D  2F 
  3s( 2)  3p( 4)  4d( 2)  4f( 3)
 1S0 3P2 3F2 4F1 3P  5F  2F 
  3s( 2)  3p( 4)  4d( 2)  4f( 3)
 1S0 3P2 3F2 4F1 3P  5G  2F 
  3s( 2)  3p( 4)  4d( 2)  4f( 3)
 1S0 3P2 3F2 4G1 3P  3D  2F 
  3s( 2)  3p( 4)  4d( 2)  4f( 3)
 1S0 3P2 3F2 4G1 3P  3F  2F 
  3s( 2)  3p( 4)  4d( 2)  4f( 3)
 1S0 3P2 3F2 4G1 3P  3G  2F 
  3s( 2)  3p( 4)  4d( 2)  4f( 3)
 1S0 3P2 3F2 4G1 3P  5D  2F 
  3s( 2)  3p( 4)  4d( 2)  4f( 3)
 1S0 3P2 3F2 4G1 3P  5F  2F 
  3s( 2)  3p( 4)  4d( 2)  4f( 3)
 1S0 3P2 3F2 4G1 3P  5G  2F 
  3s( 2)  3p( 4)  4d( 2)  4f( 3)
 1S0 3P2 3F2 4I1 3P  3F  2F 
  3s( 2)  3p( 4)  4d( 2)  4f( 3)
 1S0 3P2 3F2 4I1 3P  3G  2F 
  3s( 2)  3p( 4)  4d( 2)  4f( 3)
 1S0 3P2 3F2 4I1 3P  5F  2F 
  3s( 2)  3p( 4)  4d( 2)  4f( 3)
 1S0 3P2 3F2 4I1 3P  5G  2F 
  3s( 2)  3p( 4)  4f( 5)
 1S0 1S0 2F1 1S  2F 
  3s( 2)  3p( 4)  4f( 5)
 1S0 1S0 2F2 1S  2F 
  3s( 2)  3p( 4)  4f( 5)
 1S0 1S0 2F3 1S  2F 
  3s( 2)  3p( 4)  4f( 5)
 1S0 1S0 2F4 1S  2F 
  3s( 2)  3p( 4)  4f( 5)
 1S0 1S0 2F5 1S  2F 
  3s( 2)  3p( 4)  4f( 5)
 1S0 1S0 2F6 1S  2F 
  3s( 2)  3p( 4)  4f( 5)
 1S0 1S0 2F7 1S  2F 
  3s( 2)  3p( 4)  4f( 5)
 1S0 1D2 2P1 1D  2F 
  3s( 2)  3p( 4)  4f( 5)
 1S0 1D2 2P2 1D  2F 
  3s( 2)  3p( 4)  4f( 5)
 1S0 1D2 2P3 1D  2F 
  3s( 2)  3p( 4)  4f( 5)
 1S0 1D2 2P4 1D  2F 
  3s( 2)  3p( 4)  4f( 5)
 1S0 1D2 2D1 1D  2F 
  3s( 2)  3p( 4)  4f( 5)
 1S0 1D2 2D2 1D  2F 
  3s( 2)  3p( 4)  4f( 5)
 1S0 1D2 2D3 1D  2F 
  3s( 2)  3p( 4)  4f( 5)
 1S0 1D2 2D4 1D  2F 
  3s( 2)  3p( 4)  4f( 5)
 1S0 1D2 2D5 1D  2F 
  3s( 2)  3p( 4)  4f( 5)
 1S0 1D2 2F1 1D  2F 
  3s( 2)  3p( 4)  4f( 5)
 1S0 1D2 2F2 1D  2F 
  3s( 2)  3p( 4)  4f( 5)
 1S0 1D2 2F3 1D  2F 
  3s( 2)  3p( 4)  4f( 5)
 1S0 1D2 2F4 1D  2F 
  3s( 2)  3p( 4)  4f( 5)
 1S0 1D2 2F5 1D  2F 
  3s( 2)  3p( 4)  4f( 5)
 1S0 1D2 2F6 1D  2F 
  3s( 2)  3p( 4)  4f( 5)
 1S0 1D2 2F7 1D  2F 
  3s( 2)  3p( 4)  4f( 5)
 1S0 1D2 2G1 1D  2F 
  3s( 2)  3p( 4)  4f( 5)
 1S0 1D2 2G2 1D  2F 
  3s( 2)  3p( 4)  4f( 5)
 1S0 1D2 2G3 1D  2F 
  3s( 2)  3p( 4)  4f( 5)
 1S0 1D2 2G4 1D  2F 
  3s( 2)  3p( 4)  4f( 5)
 1S0 1D2 2G5 1D  2F 
  3s( 2)  3p( 4)  4f( 5)
 1S0 1D2 2G6 1D  2F 
  3s( 2)  3p( 4)  4f( 5)
 1S0 1D2 2H1 1D  2F 
  3s( 2)  3p( 4)  4f( 5)
 1S0 1D2 2H2 1D  2F 
  3s( 2)  3p( 4)  4f( 5)
 1S0 1D2 2H3 1D  2F 
  3s( 2)  3p( 4)  4f( 5)
 1S0 1D2 2H4 1D  2F 
  3s( 2)  3p( 4)  4f( 5)
 1S0 1D2 2H5 1D  2F 
  3s( 2)  3p( 4)  4f( 5)
 1S0 1D2 2H6 1D  2F 
  3s( 2)  3p( 4)  4f( 5)
 1S0 1D2 2H7 1D  2F 
  3s( 2)  3p( 4)  4f( 5)
 1S0 3P2 2D1 3P  2F 
  3s( 2)  3p( 4)  4f( 5)
 1S0 3P2 2D2 3P  2F 
  3s( 2)  3p( 4)  4f( 5)
 1S0 3P2 2D3 3P  2F 
  3s( 2)  3p( 4)  4f( 5)
 1S0 3P2 2D4 3P  2F 
  3s( 2)  3p( 4)  4f( 5)
 1S0 3P2 2D5 3P  2F 
  3s( 2)  3p( 4)  4f( 5)
 1S0 3P2 2F1 3P  2F 
  3s( 2)  3p( 4)  4f( 5)
 1S0 3P2 2F2 3P  2F 
  3s( 2)  3p( 4)  4f( 5)
 1S0 3P2 2F3 3P  2F 
  3s( 2)  3p( 4)  4f( 5)
 1S0 3P2 2F4 3P  2F 
  3s( 2)  3p( 4)  4f( 5)
 1S0 3P2 2F5 3P  2F 
  3s( 2)  3p( 4)  4f( 5)
 1S0 3P2 2F6 3P  2F 
  3s( 2)  3p( 4)  4f( 5)
 1S0 3P2 2F7 3P  2F 
  3s( 2)  3p( 4)  4f( 5)
 1S0 3P2 2G1 3P  2F 
  3s( 2)  3p( 4)  4f( 5)
 1S0 3P2 2G2 3P  2F 
  3s( 2)  3p( 4)  4f( 5)
 1S0 3P2 2G3 3P  2F 
  3s( 2)  3p( 4)  4f( 5)
 1S0 3P2 2G4 3P  2F 
  3s( 2)  3p( 4)  4f( 5)
 1S0 3P2 2G5 3P  2F 
  3s( 2)  3p( 4)  4f( 5)
 1S0 3P2 2G6 3P  2F 
  3s( 2)  3p( 4)  4f( 5)
 1S0 3P2 4D1 3P  2F 
  3s( 2)  3p( 4)  4f( 5)
 1S0 3P2 4D2 3P  2F 
  3s( 2)  3p( 4)  4f( 5)
 1S0 3P2 4D3 3P  2F 
  3s( 2)  3p( 4)  4f( 5)
 1S0 3P2 4F1 3P  2F 
  3s( 2)  3p( 4)  4f( 5)
 1S0 3P2 4F2 3P  2F 
  3s( 2)  3p( 4)  4f( 5)
 1S0 3P2 4F3 3P  2F 
  3s( 2)  3p( 4)  4f( 5)
 1S0 3P2 4F4 3P  2F 
  3s( 2)  3p( 4)  4f( 5)
 1S0 3P2 4G1 3P  2F 
  3s( 2)  3p( 4)  4f( 5)
 1S0 3P2 4G2 3P  2F 
  3s( 2)  3p( 4)  4f( 5)
 1S0 3P2 4G3 3P  2F 
  3s( 2)  3p( 4)  4f( 5)
 1S0 3P2 4G4 3P  2F 
  3s( 1)  3p( 6)  3d( 1)  4p( 1)  4f( 2)
 2S1 1S0 2D1 2P1 1S0 2S  1D  2F  2F 
  3s( 1)  3p( 6)  3d( 1)  4p( 1)  4f( 2)
 2S1 1S0 2D1 2P1 1S0 2S  3D  2F  2F 
  3s( 1)  3p( 6)  3d( 1)  4p( 1)  4f( 2)
 2S1 1S0 2D1 2P1 1D2 2S  1D  2P  2F 
  3s( 1)  3p( 6)  3d( 1)  4p( 1)  4f( 2)
 2S1 1S0 2D1 2P1 1D2 2S  1D  2D  2F 
  3s( 1)  3p( 6)  3d( 1)  4p( 1)  4f( 2)
 2S1 1S0 2D1 2P1 1D2 2S  1D  2F  2F 
  3s( 1)  3p( 6)  3d( 1)  4p( 1)  4f( 2)
 2S1 1S0 2D1 2P1 1D2 2S  3D  2P  2F 
  3s( 1)  3p( 6)  3d( 1)  4p( 1)  4f( 2)
 2S1 1S0 2D1 2P1 1D2 2S  3D  2D  2F 
  3s( 1)  3p( 6)  3d( 1)  4p( 1)  4f( 2)
 2S1 1S0 2D1 2P1 1D2 2S  3D  2F  2F 
  3s( 1)  3p( 6)  3d( 1)  4p( 1)  4f( 2)
 2S1 1S0 2D1 2P1 1G2 2S  1D  2P  2F 
  3s( 1)  3p( 6)  3d( 1)  4p( 1)  4f( 2)
 2S1 1S0 2D1 2P1 1G2 2S  1D  2D  2F 
  3s( 1)  3p( 6)  3d( 1)  4p( 1)  4f( 2)
 2S1 1S0 2D1 2P1 1G2 2S  1D  2F  2F 
  3s( 1)  3p( 6)  3d( 1)  4p( 1)  4f( 2)
 2S1 1S0 2D1 2P1 1G2 2S  3D  2P  2F 
  3s( 1)  3p( 6)  3d( 1)  4p( 1)  4f( 2)
 2S1 1S0 2D1 2P1 1G2 2S  3D  2D  2F 
  3s( 1)  3p( 6)  3d( 1)  4p( 1)  4f( 2)
 2S1 1S0 2D1 2P1 1G2 2S  3D  2F  2F 
  3s( 1)  3p( 6)  3d( 1)  4p( 1)  4f( 2)
 2S1 1S0 2D1 2P1 1I2 2S  1D  2F  2F 
  3s( 1)  3p( 6)  3d( 1)  4p( 1)  4f( 2)
 2S1 1S0 2D1 2P1 1I2 2S  3D  2F  2F 
  3s( 1)  3p( 6)  3d( 1)  4p( 1)  4f( 2)
 2S1 1S0 2D1 2P1 3P2 2S  1D  2D  2F 
  3s( 1)  3p( 6)  3d( 1)  4p( 1)  4f( 2)
 2S1 1S0 2D1 2P1 3P2 2S  1D  2F  2F 
  3s( 1)  3p( 6)  3d( 1)  4p( 1)  4f( 2)
 2S1 1S0 2D1 2P1 3P2 2S  3D  2D  2F 
  3s( 1)  3p( 6)  3d( 1)  4p( 1)  4f( 2)
 2S1 1S0 2D1 2P1 3P2 2S  3D  2F  2F 
  3s( 1)  3p( 6)  3d( 1)  4p( 1)  4f( 2)
 2S1 1S0 2D1 2P1 3P2 2S  3D  4D  2F 
  3s( 1)  3p( 6)  3d( 1)  4p( 1)  4f( 2)
 2S1 1S0 2D1 2P1 3P2 2S  3D  4F  2F 
  3s( 1)  3p( 6)  3d( 1)  4p( 1)  4f( 2)
 2S1 1S0 2D1 2P1 3F2 2S  1D  2P  2F 
  3s( 1)  3p( 6)  3d( 1)  4p( 1)  4f( 2)
 2S1 1S0 2D1 2P1 3F2 2S  1D  2D  2F 
  3s( 1)  3p( 6)  3d( 1)  4p( 1)  4f( 2)
 2S1 1S0 2D1 2P1 3F2 2S  1D  2F  2F 
  3s( 1)  3p( 6)  3d( 1)  4p( 1)  4f( 2)
 2S1 1S0 2D1 2P1 3F2 2S  3D  2P  2F 
  3s( 1)  3p( 6)  3d( 1)  4p( 1)  4f( 2)
 2S1 1S0 2D1 2P1 3F2 2S  3D  2D  2F 
  3s( 1)  3p( 6)  3d( 1)  4p( 1)  4f( 2)
 2S1 1S0 2D1 2P1 3F2 2S  3D  2F  2F 
  3s( 1)  3p( 6)  3d( 1)  4p( 1)  4f( 2)
 2S1 1S0 2D1 2P1 3F2 2S  3D  4P  2F 
  3s( 1)  3p( 6)  3d( 1)  4p( 1)  4f( 2)
 2S1 1S0 2D1 2P1 3F2 2S  3D  4D  2F 
  3s( 1)  3p( 6)  3d( 1)  4p( 1)  4f( 2)
 2S1 1S0 2D1 2P1 3F2 2S  3D  4F  2F 
  3s( 1)  3p( 6)  3d( 1)  4p( 1)  4f( 2)
 2S1 1S0 2D1 2P1 3H2 2S  1D  2D  2F 
  3s( 1)  3p( 6)  3d( 1)  4p( 1)  4f( 2)
 2S1 1S0 2D1 2P1 3H2 2S  1D  2F  2F 
  3s( 1)  3p( 6)  3d( 1)  4p( 1)  4f( 2)
 2S1 1S0 2D1 2P1 3H2 2S  3D  2D  2F 
  3s( 1)  3p( 6)  3d( 1)  4p( 1)  4f( 2)
 2S1 1S0 2D1 2P1 3H2 2S  3D  2F  2F 
  3s( 1)  3p( 6)  3d( 1)  4p( 1)  4f( 2)
 2S1 1S0 2D1 2P1 3H2 2S  3D  4D  2F 
  3s( 1)  3p( 6)  3d( 1)  4p( 1)  4f( 2)
 2S1 1S0 2D1 2P1 3H2 2S  3D  4F  2F 
  3s( 1)  3p( 6)  3d( 1)  4f( 3)
 2S1 1S0 2D1 2P1 2S  1D  2F 
  3s( 1)  3p( 6)  3d( 1)  4f( 3)
 2S1 1S0 2D1 2P1 2S  3D  2F 
  3s( 1)  3p( 6)  3d( 1)  4f( 3)
 2S1 1S0 2D1 2D1 2S  1D  2F 
  3s( 1)  3p( 6)  3d( 1)  4f( 3)
 2S1 1S0 2D1 2D1 2S  3D  2F 
  3s( 1)  3p( 6)  3d( 1)  4f( 3)
 2S1 1S0 2D1 2D2 2S  1D  2F 
  3s( 1)  3p( 6)  3d( 1)  4f( 3)
 2S1 1S0 2D1 2D2 2S  3D  2F 
  3s( 1)  3p( 6)  3d( 1)  4f( 3)
 2S1 1S0 2D1 2F1 2S  1D  2F 
  3s( 1)  3p( 6)  3d( 1)  4f( 3)
 2S1 1S0 2D1 2F1 2S  3D  2F 
  3s( 1)  3p( 6)  3d( 1)  4f( 3)
 2S1 1S0 2D1 2F2 2S  1D  2F 
  3s( 1)  3p( 6)  3d( 1)  4f( 3)
 2S1 1S0 2D1 2F2 2S  3D  2F 
  3s( 1)  3p( 6)  3d( 1)  4f( 3)
 2S1 1S0 2D1 2G1 2S  1D  2F 
  3s( 1)  3p( 6)  3d( 1)  4f( 3)
 2S1 1S0 2D1 2G1 2S  3D  2F 
  3s( 1)  3p( 6)  3d( 1)  4f( 3)
 2S1 1S0 2D1 2G2 2S  1D  2F 
  3s( 1)  3p( 6)  3d( 1)  4f( 3)
 2S1 1S0 2D1 2G2 2S  3D  2F 
  3s( 1)  3p( 6)  3d( 1)  4f( 3)
 2S1 1S0 2D1 2H1 2S  1D  2F 
  3s( 1)  3p( 6)  3d( 1)  4f( 3)
 2S1 1S0 2D1 2H1 2S  3D  2F 
  3s( 1)  3p( 6)  3d( 1)  4f( 3)
 2S1 1S0 2D1 2H2 2S  1D  2F 
  3s( 1)  3p( 6)  3d( 1)  4f( 3)
 2S1 1S0 2D1 2H2 2S  3D  2F 
  3s( 1)  3p( 6)  3d( 1)  4f( 3)
 2S1 1S0 2D1 4D1 2S  3D  2F 
  3s( 1)  3p( 6)  3d( 1)  4f( 3)
 2S1 1S0 2D1 4F1 2S  3D  2F 
  3s( 1)  3p( 6)  3d( 1)  4f( 3)
 2S1 1S0 2D1 4G1 2S  3D  2F 
  3s( 1)  3p( 6)  4s( 1)  4p( 1)  4f( 2)
 2S1 1S0 2S1 2P1 1D2 2S  1S  2P  2F 
  3s( 1)  3p( 6)  4s( 1)  4p( 1)  4f( 2)
 2S1 1S0 2S1 2P1 1D2 2S  3S  2P  2F 
  3s( 1)  3p( 6)  4s( 1)  4p( 1)  4f( 2)
 2S1 1S0 2S1 2P1 1G2 2S  1S  2P  2F 
  3s( 1)  3p( 6)  4s( 1)  4p( 1)  4f( 2)
 2S1 1S0 2S1 2P1 1G2 2S  3S  2P  2F 
  3s( 1)  3p( 6)  4s( 1)  4p( 1)  4f( 2)
 2S1 1S0 2S1 2P1 3F2 2S  1S  2P  2F 
  3s( 1)  3p( 6)  4s( 1)  4p( 1)  4f( 2)
 2S1 1S0 2S1 2P1 3F2 2S  3S  2P  2F 
  3s( 1)  3p( 6)  4s( 1)  4p( 1)  4f( 2)
 2S1 1S0 2S1 2P1 3F2 2S  3S  4P  2F 
  3s( 1)  3p( 6)  4s( 1)  4f( 3)
 2S1 1S0 2S1 2F1 2S  1S  2F 
  3s( 1)  3p( 6)  4s( 1)  4f( 3)
 2S1 1S0 2S1 2F1 2S  3S  2F 
  3s( 1)  3p( 6)  4s( 1)  4f( 3)
 2S1 1S0 2S1 2F2 2S  1S  2F 
  3s( 1)  3p( 6)  4s( 1)  4f( 3)
 2S1 1S0 2S1 2F2 2S  3S  2F 
  3s( 1)  3p( 6)  4s( 1)  4f( 3)
 2S1 1S0 2S1 4F1 2S  3S  2F 
  3s( 1)  3p( 6)  4p( 1)  4d( 1)  4f( 2)
 2S1 1S0 2P1 2D1 1S0 2S  1P  2F  2F 
  3s( 1)  3p( 6)  4p( 1)  4d( 1)  4f( 2)
 2S1 1S0 2P1 2D1 1S0 2S  3P  2F  2F 
  3s( 1)  3p( 6)  4p( 1)  4d( 1)  4f( 2)
 2S1 1S0 2P1 2D1 1D2 2S  1P  2P  2F 
  3s( 1)  3p( 6)  4p( 1)  4d( 1)  4f( 2)
 2S1 1S0 2P1 2D1 1D2 2S  1P  2D  2F 
  3s( 1)  3p( 6)  4p( 1)  4d( 1)  4f( 2)
 2S1 1S0 2P1 2D1 1D2 2S  1P  2F  2F 
  3s( 1)  3p( 6)  4p( 1)  4d( 1)  4f( 2)
 2S1 1S0 2P1 2D1 1D2 2S  3P  2P  2F 
  3s( 1)  3p( 6)  4p( 1)  4d( 1)  4f( 2)
 2S1 1S0 2P1 2D1 1D2 2S  3P  2D  2F 
  3s( 1)  3p( 6)  4p( 1)  4d( 1)  4f( 2)
 2S1 1S0 2P1 2D1 1D2 2S  3P  2F  2F 
  3s( 1)  3p( 6)  4p( 1)  4d( 1)  4f( 2)
 2S1 1S0 2P1 2D1 1G2 2S  1P  2P  2F 
  3s( 1)  3p( 6)  4p( 1)  4d( 1)  4f( 2)
 2S1 1S0 2P1 2D1 1G2 2S  1P  2D  2F 
  3s( 1)  3p( 6)  4p( 1)  4d( 1)  4f( 2)
 2S1 1S0 2P1 2D1 1G2 2S  1P  2F  2F 
  3s( 1)  3p( 6)  4p( 1)  4d( 1)  4f( 2)
 2S1 1S0 2P1 2D1 1G2 2S  3P  2P  2F 
  3s( 1)  3p( 6)  4p( 1)  4d( 1)  4f( 2)
 2S1 1S0 2P1 2D1 1G2 2S  3P  2D  2F 
  3s( 1)  3p( 6)  4p( 1)  4d( 1)  4f( 2)
 2S1 1S0 2P1 2D1 1G2 2S  3P  2F  2F 
  3s( 1)  3p( 6)  4p( 1)  4d( 1)  4f( 2)
 2S1 1S0 2P1 2D1 1I2 2S  1P  2F  2F 
  3s( 1)  3p( 6)  4p( 1)  4d( 1)  4f( 2)
 2S1 1S0 2P1 2D1 1I2 2S  3P  2F  2F 
  3s( 1)  3p( 6)  4p( 1)  4d( 1)  4f( 2)
 2S1 1S0 2P1 2D1 3P2 2S  1P  2D  2F 
  3s( 1)  3p( 6)  4p( 1)  4d( 1)  4f( 2)
 2S1 1S0 2P1 2D1 3P2 2S  1P  2F  2F 
  3s( 1)  3p( 6)  4p( 1)  4d( 1)  4f( 2)
 2S1 1S0 2P1 2D1 3P2 2S  3P  2D  2F 
  3s( 1)  3p( 6)  4p( 1)  4d( 1)  4f( 2)
 2S1 1S0 2P1 2D1 3P2 2S  3P  2F  2F 
  3s( 1)  3p( 6)  4p( 1)  4d( 1)  4f( 2)
 2S1 1S0 2P1 2D1 3P2 2S  3P  4D  2F 
  3s( 1)  3p( 6)  4p( 1)  4d( 1)  4f( 2)
 2S1 1S0 2P1 2D1 3P2 2S  3P  4F  2F 
  3s( 1)  3p( 6)  4p( 1)  4d( 1)  4f( 2)
 2S1 1S0 2P1 2D1 3F2 2S  1P  2P  2F 
  3s( 1)  3p( 6)  4p( 1)  4d( 1)  4f( 2)
 2S1 1S0 2P1 2D1 3F2 2S  1P  2D  2F 
  3s( 1)  3p( 6)  4p( 1)  4d( 1)  4f( 2)
 2S1 1S0 2P1 2D1 3F2 2S  1P  2F  2F 
  3s( 1)  3p( 6)  4p( 1)  4d( 1)  4f( 2)
 2S1 1S0 2P1 2D1 3F2 2S  3P  2P  2F 
  3s( 1)  3p( 6)  4p( 1)  4d( 1)  4f( 2)
 2S1 1S0 2P1 2D1 3F2 2S  3P  2D  2F 
  3s( 1)  3p( 6)  4p( 1)  4d( 1)  4f( 2)
 2S1 1S0 2P1 2D1 3F2 2S  3P  2F  2F 
  3s( 1)  3p( 6)  4p( 1)  4d( 1)  4f( 2)
 2S1 1S0 2P1 2D1 3F2 2S  3P  4P  2F 
  3s( 1)  3p( 6)  4p( 1)  4d( 1)  4f( 2)
 2S1 1S0 2P1 2D1 3F2 2S  3P  4D  2F 
  3s( 1)  3p( 6)  4p( 1)  4d( 1)  4f( 2)
 2S1 1S0 2P1 2D1 3F2 2S  3P  4F  2F 
  3s( 1)  3p( 6)  4p( 1)  4d( 1)  4f( 2)
 2S1 1S0 2P1 2D1 3H2 2S  1P  2D  2F 
  3s( 1)  3p( 6)  4p( 1)  4d( 1)  4f( 2)
 2S1 1S0 2P1 2D1 3H2 2S  1P  2F  2F 
  3s( 1)  3p( 6)  4p( 1)  4d( 1)  4f( 2)
 2S1 1S0 2P1 2D1 3H2 2S  3P  2D  2F 
  3s( 1)  3p( 6)  4p( 1)  4d( 1)  4f( 2)
 2S1 1S0 2P1 2D1 3H2 2S  3P  2F  2F 
  3s( 1)  3p( 6)  4p( 1)  4d( 1)  4f( 2)
 2S1 1S0 2P1 2D1 3H2 2S  3P  4D  2F 
  3s( 1)  3p( 6)  4p( 1)  4d( 1)  4f( 2)
 2S1 1S0 2P1 2D1 3H2 2S  3P  4F  2F 
  3s( 1)  3p( 6)  4d( 1)  4f( 3)
 2S1 1S0 2D1 2P1 2S  1D  2F 
  3s( 1)  3p( 6)  4d( 1)  4f( 3)
 2S1 1S0 2D1 2P1 2S  3D  2F 
  3s( 1)  3p( 6)  4d( 1)  4f( 3)
 2S1 1S0 2D1 2D1 2S  1D  2F 
  3s( 1)  3p( 6)  4d( 1)  4f( 3)
 2S1 1S0 2D1 2D1 2S  3D  2F 
  3s( 1)  3p( 6)  4d( 1)  4f( 3)
 2S1 1S0 2D1 2D2 2S  1D  2F 
  3s( 1)  3p( 6)  4d( 1)  4f( 3)
 2S1 1S0 2D1 2D2 2S  3D  2F 
  3s( 1)  3p( 6)  4d( 1)  4f( 3)
 2S1 1S0 2D1 2F1 2S  1D  2F 
  3s( 1)  3p( 6)  4d( 1)  4f( 3)
 2S1 1S0 2D1 2F1 2S  3D  2F 
  3s( 1)  3p( 6)  4d( 1)  4f( 3)
 2S1 1S0 2D1 2F2 2S  1D  2F 
  3s( 1)  3p( 6)  4d( 1)  4f( 3)
 2S1 1S0 2D1 2F2 2S  3D  2F 
  3s( 1)  3p( 6)  4d( 1)  4f( 3)
 2S1 1S0 2D1 2G1 2S  1D  2F 
  3s( 1)  3p( 6)  4d( 1)  4f( 3)
 2S1 1S0 2D1 2G1 2S  3D  2F 
  3s( 1)  3p( 6)  4d( 1)  4f( 3)
 2S1 1S0 2D1 2G2 2S  1D  2F 
  3s( 1)  3p( 6)  4d( 1)  4f( 3)
 2S1 1S0 2D1 2G2 2S  3D  2F 
  3s( 1)  3p( 6)  4d( 1)  4f( 3)
 2S1 1S0 2D1 2H1 2S  1D  2F 
  3s( 1)  3p( 6)  4d( 1)  4f( 3)
 2S1 1S0 2D1 2H1 2S  3D  2F 
  3s( 1)  3p( 6)  4d( 1)  4f( 3)
 2S1 1S0 2D1 2H2 2S  1D  2F 
  3s( 1)  3p( 6)  4d( 1)  4f( 3)
 2S1 1S0 2D1 2H2 2S  3D  2F 
  3s( 1)  3p( 6)  4d( 1)  4f( 3)
 2S1 1S0 2D1 4D1 2S  3D  2F 
  3s( 1)  3p( 6)  4d( 1)  4f( 3)
 2S1 1S0 2D1 4F1 2S  3D  2F 
  3s( 1)  3p( 6)  4d( 1)  4f( 3)
 2S1 1S0 2D1 4G1 2S  3D  2F 
  3s( 1)  3p( 5)  3d( 1)  4p( 1)  4f( 3)
 2S1 2P1 2D1 2P1 2P1 1P  2P  1D  2F 
  3s( 1)  3p( 5)  3d( 1)  4p( 1)  4f( 3)
 2S1 2P1 2D1 2P1 2P1 1P  2P  3D  2F 
  3s( 1)  3p( 5)  3d( 1)  4p( 1)  4f( 3)
 2S1 2P1 2D1 2P1 2P1 1P  2D  1D  2F 
  3s( 1)  3p( 5)  3d( 1)  4p( 1)  4f( 3)
 2S1 2P1 2D1 2P1 2P1 1P  2D  1F  2F 
  3s( 1)  3p( 5)  3d( 1)  4p( 1)  4f( 3)
 2S1 2P1 2D1 2P1 2P1 1P  2D  3D  2F 
  3s( 1)  3p( 5)  3d( 1)  4p( 1)  4f( 3)
 2S1 2P1 2D1 2P1 2P1 1P  2D  3F  2F 
  3s( 1)  3p( 5)  3d( 1)  4p( 1)  4f( 3)
 2S1 2P1 2D1 2P1 2P1 1P  2F  1D  2F 
  3s( 1)  3p( 5)  3d( 1)  4p( 1)  4f( 3)
 2S1 2P1 2D1 2P1 2P1 1P  2F  1F  2F 
  3s( 1)  3p( 5)  3d( 1)  4p( 1)  4f( 3)
 2S1 2P1 2D1 2P1 2P1 1P  2F  1G  2F 
  3s( 1)  3p( 5)  3d( 1)  4p( 1)  4f( 3)
 2S1 2P1 2D1 2P1 2P1 1P  2F  3D  2F 
  3s( 1)  3p( 5)  3d( 1)  4p( 1)  4f( 3)
 2S1 2P1 2D1 2P1 2P1 1P  2F  3F  2F 
  3s( 1)  3p( 5)  3d( 1)  4p( 1)  4f( 3)
 2S1 2P1 2D1 2P1 2P1 1P  2F  3G  2F 
  3s( 1)  3p( 5)  3d( 1)  4p( 1)  4f( 3)
 2S1 2P1 2D1 2P1 2P1 3P  2P  1D  2F 
  3s( 1)  3p( 5)  3d( 1)  4p( 1)  4f( 3)
 2S1 2P1 2D1 2P1 2P1 3P  2P  3D  2F 
  3s( 1)  3p( 5)  3d( 1)  4p( 1)  4f( 3)
 2S1 2P1 2D1 2P1 2P1 3P  2D  1D  2F 
  3s( 1)  3p( 5)  3d( 1)  4p( 1)  4f( 3)
 2S1 2P1 2D1 2P1 2P1 3P  2D  1F  2F 
  3s( 1)  3p( 5)  3d( 1)  4p( 1)  4f( 3)
 2S1 2P1 2D1 2P1 2P1 3P  2D  3D  2F 
  3s( 1)  3p( 5)  3d( 1)  4p( 1)  4f( 3)
 2S1 2P1 2D1 2P1 2P1 3P  2D  3F  2F 
  3s( 1)  3p( 5)  3d( 1)  4p( 1)  4f( 3)
 2S1 2P1 2D1 2P1 2P1 3P  2F  1D  2F 
  3s( 1)  3p( 5)  3d( 1)  4p( 1)  4f( 3)
 2S1 2P1 2D1 2P1 2P1 3P  2F  1F  2F 
  3s( 1)  3p( 5)  3d( 1)  4p( 1)  4f( 3)
 2S1 2P1 2D1 2P1 2P1 3P  2F  1G  2F 
  3s( 1)  3p( 5)  3d( 1)  4p( 1)  4f( 3)
 2S1 2P1 2D1 2P1 2P1 3P  2F  3D  2F 
  3s( 1)  3p( 5)  3d( 1)  4p( 1)  4f( 3)
 2S1 2P1 2D1 2P1 2P1 3P  2F  3F  2F 
  3s( 1)  3p( 5)  3d( 1)  4p( 1)  4f( 3)
 2S1 2P1 2D1 2P1 2P1 3P  2F  3G  2F 
  3s( 1)  3p( 5)  3d( 1)  4p( 1)  4f( 3)
 2S1 2P1 2D1 2P1 2P1 3P  4P  3D  2F 
  3s( 1)  3p( 5)  3d( 1)  4p( 1)  4f( 3)
 2S1 2P1 2D1 2P1 2P1 3P  4D  3D  2F 
  3s( 1)  3p( 5)  3d( 1)  4p( 1)  4f( 3)
 2S1 2P1 2D1 2P1 2P1 3P  4D  3F  2F 
  3s( 1)  3p( 5)  3d( 1)  4p( 1)  4f( 3)
 2S1 2P1 2D1 2P1 2P1 3P  4F  3D  2F 
  3s( 1)  3p( 5)  3d( 1)  4p( 1)  4f( 3)
 2S1 2P1 2D1 2P1 2P1 3P  4F  3F  2F 
  3s( 1)  3p( 5)  3d( 1)  4p( 1)  4f( 3)
 2S1 2P1 2D1 2P1 2P1 3P  4F  3G  2F 
  3s( 1)  3p( 5)  3d( 1)  4p( 1)  4f( 3)
 2S1 2P1 2D1 2P1 2D1 1P  2P  1P  2F 
  3s( 1)  3p( 5)  3d( 1)  4p( 1)  4f( 3)
 2S1 2P1 2D1 2P1 2D1 1P  2P  1D  2F 
  3s( 1)  3p( 5)  3d( 1)  4p( 1)  4f( 3)
 2S1 2P1 2D1 2P1 2D1 1P  2P  3P  2F 
  3s( 1)  3p( 5)  3d( 1)  4p( 1)  4f( 3)
 2S1 2P1 2D1 2P1 2D1 1P  2P  3D  2F 
  3s( 1)  3p( 5)  3d( 1)  4p( 1)  4f( 3)
 2S1 2P1 2D1 2P1 2D1 1P  2D  1P  2F 
  3s( 1)  3p( 5)  3d( 1)  4p( 1)  4f( 3)
 2S1 2P1 2D1 2P1 2D1 1P  2D  1D  2F 
  3s( 1)  3p( 5)  3d( 1)  4p( 1)  4f( 3)
 2S1 2P1 2D1 2P1 2D1 1P  2D  1F  2F 
  3s( 1)  3p( 5)  3d( 1)  4p( 1)  4f( 3)
 2S1 2P1 2D1 2P1 2D1 1P  2D  3P  2F 
  3s( 1)  3p( 5)  3d( 1)  4p( 1)  4f( 3)
 2S1 2P1 2D1 2P1 2D1 1P  2D  3D  2F 
  3s( 1)  3p( 5)  3d( 1)  4p( 1)  4f( 3)
 2S1 2P1 2D1 2P1 2D1 1P  2D  3F  2F 
  3s( 1)  3p( 5)  3d( 1)  4p( 1)  4f( 3)
 2S1 2P1 2D1 2P1 2D1 1P  2F  1D  2F 
  3s( 1)  3p( 5)  3d( 1)  4p( 1)  4f( 3)
 2S1 2P1 2D1 2P1 2D1 1P  2F  1F  2F 
  3s( 1)  3p( 5)  3d( 1)  4p( 1)  4f( 3)
 2S1 2P1 2D1 2P1 2D1 1P  2F  1G  2F 
  3s( 1)  3p( 5)  3d( 1)  4p( 1)  4f( 3)
 2S1 2P1 2D1 2P1 2D1 1P  2F  3D  2F 
  3s( 1)  3p( 5)  3d( 1)  4p( 1)  4f( 3)
 2S1 2P1 2D1 2P1 2D1 1P  2F  3F  2F 
  3s( 1)  3p( 5)  3d( 1)  4p( 1)  4f( 3)
 2S1 2P1 2D1 2P1 2D1 1P  2F  3G  2F 
  3s( 1)  3p( 5)  3d( 1)  4p( 1)  4f( 3)
 2S1 2P1 2D1 2P1 2D1 3P  2P  1P  2F 
  3s( 1)  3p( 5)  3d( 1)  4p( 1)  4f( 3)
 2S1 2P1 2D1 2P1 2D1 3P  2P  1D  2F 
  3s( 1)  3p( 5)  3d( 1)  4p( 1)  4f( 3)
 2S1 2P1 2D1 2P1 2D1 3P  2P  3P  2F 
  3s( 1)  3p( 5)  3d( 1)  4p( 1)  4f( 3)
 2S1 2P1 2D1 2P1 2D1 3P  2P  3D  2F 
  3s( 1)  3p( 5)  3d( 1)  4p( 1)  4f( 3)
 2S1 2P1 2D1 2P1 2D1 3P  2D  1P  2F 
  3s( 1)  3p( 5)  3d( 1)  4p( 1)  4f( 3)
 2S1 2P1 2D1 2P1 2D1 3P  2D  1D  2F 
  3s( 1)  3p( 5)  3d( 1)  4p( 1)  4f( 3)
 2S1 2P1 2D1 2P1 2D1 3P  2D  1F  2F 
  3s( 1)  3p( 5)  3d( 1)  4p( 1)  4f( 3)
 2S1 2P1 2D1 2P1 2D1 3P  2D  3P  2F 
  3s( 1)  3p( 5)  3d( 1)  4p( 1)  4f( 3)
 2S1 2P1 2D1 2P1 2D1 3P  2D  3D  2F 
  3s( 1)  3p( 5)  3d( 1)  4p( 1)  4f( 3)
 2S1 2P1 2D1 2P1 2D1 3P  2D  3F  2F 
  3s( 1)  3p( 5)  3d( 1)  4p( 1)  4f( 3)
 2S1 2P1 2D1 2P1 2D1 3P  2F  1D  2F 
  3s( 1)  3p( 5)  3d( 1)  4p( 1)  4f( 3)
 2S1 2P1 2D1 2P1 2D1 3P  2F  1F  2F 
  3s( 1)  3p( 5)  3d( 1)  4p( 1)  4f( 3)
 2S1 2P1 2D1 2P1 2D1 3P  2F  1G  2F 
  3s( 1)  3p( 5)  3d( 1)  4p( 1)  4f( 3)
 2S1 2P1 2D1 2P1 2D1 3P  2F  3D  2F 
  3s( 1)  3p( 5)  3d( 1)  4p( 1)  4f( 3)
 2S1 2P1 2D1 2P1 2D1 3P  2F  3F  2F 
  3s( 1)  3p( 5)  3d( 1)  4p( 1)  4f( 3)
 2S1 2P1 2D1 2P1 2D1 3P  2F  3G  2F 
  3s( 1)  3p( 5)  3d( 1)  4p( 1)  4f( 3)
 2S1 2P1 2D1 2P1 2D1 3P  4P  3P  2F 
  3s( 1)  3p( 5)  3d( 1)  4p( 1)  4f( 3)
 2S1 2P1 2D1 2P1 2D1 3P  4P  3D  2F 
  3s( 1)  3p( 5)  3d( 1)  4p( 1)  4f( 3)
 2S1 2P1 2D1 2P1 2D1 3P  4D  3P  2F 
  3s( 1)  3p( 5)  3d( 1)  4p( 1)  4f( 3)
 2S1 2P1 2D1 2P1 2D1 3P  4D  3D  2F 
  3s( 1)  3p( 5)  3d( 1)  4p( 1)  4f( 3)
 2S1 2P1 2D1 2P1 2D1 3P  4D  3F  2F 
  3s( 1)  3p( 5)  3d( 1)  4p( 1)  4f( 3)
 2S1 2P1 2D1 2P1 2D1 3P  4F  3D  2F 
  3s( 1)  3p( 5)  3d( 1)  4p( 1)  4f( 3)
 2S1 2P1 2D1 2P1 2D1 3P  4F  3F  2F 
  3s( 1)  3p( 5)  3d( 1)  4p( 1)  4f( 3)
 2S1 2P1 2D1 2P1 2D1 3P  4F  3G  2F 
  3s( 1)  3p( 5)  3d( 1)  4p( 1)  4f( 3)
 2S1 2P1 2D1 2P1 2D2 1P  2P  1P  2F 
  3s( 1)  3p( 5)  3d( 1)  4p( 1)  4f( 3)
 2S1 2P1 2D1 2P1 2D2 1P  2P  1D  2F 
  3s( 1)  3p( 5)  3d( 1)  4p( 1)  4f( 3)
 2S1 2P1 2D1 2P1 2D2 1P  2P  3P  2F 
  3s( 1)  3p( 5)  3d( 1)  4p( 1)  4f( 3)
 2S1 2P1 2D1 2P1 2D2 1P  2P  3D  2F 
  3s( 1)  3p( 5)  3d( 1)  4p( 1)  4f( 3)
 2S1 2P1 2D1 2P1 2D2 1P  2D  1P  2F 
  3s( 1)  3p( 5)  3d( 1)  4p( 1)  4f( 3)
 2S1 2P1 2D1 2P1 2D2 1P  2D  1D  2F 
  3s( 1)  3p( 5)  3d( 1)  4p( 1)  4f( 3)
 2S1 2P1 2D1 2P1 2D2 1P  2D  1F  2F 
  3s( 1)  3p( 5)  3d( 1)  4p( 1)  4f( 3)
 2S1 2P1 2D1 2P1 2D2 1P  2D  3P  2F 
  3s( 1)  3p( 5)  3d( 1)  4p( 1)  4f( 3)
 2S1 2P1 2D1 2P1 2D2 1P  2D  3D  2F 
  3s( 1)  3p( 5)  3d( 1)  4p( 1)  4f( 3)
 2S1 2P1 2D1 2P1 2D2 1P  2D  3F  2F 
  3s( 1)  3p( 5)  3d( 1)  4p( 1)  4f( 3)
 2S1 2P1 2D1 2P1 2D2 1P  2F  1D  2F 
  3s( 1)  3p( 5)  3d( 1)  4p( 1)  4f( 3)
 2S1 2P1 2D1 2P1 2D2 1P  2F  1F  2F 
  3s( 1)  3p( 5)  3d( 1)  4p( 1)  4f( 3)
 2S1 2P1 2D1 2P1 2D2 1P  2F  1G  2F 
  3s( 1)  3p( 5)  3d( 1)  4p( 1)  4f( 3)
 2S1 2P1 2D1 2P1 2D2 1P  2F  3D  2F 
  3s( 1)  3p( 5)  3d( 1)  4p( 1)  4f( 3)
 2S1 2P1 2D1 2P1 2D2 1P  2F  3F  2F 
  3s( 1)  3p( 5)  3d( 1)  4p( 1)  4f( 3)
 2S1 2P1 2D1 2P1 2D2 1P  2F  3G  2F 
  3s( 1)  3p( 5)  3d( 1)  4p( 1)  4f( 3)
 2S1 2P1 2D1 2P1 2D2 3P  2P  1P  2F 
  3s( 1)  3p( 5)  3d( 1)  4p( 1)  4f( 3)
 2S1 2P1 2D1 2P1 2D2 3P  2P  1D  2F 
  3s( 1)  3p( 5)  3d( 1)  4p( 1)  4f( 3)
 2S1 2P1 2D1 2P1 2D2 3P  2P  3P  2F 
  3s( 1)  3p( 5)  3d( 1)  4p( 1)  4f( 3)
 2S1 2P1 2D1 2P1 2D2 3P  2P  3D  2F 
  3s( 1)  3p( 5)  3d( 1)  4p( 1)  4f( 3)
 2S1 2P1 2D1 2P1 2D2 3P  2D  1P  2F 
  3s( 1)  3p( 5)  3d( 1)  4p( 1)  4f( 3)
 2S1 2P1 2D1 2P1 2D2 3P  2D  1D  2F 
  3s( 1)  3p( 5)  3d( 1)  4p( 1)  4f( 3)
 2S1 2P1 2D1 2P1 2D2 3P  2D  1F  2F 
  3s( 1)  3p( 5)  3d( 1)  4p( 1)  4f( 3)
 2S1 2P1 2D1 2P1 2D2 3P  2D  3P  2F 
  3s( 1)  3p( 5)  3d( 1)  4p( 1)  4f( 3)
 2S1 2P1 2D1 2P1 2D2 3P  2D  3D  2F 
  3s( 1)  3p( 5)  3d( 1)  4p( 1)  4f( 3)
 2S1 2P1 2D1 2P1 2D2 3P  2D  3F  2F 
  3s( 1)  3p( 5)  3d( 1)  4p( 1)  4f( 3)
 2S1 2P1 2D1 2P1 2D2 3P  2F  1D  2F 
  3s( 1)  3p( 5)  3d( 1)  4p( 1)  4f( 3)
 2S1 2P1 2D1 2P1 2D2 3P  2F  1F  2F 
  3s( 1)  3p( 5)  3d( 1)  4p( 1)  4f( 3)
 2S1 2P1 2D1 2P1 2D2 3P  2F  1G  2F 
  3s( 1)  3p( 5)  3d( 1)  4p( 1)  4f( 3)
 2S1 2P1 2D1 2P1 2D2 3P  2F  3D  2F 
  3s( 1)  3p( 5)  3d( 1)  4p( 1)  4f( 3)
 2S1 2P1 2D1 2P1 2D2 3P  2F  3F  2F 
  3s( 1)  3p( 5)  3d( 1)  4p( 1)  4f( 3)
 2S1 2P1 2D1 2P1 2D2 3P  2F  3G  2F 
  3s( 1)  3p( 5)  3d( 1)  4p( 1)  4f( 3)
 2S1 2P1 2D1 2P1 2D2 3P  4P  3P  2F 
  3s( 1)  3p( 5)  3d( 1)  4p( 1)  4f( 3)
 2S1 2P1 2D1 2P1 2D2 3P  4P  3D  2F 
  3s( 1)  3p( 5)  3d( 1)  4p( 1)  4f( 3)
 2S1 2P1 2D1 2P1 2D2 3P  4D  3P  2F 
  3s( 1)  3p( 5)  3d( 1)  4p( 1)  4f( 3)
 2S1 2P1 2D1 2P1 2D2 3P  4D  3D  2F 
  3s( 1)  3p( 5)  3d( 1)  4p( 1)  4f( 3)
 2S1 2P1 2D1 2P1 2D2 3P  4D  3F  2F 
  3s( 1)  3p( 5)  3d( 1)  4p( 1)  4f( 3)
 2S1 2P1 2D1 2P1 2D2 3P  4F  3D  2F 
  3s( 1)  3p( 5)  3d( 1)  4p( 1)  4f( 3)
 2S1 2P1 2D1 2P1 2D2 3P  4F  3F  2F 
  3s( 1)  3p( 5)  3d( 1)  4p( 1)  4f( 3)
 2S1 2P1 2D1 2P1 2D2 3P  4F  3G  2F 
  3s( 1)  3p( 5)  3d( 1)  4p( 1)  4f( 3)
 2S1 2P1 2D1 2P1 2F1 1P  2P  1S  2F 
  3s( 1)  3p( 5)  3d( 1)  4p( 1)  4f( 3)
 2S1 2P1 2D1 2P1 2F1 1P  2P  1P  2F 
  3s( 1)  3p( 5)  3d( 1)  4p( 1)  4f( 3)
 2S1 2P1 2D1 2P1 2F1 1P  2P  1D  2F 
  3s( 1)  3p( 5)  3d( 1)  4p( 1)  4f( 3)
 2S1 2P1 2D1 2P1 2F1 1P  2P  3S  2F 
  3s( 1)  3p( 5)  3d( 1)  4p( 1)  4f( 3)
 2S1 2P1 2D1 2P1 2F1 1P  2P  3P  2F 
  3s( 1)  3p( 5)  3d( 1)  4p( 1)  4f( 3)
 2S1 2P1 2D1 2P1 2F1 1P  2P  3D  2F 
  3s( 1)  3p( 5)  3d( 1)  4p( 1)  4f( 3)
 2S1 2P1 2D1 2P1 2F1 1P  2D  1P  2F 
  3s( 1)  3p( 5)  3d( 1)  4p( 1)  4f( 3)
 2S1 2P1 2D1 2P1 2F1 1P  2D  1D  2F 
  3s( 1)  3p( 5)  3d( 1)  4p( 1)  4f( 3)
 2S1 2P1 2D1 2P1 2F1 1P  2D  1F  2F 
  3s( 1)  3p( 5)  3d( 1)  4p( 1)  4f( 3)
 2S1 2P1 2D1 2P1 2F1 1P  2D  3P  2F 
  3s( 1)  3p( 5)  3d( 1)  4p( 1)  4f( 3)
 2S1 2P1 2D1 2P1 2F1 1P  2D  3D  2F 
  3s( 1)  3p( 5)  3d( 1)  4p( 1)  4f( 3)
 2S1 2P1 2D1 2P1 2F1 1P  2D  3F  2F 
  3s( 1)  3p( 5)  3d( 1)  4p( 1)  4f( 3)
 2S1 2P1 2D1 2P1 2F1 1P  2F  1D  2F 
  3s( 1)  3p( 5)  3d( 1)  4p( 1)  4f( 3)
 2S1 2P1 2D1 2P1 2F1 1P  2F  1F  2F 
  3s( 1)  3p( 5)  3d( 1)  4p( 1)  4f( 3)
 2S1 2P1 2D1 2P1 2F1 1P  2F  1G  2F 
  3s( 1)  3p( 5)  3d( 1)  4p( 1)  4f( 3)
 2S1 2P1 2D1 2P1 2F1 1P  2F  3D  2F 
  3s( 1)  3p( 5)  3d( 1)  4p( 1)  4f( 3)
 2S1 2P1 2D1 2P1 2F1 1P  2F  3F  2F 
  3s( 1)  3p( 5)  3d( 1)  4p( 1)  4f( 3)
 2S1 2P1 2D1 2P1 2F1 1P  2F  3G  2F 
  3s( 1)  3p( 5)  3d( 1)  4p( 1)  4f( 3)
 2S1 2P1 2D1 2P1 2F1 3P  2P  1S  2F 
  3s( 1)  3p( 5)  3d( 1)  4p( 1)  4f( 3)
 2S1 2P1 2D1 2P1 2F1 3P  2P  1P  2F 
  3s( 1)  3p( 5)  3d( 1)  4p( 1)  4f( 3)
 2S1 2P1 2D1 2P1 2F1 3P  2P  1D  2F 
  3s( 1)  3p( 5)  3d( 1)  4p( 1)  4f( 3)
 2S1 2P1 2D1 2P1 2F1 3P  2P  3S  2F 
  3s( 1)  3p( 5)  3d( 1)  4p( 1)  4f( 3)
 2S1 2P1 2D1 2P1 2F1 3P  2P  3P  2F 
  3s( 1)  3p( 5)  3d( 1)  4p( 1)  4f( 3)
 2S1 2P1 2D1 2P1 2F1 3P  2P  3D  2F 
  3s( 1)  3p( 5)  3d( 1)  4p( 1)  4f( 3)
 2S1 2P1 2D1 2P1 2F1 3P  2D  1P  2F 
  3s( 1)  3p( 5)  3d( 1)  4p( 1)  4f( 3)
 2S1 2P1 2D1 2P1 2F1 3P  2D  1D  2F 
  3s( 1)  3p( 5)  3d( 1)  4p( 1)  4f( 3)
 2S1 2P1 2D1 2P1 2F1 3P  2D  1F  2F 
  3s( 1)  3p( 5)  3d( 1)  4p( 1)  4f( 3)
 2S1 2P1 2D1 2P1 2F1 3P  2D  3P  2F 
  3s( 1)  3p( 5)  3d( 1)  4p( 1)  4f( 3)
 2S1 2P1 2D1 2P1 2F1 3P  2D  3D  2F 
  3s( 1)  3p( 5)  3d( 1)  4p( 1)  4f( 3)
 2S1 2P1 2D1 2P1 2F1 3P  2D  3F  2F 
  3s( 1)  3p( 5)  3d( 1)  4p( 1)  4f( 3)
 2S1 2P1 2D1 2P1 2F1 3P  2F  1D  2F 
  3s( 1)  3p( 5)  3d( 1)  4p( 1)  4f( 3)
 2S1 2P1 2D1 2P1 2F1 3P  2F  1F  2F 
  3s( 1)  3p( 5)  3d( 1)  4p( 1)  4f( 3)
 2S1 2P1 2D1 2P1 2F1 3P  2F  1G  2F 
  3s( 1)  3p( 5)  3d( 1)  4p( 1)  4f( 3)
 2S1 2P1 2D1 2P1 2F1 3P  2F  3D  2F 
  3s( 1)  3p( 5)  3d( 1)  4p( 1)  4f( 3)
 2S1 2P1 2D1 2P1 2F1 3P  2F  3F  2F 
  3s( 1)  3p( 5)  3d( 1)  4p( 1)  4f( 3)
 2S1 2P1 2D1 2P1 2F1 3P  2F  3G  2F 
  3s( 1)  3p( 5)  3d( 1)  4p( 1)  4f( 3)
 2S1 2P1 2D1 2P1 2F1 3P  4P  3S  2F 
  3s( 1)  3p( 5)  3d( 1)  4p( 1)  4f( 3)
 2S1 2P1 2D1 2P1 2F1 3P  4P  3P  2F 
  3s( 1)  3p( 5)  3d( 1)  4p( 1)  4f( 3)
 2S1 2P1 2D1 2P1 2F1 3P  4P  3D  2F 
  3s( 1)  3p( 5)  3d( 1)  4p( 1)  4f( 3)
 2S1 2P1 2D1 2P1 2F1 3P  4D  3P  2F 
  3s( 1)  3p( 5)  3d( 1)  4p( 1)  4f( 3)
 2S1 2P1 2D1 2P1 2F1 3P  4D  3D  2F 
  3s( 1)  3p( 5)  3d( 1)  4p( 1)  4f( 3)
 2S1 2P1 2D1 2P1 2F1 3P  4D  3F  2F 
  3s( 1)  3p( 5)  3d( 1)  4p( 1)  4f( 3)
 2S1 2P1 2D1 2P1 2F1 3P  4F  3D  2F 
  3s( 1)  3p( 5)  3d( 1)  4p( 1)  4f( 3)
 2S1 2P1 2D1 2P1 2F1 3P  4F  3F  2F 
  3s( 1)  3p( 5)  3d( 1)  4p( 1)  4f( 3)
 2S1 2P1 2D1 2P1 2F1 3P  4F  3G  2F 
  3s( 1)  3p( 5)  3d( 1)  4p( 1)  4f( 3)
 2S1 2P1 2D1 2P1 2F2 1P  2P  1S  2F 
  3s( 1)  3p( 5)  3d( 1)  4p( 1)  4f( 3)
 2S1 2P1 2D1 2P1 2F2 1P  2P  1P  2F 
  3s( 1)  3p( 5)  3d( 1)  4p( 1)  4f( 3)
 2S1 2P1 2D1 2P1 2F2 1P  2P  1D  2F 
  3s( 1)  3p( 5)  3d( 1)  4p( 1)  4f( 3)
 2S1 2P1 2D1 2P1 2F2 1P  2P  3S  2F 
  3s( 1)  3p( 5)  3d( 1)  4p( 1)  4f( 3)
 2S1 2P1 2D1 2P1 2F2 1P  2P  3P  2F 
  3s( 1)  3p( 5)  3d( 1)  4p( 1)  4f( 3)
 2S1 2P1 2D1 2P1 2F2 1P  2P  3D  2F 
  3s( 1)  3p( 5)  3d( 1)  4p( 1)  4f( 3)
 2S1 2P1 2D1 2P1 2F2 1P  2D  1P  2F 
  3s( 1)  3p( 5)  3d( 1)  4p( 1)  4f( 3)
 2S1 2P1 2D1 2P1 2F2 1P  2D  1D  2F 
  3s( 1)  3p( 5)  3d( 1)  4p( 1)  4f( 3)
 2S1 2P1 2D1 2P1 2F2 1P  2D  1F  2F 
  3s( 1)  3p( 5)  3d( 1)  4p( 1)  4f( 3)
 2S1 2P1 2D1 2P1 2F2 1P  2D  3P  2F 
  3s( 1)  3p( 5)  3d( 1)  4p( 1)  4f( 3)
 2S1 2P1 2D1 2P1 2F2 1P  2D  3D  2F 
  3s( 1)  3p( 5)  3d( 1)  4p( 1)  4f( 3)
 2S1 2P1 2D1 2P1 2F2 1P  2D  3F  2F 
  3s( 1)  3p( 5)  3d( 1)  4p( 1)  4f( 3)
 2S1 2P1 2D1 2P1 2F2 1P  2F  1D  2F 
  3s( 1)  3p( 5)  3d( 1)  4p( 1)  4f( 3)
 2S1 2P1 2D1 2P1 2F2 1P  2F  1F  2F 
  3s( 1)  3p( 5)  3d( 1)  4p( 1)  4f( 3)
 2S1 2P1 2D1 2P1 2F2 1P  2F  1G  2F 
  3s( 1)  3p( 5)  3d( 1)  4p( 1)  4f( 3)
 2S1 2P1 2D1 2P1 2F2 1P  2F  3D  2F 
  3s( 1)  3p( 5)  3d( 1)  4p( 1)  4f( 3)
 2S1 2P1 2D1 2P1 2F2 1P  2F  3F  2F 
  3s( 1)  3p( 5)  3d( 1)  4p( 1)  4f( 3)
 2S1 2P1 2D1 2P1 2F2 1P  2F  3G  2F 
  3s( 1)  3p( 5)  3d( 1)  4p( 1)  4f( 3)
 2S1 2P1 2D1 2P1 2F2 3P  2P  1S  2F 
  3s( 1)  3p( 5)  3d( 1)  4p( 1)  4f( 3)
 2S1 2P1 2D1 2P1 2F2 3P  2P  1P  2F 
  3s( 1)  3p( 5)  3d( 1)  4p( 1)  4f( 3)
 2S1 2P1 2D1 2P1 2F2 3P  2P  1D  2F 
  3s( 1)  3p( 5)  3d( 1)  4p( 1)  4f( 3)
 2S1 2P1 2D1 2P1 2F2 3P  2P  3S  2F 
  3s( 1)  3p( 5)  3d( 1)  4p( 1)  4f( 3)
 2S1 2P1 2D1 2P1 2F2 3P  2P  3P  2F 
  3s( 1)  3p( 5)  3d( 1)  4p( 1)  4f( 3)
 2S1 2P1 2D1 2P1 2F2 3P  2P  3D  2F 
  3s( 1)  3p( 5)  3d( 1)  4p( 1)  4f( 3)
 2S1 2P1 2D1 2P1 2F2 3P  2D  1P  2F 
  3s( 1)  3p( 5)  3d( 1)  4p( 1)  4f( 3)
 2S1 2P1 2D1 2P1 2F2 3P  2D  1D  2F 
  3s( 1)  3p( 5)  3d( 1)  4p( 1)  4f( 3)
 2S1 2P1 2D1 2P1 2F2 3P  2D  1F  2F 
  3s( 1)  3p( 5)  3d( 1)  4p( 1)  4f( 3)
 2S1 2P1 2D1 2P1 2F2 3P  2D  3P  2F 
  3s( 1)  3p( 5)  3d( 1)  4p( 1)  4f( 3)
 2S1 2P1 2D1 2P1 2F2 3P  2D  3D  2F 
  3s( 1)  3p( 5)  3d( 1)  4p( 1)  4f( 3)
 2S1 2P1 2D1 2P1 2F2 3P  2D  3F  2F 
  3s( 1)  3p( 5)  3d( 1)  4p( 1)  4f( 3)
 2S1 2P1 2D1 2P1 2F2 3P  2F  1D  2F 
  3s( 1)  3p( 5)  3d( 1)  4p( 1)  4f( 3)
 2S1 2P1 2D1 2P1 2F2 3P  2F  1F  2F 
  3s( 1)  3p( 5)  3d( 1)  4p( 1)  4f( 3)
 2S1 2P1 2D1 2P1 2F2 3P  2F  1G  2F 
  3s( 1)  3p( 5)  3d( 1)  4p( 1)  4f( 3)
 2S1 2P1 2D1 2P1 2F2 3P  2F  3D  2F 
  3s( 1)  3p( 5)  3d( 1)  4p( 1)  4f( 3)
 2S1 2P1 2D1 2P1 2F2 3P  2F  3F  2F 
  3s( 1)  3p( 5)  3d( 1)  4p( 1)  4f( 3)
 2S1 2P1 2D1 2P1 2F2 3P  2F  3G  2F 
  3s( 1)  3p( 5)  3d( 1)  4p( 1)  4f( 3)
 2S1 2P1 2D1 2P1 2F2 3P  4P  3S  2F 
  3s( 1)  3p( 5)  3d( 1)  4p( 1)  4f( 3)
 2S1 2P1 2D1 2P1 2F2 3P  4P  3P  2F 
  3s( 1)  3p( 5)  3d( 1)  4p( 1)  4f( 3)
 2S1 2P1 2D1 2P1 2F2 3P  4P  3D  2F 
  3s( 1)  3p( 5)  3d( 1)  4p( 1)  4f( 3)
 2S1 2P1 2D1 2P1 2F2 3P  4D  3P  2F 
  3s( 1)  3p( 5)  3d( 1)  4p( 1)  4f( 3)
 2S1 2P1 2D1 2P1 2F2 3P  4D  3D  2F 
  3s( 1)  3p( 5)  3d( 1)  4p( 1)  4f( 3)
 2S1 2P1 2D1 2P1 2F2 3P  4D  3F  2F 
  3s( 1)  3p( 5)  3d( 1)  4p( 1)  4f( 3)
 2S1 2P1 2D1 2P1 2F2 3P  4F  3D  2F 
  3s( 1)  3p( 5)  3d( 1)  4p( 1)  4f( 3)
 2S1 2P1 2D1 2P1 2F2 3P  4F  3F  2F 
  3s( 1)  3p( 5)  3d( 1)  4p( 1)  4f( 3)
 2S1 2P1 2D1 2P1 2F2 3P  4F  3G  2F 
  3s( 1)  3p( 5)  3d( 1)  4p( 1)  4f( 3)
 2S1 2P1 2D1 2P1 2G1 1P  2P  1P  2F 
  3s( 1)  3p( 5)  3d( 1)  4p( 1)  4f( 3)
 2S1 2P1 2D1 2P1 2G1 1P  2P  1D  2F 
  3s( 1)  3p( 5)  3d( 1)  4p( 1)  4f( 3)
 2S1 2P1 2D1 2P1 2G1 1P  2P  3P  2F 
  3s( 1)  3p( 5)  3d( 1)  4p( 1)  4f( 3)
 2S1 2P1 2D1 2P1 2G1 1P  2P  3D  2F 
  3s( 1)  3p( 5)  3d( 1)  4p( 1)  4f( 3)
 2S1 2P1 2D1 2P1 2G1 1P  2D  1P  2F 
  3s( 1)  3p( 5)  3d( 1)  4p( 1)  4f( 3)
 2S1 2P1 2D1 2P1 2G1 1P  2D  1D  2F 
  3s( 1)  3p( 5)  3d( 1)  4p( 1)  4f( 3)
 2S1 2P1 2D1 2P1 2G1 1P  2D  1F  2F 
  3s( 1)  3p( 5)  3d( 1)  4p( 1)  4f( 3)
 2S1 2P1 2D1 2P1 2G1 1P  2D  3P  2F 
  3s( 1)  3p( 5)  3d( 1)  4p( 1)  4f( 3)
 2S1 2P1 2D1 2P1 2G1 1P  2D  3D  2F 
  3s( 1)  3p( 5)  3d( 1)  4p( 1)  4f( 3)
 2S1 2P1 2D1 2P1 2G1 1P  2D  3F  2F 
  3s( 1)  3p( 5)  3d( 1)  4p( 1)  4f( 3)
 2S1 2P1 2D1 2P1 2G1 1P  2F  1D  2F 
  3s( 1)  3p( 5)  3d( 1)  4p( 1)  4f( 3)
 2S1 2P1 2D1 2P1 2G1 1P  2F  1F  2F 
  3s( 1)  3p( 5)  3d( 1)  4p( 1)  4f( 3)
 2S1 2P1 2D1 2P1 2G1 1P  2F  1G  2F 
  3s( 1)  3p( 5)  3d( 1)  4p( 1)  4f( 3)
 2S1 2P1 2D1 2P1 2G1 1P  2F  3D  2F 
  3s( 1)  3p( 5)  3d( 1)  4p( 1)  4f( 3)
 2S1 2P1 2D1 2P1 2G1 1P  2F  3F  2F 
  3s( 1)  3p( 5)  3d( 1)  4p( 1)  4f( 3)
 2S1 2P1 2D1 2P1 2G1 1P  2F  3G  2F 
  3s( 1)  3p( 5)  3d( 1)  4p( 1)  4f( 3)
 2S1 2P1 2D1 2P1 2G1 3P  2P  1P  2F 
  3s( 1)  3p( 5)  3d( 1)  4p( 1)  4f( 3)
 2S1 2P1 2D1 2P1 2G1 3P  2P  1D  2F 
  3s( 1)  3p( 5)  3d( 1)  4p( 1)  4f( 3)
 2S1 2P1 2D1 2P1 2G1 3P  2P  3P  2F 
  3s( 1)  3p( 5)  3d( 1)  4p( 1)  4f( 3)
 2S1 2P1 2D1 2P1 2G1 3P  2P  3D  2F 
  3s( 1)  3p( 5)  3d( 1)  4p( 1)  4f( 3)
 2S1 2P1 2D1 2P1 2G1 3P  2D  1P  2F 
  3s( 1)  3p( 5)  3d( 1)  4p( 1)  4f( 3)
 2S1 2P1 2D1 2P1 2G1 3P  2D  1D  2F 
  3s( 1)  3p( 5)  3d( 1)  4p( 1)  4f( 3)
 2S1 2P1 2D1 2P1 2G1 3P  2D  1F  2F 
  3s( 1)  3p( 5)  3d( 1)  4p( 1)  4f( 3)
 2S1 2P1 2D1 2P1 2G1 3P  2D  3P  2F 
  3s( 1)  3p( 5)  3d( 1)  4p( 1)  4f( 3)
 2S1 2P1 2D1 2P1 2G1 3P  2D  3D  2F 
  3s( 1)  3p( 5)  3d( 1)  4p( 1)  4f( 3)
 2S1 2P1 2D1 2P1 2G1 3P  2D  3F  2F 
  3s( 1)  3p( 5)  3d( 1)  4p( 1)  4f( 3)
 2S1 2P1 2D1 2P1 2G1 3P  2F  1D  2F 
  3s( 1)  3p( 5)  3d( 1)  4p( 1)  4f( 3)
 2S1 2P1 2D1 2P1 2G1 3P  2F  1F  2F 
  3s( 1)  3p( 5)  3d( 1)  4p( 1)  4f( 3)
 2S1 2P1 2D1 2P1 2G1 3P  2F  1G  2F 
  3s( 1)  3p( 5)  3d( 1)  4p( 1)  4f( 3)
 2S1 2P1 2D1 2P1 2G1 3P  2F  3D  2F 
  3s( 1)  3p( 5)  3d( 1)  4p( 1)  4f( 3)
 2S1 2P1 2D1 2P1 2G1 3P  2F  3F  2F 
  3s( 1)  3p( 5)  3d( 1)  4p( 1)  4f( 3)
 2S1 2P1 2D1 2P1 2G1 3P  2F  3G  2F 
  3s( 1)  3p( 5)  3d( 1)  4p( 1)  4f( 3)
 2S1 2P1 2D1 2P1 2G1 3P  4P  3P  2F 
  3s( 1)  3p( 5)  3d( 1)  4p( 1)  4f( 3)
 2S1 2P1 2D1 2P1 2G1 3P  4P  3D  2F 
  3s( 1)  3p( 5)  3d( 1)  4p( 1)  4f( 3)
 2S1 2P1 2D1 2P1 2G1 3P  4D  3P  2F 
  3s( 1)  3p( 5)  3d( 1)  4p( 1)  4f( 3)
 2S1 2P1 2D1 2P1 2G1 3P  4D  3D  2F 
  3s( 1)  3p( 5)  3d( 1)  4p( 1)  4f( 3)
 2S1 2P1 2D1 2P1 2G1 3P  4D  3F  2F 
  3s( 1)  3p( 5)  3d( 1)  4p( 1)  4f( 3)
 2S1 2P1 2D1 2P1 2G1 3P  4F  3D  2F 
  3s( 1)  3p( 5)  3d( 1)  4p( 1)  4f( 3)
 2S1 2P1 2D1 2P1 2G1 3P  4F  3F  2F 
  3s( 1)  3p( 5)  3d( 1)  4p( 1)  4f( 3)
 2S1 2P1 2D1 2P1 2G1 3P  4F  3G  2F 
  3s( 1)  3p( 5)  3d( 1)  4p( 1)  4f( 3)
 2S1 2P1 2D1 2P1 2G2 1P  2P  1P  2F 
  3s( 1)  3p( 5)  3d( 1)  4p( 1)  4f( 3)
 2S1 2P1 2D1 2P1 2G2 1P  2P  1D  2F 
  3s( 1)  3p( 5)  3d( 1)  4p( 1)  4f( 3)
 2S1 2P1 2D1 2P1 2G2 1P  2P  3P  2F 
  3s( 1)  3p( 5)  3d( 1)  4p( 1)  4f( 3)
 2S1 2P1 2D1 2P1 2G2 1P  2P  3D  2F 
  3s( 1)  3p( 5)  3d( 1)  4p( 1)  4f( 3)
 2S1 2P1 2D1 2P1 2G2 1P  2D  1P  2F 
  3s( 1)  3p( 5)  3d( 1)  4p( 1)  4f( 3)
 2S1 2P1 2D1 2P1 2G2 1P  2D  1D  2F 
  3s( 1)  3p( 5)  3d( 1)  4p( 1)  4f( 3)
 2S1 2P1 2D1 2P1 2G2 1P  2D  1F  2F 
  3s( 1)  3p( 5)  3d( 1)  4p( 1)  4f( 3)
 2S1 2P1 2D1 2P1 2G2 1P  2D  3P  2F 
  3s( 1)  3p( 5)  3d( 1)  4p( 1)  4f( 3)
 2S1 2P1 2D1 2P1 2G2 1P  2D  3D  2F 
  3s( 1)  3p( 5)  3d( 1)  4p( 1)  4f( 3)
 2S1 2P1 2D1 2P1 2G2 1P  2D  3F  2F 
  3s( 1)  3p( 5)  3d( 1)  4p( 1)  4f( 3)
 2S1 2P1 2D1 2P1 2G2 1P  2F  1D  2F 
  3s( 1)  3p( 5)  3d( 1)  4p( 1)  4f( 3)
 2S1 2P1 2D1 2P1 2G2 1P  2F  1F  2F 
  3s( 1)  3p( 5)  3d( 1)  4p( 1)  4f( 3)
 2S1 2P1 2D1 2P1 2G2 1P  2F  1G  2F 
  3s( 1)  3p( 5)  3d( 1)  4p( 1)  4f( 3)
 2S1 2P1 2D1 2P1 2G2 1P  2F  3D  2F 
  3s( 1)  3p( 5)  3d( 1)  4p( 1)  4f( 3)
 2S1 2P1 2D1 2P1 2G2 1P  2F  3F  2F 
  3s( 1)  3p( 5)  3d( 1)  4p( 1)  4f( 3)
 2S1 2P1 2D1 2P1 2G2 1P  2F  3G  2F 
  3s( 1)  3p( 5)  3d( 1)  4p( 1)  4f( 3)
 2S1 2P1 2D1 2P1 2G2 3P  2P  1P  2F 
  3s( 1)  3p( 5)  3d( 1)  4p( 1)  4f( 3)
 2S1 2P1 2D1 2P1 2G2 3P  2P  1D  2F 
  3s( 1)  3p( 5)  3d( 1)  4p( 1)  4f( 3)
 2S1 2P1 2D1 2P1 2G2 3P  2P  3P  2F 
  3s( 1)  3p( 5)  3d( 1)  4p( 1)  4f( 3)
 2S1 2P1 2D1 2P1 2G2 3P  2P  3D  2F 
  3s( 1)  3p( 5)  3d( 1)  4p( 1)  4f( 3)
 2S1 2P1 2D1 2P1 2G2 3P  2D  1P  2F 
  3s( 1)  3p( 5)  3d( 1)  4p( 1)  4f( 3)
 2S1 2P1 2D1 2P1 2G2 3P  2D  1D  2F 
  3s( 1)  3p( 5)  3d( 1)  4p( 1)  4f( 3)
 2S1 2P1 2D1 2P1 2G2 3P  2D  1F  2F 
  3s( 1)  3p( 5)  3d( 1)  4p( 1)  4f( 3)
 2S1 2P1 2D1 2P1 2G2 3P  2D  3P  2F 
  3s( 1)  3p( 5)  3d( 1)  4p( 1)  4f( 3)
 2S1 2P1 2D1 2P1 2G2 3P  2D  3D  2F 
  3s( 1)  3p( 5)  3d( 1)  4p( 1)  4f( 3)
 2S1 2P1 2D1 2P1 2G2 3P  2D  3F  2F 
  3s( 1)  3p( 5)  3d( 1)  4p( 1)  4f( 3)
 2S1 2P1 2D1 2P1 2G2 3P  2F  1D  2F 
  3s( 1)  3p( 5)  3d( 1)  4p( 1)  4f( 3)
 2S1 2P1 2D1 2P1 2G2 3P  2F  1F  2F 
  3s( 1)  3p( 5)  3d( 1)  4p( 1)  4f( 3)
 2S1 2P1 2D1 2P1 2G2 3P  2F  1G  2F 
  3s( 1)  3p( 5)  3d( 1)  4p( 1)  4f( 3)
 2S1 2P1 2D1 2P1 2G2 3P  2F  3D  2F 
  3s( 1)  3p( 5)  3d( 1)  4p( 1)  4f( 3)
 2S1 2P1 2D1 2P1 2G2 3P  2F  3F  2F 
  3s( 1)  3p( 5)  3d( 1)  4p( 1)  4f( 3)
 2S1 2P1 2D1 2P1 2G2 3P  2F  3G  2F 
  3s( 1)  3p( 5)  3d( 1)  4p( 1)  4f( 3)
 2S1 2P1 2D1 2P1 2G2 3P  4P  3P  2F 
  3s( 1)  3p( 5)  3d( 1)  4p( 1)  4f( 3)
 2S1 2P1 2D1 2P1 2G2 3P  4P  3D  2F 
  3s( 1)  3p( 5)  3d( 1)  4p( 1)  4f( 3)
 2S1 2P1 2D1 2P1 2G2 3P  4D  3P  2F 
  3s( 1)  3p( 5)  3d( 1)  4p( 1)  4f( 3)
 2S1 2P1 2D1 2P1 2G2 3P  4D  3D  2F 
  3s( 1)  3p( 5)  3d( 1)  4p( 1)  4f( 3)
 2S1 2P1 2D1 2P1 2G2 3P  4D  3F  2F 
  3s( 1)  3p( 5)  3d( 1)  4p( 1)  4f( 3)
 2S1 2P1 2D1 2P1 2G2 3P  4F  3D  2F 
  3s( 1)  3p( 5)  3d( 1)  4p( 1)  4f( 3)
 2S1 2P1 2D1 2P1 2G2 3P  4F  3F  2F 
  3s( 1)  3p( 5)  3d( 1)  4p( 1)  4f( 3)
 2S1 2P1 2D1 2P1 2G2 3P  4F  3G  2F 
  3s( 1)  3p( 5)  3d( 1)  4p( 1)  4f( 3)
 2S1 2P1 2D1 2P1 2H1 1P  2P  1D  2F 
  3s( 1)  3p( 5)  3d( 1)  4p( 1)  4f( 3)
 2S1 2P1 2D1 2P1 2H1 1P  2P  3D  2F 
  3s( 1)  3p( 5)  3d( 1)  4p( 1)  4f( 3)
 2S1 2P1 2D1 2P1 2H1 1P  2D  1D  2F 
  3s( 1)  3p( 5)  3d( 1)  4p( 1)  4f( 3)
 2S1 2P1 2D1 2P1 2H1 1P  2D  1F  2F 
  3s( 1)  3p( 5)  3d( 1)  4p( 1)  4f( 3)
 2S1 2P1 2D1 2P1 2H1 1P  2D  3D  2F 
  3s( 1)  3p( 5)  3d( 1)  4p( 1)  4f( 3)
 2S1 2P1 2D1 2P1 2H1 1P  2D  3F  2F 
  3s( 1)  3p( 5)  3d( 1)  4p( 1)  4f( 3)
 2S1 2P1 2D1 2P1 2H1 1P  2F  1D  2F 
  3s( 1)  3p( 5)  3d( 1)  4p( 1)  4f( 3)
 2S1 2P1 2D1 2P1 2H1 1P  2F  1F  2F 
  3s( 1)  3p( 5)  3d( 1)  4p( 1)  4f( 3)
 2S1 2P1 2D1 2P1 2H1 1P  2F  1G  2F 
  3s( 1)  3p( 5)  3d( 1)  4p( 1)  4f( 3)
 2S1 2P1 2D1 2P1 2H1 1P  2F  3D  2F 
  3s( 1)  3p( 5)  3d( 1)  4p( 1)  4f( 3)
 2S1 2P1 2D1 2P1 2H1 1P  2F  3F  2F 
  3s( 1)  3p( 5)  3d( 1)  4p( 1)  4f( 3)
 2S1 2P1 2D1 2P1 2H1 1P  2F  3G  2F 
  3s( 1)  3p( 5)  3d( 1)  4p( 1)  4f( 3)
 2S1 2P1 2D1 2P1 2H1 3P  2P  1D  2F 
  3s( 1)  3p( 5)  3d( 1)  4p( 1)  4f( 3)
 2S1 2P1 2D1 2P1 2H1 3P  2P  3D  2F 
  3s( 1)  3p( 5)  3d( 1)  4p( 1)  4f( 3)
 2S1 2P1 2D1 2P1 2H1 3P  2D  1D  2F 
  3s( 1)  3p( 5)  3d( 1)  4p( 1)  4f( 3)
 2S1 2P1 2D1 2P1 2H1 3P  2D  1F  2F 
  3s( 1)  3p( 5)  3d( 1)  4p( 1)  4f( 3)
 2S1 2P1 2D1 2P1 2H1 3P  2D  3D  2F 
  3s( 1)  3p( 5)  3d( 1)  4p( 1)  4f( 3)
 2S1 2P1 2D1 2P1 2H1 3P  2D  3F  2F 
  3s( 1)  3p( 5)  3d( 1)  4p( 1)  4f( 3)
 2S1 2P1 2D1 2P1 2H1 3P  2F  1D  2F 
  3s( 1)  3p( 5)  3d( 1)  4p( 1)  4f( 3)
 2S1 2P1 2D1 2P1 2H1 3P  2F  1F  2F 
  3s( 1)  3p( 5)  3d( 1)  4p( 1)  4f( 3)
 2S1 2P1 2D1 2P1 2H1 3P  2F  1G  2F 
  3s( 1)  3p( 5)  3d( 1)  4p( 1)  4f( 3)
 2S1 2P1 2D1 2P1 2H1 3P  2F  3D  2F 
  3s( 1)  3p( 5)  3d( 1)  4p( 1)  4f( 3)
 2S1 2P1 2D1 2P1 2H1 3P  2F  3F  2F 
  3s( 1)  3p( 5)  3d( 1)  4p( 1)  4f( 3)
 2S1 2P1 2D1 2P1 2H1 3P  2F  3G  2F 
  3s( 1)  3p( 5)  3d( 1)  4p( 1)  4f( 3)
 2S1 2P1 2D1 2P1 2H1 3P  4P  3D  2F 
  3s( 1)  3p( 5)  3d( 1)  4p( 1)  4f( 3)
 2S1 2P1 2D1 2P1 2H1 3P  4D  3D  2F 
  3s( 1)  3p( 5)  3d( 1)  4p( 1)  4f( 3)
 2S1 2P1 2D1 2P1 2H1 3P  4D  3F  2F 
  3s( 1)  3p( 5)  3d( 1)  4p( 1)  4f( 3)
 2S1 2P1 2D1 2P1 2H1 3P  4F  3D  2F 
  3s( 1)  3p( 5)  3d( 1)  4p( 1)  4f( 3)
 2S1 2P1 2D1 2P1 2H1 3P  4F  3F  2F 
  3s( 1)  3p( 5)  3d( 1)  4p( 1)  4f( 3)
 2S1 2P1 2D1 2P1 2H1 3P  4F  3G  2F 
  3s( 1)  3p( 5)  3d( 1)  4p( 1)  4f( 3)
 2S1 2P1 2D1 2P1 2H2 1P  2P  1D  2F 
  3s( 1)  3p( 5)  3d( 1)  4p( 1)  4f( 3)
 2S1 2P1 2D1 2P1 2H2 1P  2P  3D  2F 
  3s( 1)  3p( 5)  3d( 1)  4p( 1)  4f( 3)
 2S1 2P1 2D1 2P1 2H2 1P  2D  1D  2F 
  3s( 1)  3p( 5)  3d( 1)  4p( 1)  4f( 3)
 2S1 2P1 2D1 2P1 2H2 1P  2D  1F  2F 
  3s( 1)  3p( 5)  3d( 1)  4p( 1)  4f( 3)
 2S1 2P1 2D1 2P1 2H2 1P  2D  3D  2F 
  3s( 1)  3p( 5)  3d( 1)  4p( 1)  4f( 3)
 2S1 2P1 2D1 2P1 2H2 1P  2D  3F  2F 
  3s( 1)  3p( 5)  3d( 1)  4p( 1)  4f( 3)
 2S1 2P1 2D1 2P1 2H2 1P  2F  1D  2F 
  3s( 1)  3p( 5)  3d( 1)  4p( 1)  4f( 3)
 2S1 2P1 2D1 2P1 2H2 1P  2F  1F  2F 
  3s( 1)  3p( 5)  3d( 1)  4p( 1)  4f( 3)
 2S1 2P1 2D1 2P1 2H2 1P  2F  1G  2F 
  3s( 1)  3p( 5)  3d( 1)  4p( 1)  4f( 3)
 2S1 2P1 2D1 2P1 2H2 1P  2F  3D  2F 
  3s( 1)  3p( 5)  3d( 1)  4p( 1)  4f( 3)
 2S1 2P1 2D1 2P1 2H2 1P  2F  3F  2F 
  3s( 1)  3p( 5)  3d( 1)  4p( 1)  4f( 3)
 2S1 2P1 2D1 2P1 2H2 1P  2F  3G  2F 
  3s( 1)  3p( 5)  3d( 1)  4p( 1)  4f( 3)
 2S1 2P1 2D1 2P1 2H2 3P  2P  1D  2F 
  3s( 1)  3p( 5)  3d( 1)  4p( 1)  4f( 3)
 2S1 2P1 2D1 2P1 2H2 3P  2P  3D  2F 
  3s( 1)  3p( 5)  3d( 1)  4p( 1)  4f( 3)
 2S1 2P1 2D1 2P1 2H2 3P  2D  1D  2F 
  3s( 1)  3p( 5)  3d( 1)  4p( 1)  4f( 3)
 2S1 2P1 2D1 2P1 2H2 3P  2D  1F  2F 
  3s( 1)  3p( 5)  3d( 1)  4p( 1)  4f( 3)
 2S1 2P1 2D1 2P1 2H2 3P  2D  3D  2F 
  3s( 1)  3p( 5)  3d( 1)  4p( 1)  4f( 3)
 2S1 2P1 2D1 2P1 2H2 3P  2D  3F  2F 
  3s( 1)  3p( 5)  3d( 1)  4p( 1)  4f( 3)
 2S1 2P1 2D1 2P1 2H2 3P  2F  1D  2F 
  3s( 1)  3p( 5)  3d( 1)  4p( 1)  4f( 3)
 2S1 2P1 2D1 2P1 2H2 3P  2F  1F  2F 
  3s( 1)  3p( 5)  3d( 1)  4p( 1)  4f( 3)
 2S1 2P1 2D1 2P1 2H2 3P  2F  1G  2F 
  3s( 1)  3p( 5)  3d( 1)  4p( 1)  4f( 3)
 2S1 2P1 2D1 2P1 2H2 3P  2F  3D  2F 
  3s( 1)  3p( 5)  3d( 1)  4p( 1)  4f( 3)
 2S1 2P1 2D1 2P1 2H2 3P  2F  3F  2F 
  3s( 1)  3p( 5)  3d( 1)  4p( 1)  4f( 3)
 2S1 2P1 2D1 2P1 2H2 3P  2F  3G  2F 
  3s( 1)  3p( 5)  3d( 1)  4p( 1)  4f( 3)
 2S1 2P1 2D1 2P1 2H2 3P  4P  3D  2F 
  3s( 1)  3p( 5)  3d( 1)  4p( 1)  4f( 3)
 2S1 2P1 2D1 2P1 2H2 3P  4D  3D  2F 
  3s( 1)  3p( 5)  3d( 1)  4p( 1)  4f( 3)
 2S1 2P1 2D1 2P1 2H2 3P  4D  3F  2F 
  3s( 1)  3p( 5)  3d( 1)  4p( 1)  4f( 3)
 2S1 2P1 2D1 2P1 2H2 3P  4F  3D  2F 
  3s( 1)  3p( 5)  3d( 1)  4p( 1)  4f( 3)
 2S1 2P1 2D1 2P1 2H2 3P  4F  3F  2F 
  3s( 1)  3p( 5)  3d( 1)  4p( 1)  4f( 3)
 2S1 2P1 2D1 2P1 2H2 3P  4F  3G  2F 
  3s( 1)  3p( 5)  3d( 1)  4p( 1)  4f( 3)
 2S1 2P1 2D1 2P1 2I1 1P  2D  1F  2F 
  3s( 1)  3p( 5)  3d( 1)  4p( 1)  4f( 3)
 2S1 2P1 2D1 2P1 2I1 1P  2D  3F  2F 
  3s( 1)  3p( 5)  3d( 1)  4p( 1)  4f( 3)
 2S1 2P1 2D1 2P1 2I1 1P  2F  1F  2F 
  3s( 1)  3p( 5)  3d( 1)  4p( 1)  4f( 3)
 2S1 2P1 2D1 2P1 2I1 1P  2F  1G  2F 
  3s( 1)  3p( 5)  3d( 1)  4p( 1)  4f( 3)
 2S1 2P1 2D1 2P1 2I1 1P  2F  3F  2F 
  3s( 1)  3p( 5)  3d( 1)  4p( 1)  4f( 3)
 2S1 2P1 2D1 2P1 2I1 1P  2F  3G  2F 
  3s( 1)  3p( 5)  3d( 1)  4p( 1)  4f( 3)
 2S1 2P1 2D1 2P1 2I1 3P  2D  1F  2F 
  3s( 1)  3p( 5)  3d( 1)  4p( 1)  4f( 3)
 2S1 2P1 2D1 2P1 2I1 3P  2D  3F  2F 
  3s( 1)  3p( 5)  3d( 1)  4p( 1)  4f( 3)
 2S1 2P1 2D1 2P1 2I1 3P  2F  1F  2F 
  3s( 1)  3p( 5)  3d( 1)  4p( 1)  4f( 3)
 2S1 2P1 2D1 2P1 2I1 3P  2F  1G  2F 
  3s( 1)  3p( 5)  3d( 1)  4p( 1)  4f( 3)
 2S1 2P1 2D1 2P1 2I1 3P  2F  3F  2F 
  3s( 1)  3p( 5)  3d( 1)  4p( 1)  4f( 3)
 2S1 2P1 2D1 2P1 2I1 3P  2F  3G  2F 
  3s( 1)  3p( 5)  3d( 1)  4p( 1)  4f( 3)
 2S1 2P1 2D1 2P1 2I1 3P  4D  3F  2F 
  3s( 1)  3p( 5)  3d( 1)  4p( 1)  4f( 3)
 2S1 2P1 2D1 2P1 2I1 3P  4F  3F  2F 
  3s( 1)  3p( 5)  3d( 1)  4p( 1)  4f( 3)
 2S1 2P1 2D1 2P1 2I1 3P  4F  3G  2F 
  3s( 1)  3p( 5)  3d( 1)  4p( 1)  4f( 3)
 2S1 2P1 2D1 2P1 2K1 1P  2F  1G  2F 
  3s( 1)  3p( 5)  3d( 1)  4p( 1)  4f( 3)
 2S1 2P1 2D1 2P1 2K1 1P  2F  3G  2F 
  3s( 1)  3p( 5)  3d( 1)  4p( 1)  4f( 3)
 2S1 2P1 2D1 2P1 2K1 3P  2F  1G  2F 
  3s( 1)  3p( 5)  3d( 1)  4p( 1)  4f( 3)
 2S1 2P1 2D1 2P1 2K1 3P  2F  3G  2F 
  3s( 1)  3p( 5)  3d( 1)  4p( 1)  4f( 3)
 2S1 2P1 2D1 2P1 2K1 3P  4F  3G  2F 
  3s( 1)  3p( 5)  3d( 1)  4p( 1)  4f( 3)
 2S1 2P1 2D1 2P1 4S1 1P  2D  3F  2F 
  3s( 1)  3p( 5)  3d( 1)  4p( 1)  4f( 3)
 2S1 2P1 2D1 2P1 4S1 1P  2F  3F  2F 
  3s( 1)  3p( 5)  3d( 1)  4p( 1)  4f( 3)
 2S1 2P1 2D1 2P1 4S1 3P  2D  3F  2F 
  3s( 1)  3p( 5)  3d( 1)  4p( 1)  4f( 3)
 2S1 2P1 2D1 2P1 4S1 3P  2F  3F  2F 
  3s( 1)  3p( 5)  3d( 1)  4p( 1)  4f( 3)
 2S1 2P1 2D1 2P1 4S1 3P  4D  3F  2F 
  3s( 1)  3p( 5)  3d( 1)  4p( 1)  4f( 3)
 2S1 2P1 2D1 2P1 4S1 3P  4D  5F  2F 
  3s( 1)  3p( 5)  3d( 1)  4p( 1)  4f( 3)
 2S1 2P1 2D1 2P1 4S1 3P  4F  3F  2F 
  3s( 1)  3p( 5)  3d( 1)  4p( 1)  4f( 3)
 2S1 2P1 2D1 2P1 4S1 3P  4F  5F  2F 
  3s( 1)  3p( 5)  3d( 1)  4p( 1)  4f( 3)
 2S1 2P1 2D1 2P1 4D1 1P  2P  3P  2F 
  3s( 1)  3p( 5)  3d( 1)  4p( 1)  4f( 3)
 2S1 2P1 2D1 2P1 4D1 1P  2P  3D  2F 
  3s( 1)  3p( 5)  3d( 1)  4p( 1)  4f( 3)
 2S1 2P1 2D1 2P1 4D1 1P  2D  3P  2F 
  3s( 1)  3p( 5)  3d( 1)  4p( 1)  4f( 3)
 2S1 2P1 2D1 2P1 4D1 1P  2D  3D  2F 
  3s( 1)  3p( 5)  3d( 1)  4p( 1)  4f( 3)
 2S1 2P1 2D1 2P1 4D1 1P  2D  3F  2F 
  3s( 1)  3p( 5)  3d( 1)  4p( 1)  4f( 3)
 2S1 2P1 2D1 2P1 4D1 1P  2F  3D  2F 
  3s( 1)  3p( 5)  3d( 1)  4p( 1)  4f( 3)
 2S1 2P1 2D1 2P1 4D1 1P  2F  3F  2F 
  3s( 1)  3p( 5)  3d( 1)  4p( 1)  4f( 3)
 2S1 2P1 2D1 2P1 4D1 1P  2F  3G  2F 
  3s( 1)  3p( 5)  3d( 1)  4p( 1)  4f( 3)
 2S1 2P1 2D1 2P1 4D1 3P  2P  3P  2F 
  3s( 1)  3p( 5)  3d( 1)  4p( 1)  4f( 3)
 2S1 2P1 2D1 2P1 4D1 3P  2P  3D  2F 
  3s( 1)  3p( 5)  3d( 1)  4p( 1)  4f( 3)
 2S1 2P1 2D1 2P1 4D1 3P  2D  3P  2F 
  3s( 1)  3p( 5)  3d( 1)  4p( 1)  4f( 3)
 2S1 2P1 2D1 2P1 4D1 3P  2D  3D  2F 
  3s( 1)  3p( 5)  3d( 1)  4p( 1)  4f( 3)
 2S1 2P1 2D1 2P1 4D1 3P  2D  3F  2F 
  3s( 1)  3p( 5)  3d( 1)  4p( 1)  4f( 3)
 2S1 2P1 2D1 2P1 4D1 3P  2F  3D  2F 
  3s( 1)  3p( 5)  3d( 1)  4p( 1)  4f( 3)
 2S1 2P1 2D1 2P1 4D1 3P  2F  3F  2F 
  3s( 1)  3p( 5)  3d( 1)  4p( 1)  4f( 3)
 2S1 2P1 2D1 2P1 4D1 3P  2F  3G  2F 
  3s( 1)  3p( 5)  3d( 1)  4p( 1)  4f( 3)
 2S1 2P1 2D1 2P1 4D1 3P  4P  3P  2F 
  3s( 1)  3p( 5)  3d( 1)  4p( 1)  4f( 3)
 2S1 2P1 2D1 2P1 4D1 3P  4P  3D  2F 
  3s( 1)  3p( 5)  3d( 1)  4p( 1)  4f( 3)
 2S1 2P1 2D1 2P1 4D1 3P  4P  5P  2F 
  3s( 1)  3p( 5)  3d( 1)  4p( 1)  4f( 3)
 2S1 2P1 2D1 2P1 4D1 3P  4P  5D  2F 
  3s( 1)  3p( 5)  3d( 1)  4p( 1)  4f( 3)
 2S1 2P1 2D1 2P1 4D1 3P  4D  3P  2F 
  3s( 1)  3p( 5)  3d( 1)  4p( 1)  4f( 3)
 2S1 2P1 2D1 2P1 4D1 3P  4D  3D  2F 
  3s( 1)  3p( 5)  3d( 1)  4p( 1)  4f( 3)
 2S1 2P1 2D1 2P1 4D1 3P  4D  3F  2F 
  3s( 1)  3p( 5)  3d( 1)  4p( 1)  4f( 3)
 2S1 2P1 2D1 2P1 4D1 3P  4D  5P  2F 
  3s( 1)  3p( 5)  3d( 1)  4p( 1)  4f( 3)
 2S1 2P1 2D1 2P1 4D1 3P  4D  5D  2F 
  3s( 1)  3p( 5)  3d( 1)  4p( 1)  4f( 3)
 2S1 2P1 2D1 2P1 4D1 3P  4D  5F  2F 
  3s( 1)  3p( 5)  3d( 1)  4p( 1)  4f( 3)
 2S1 2P1 2D1 2P1 4D1 3P  4F  3D  2F 
  3s( 1)  3p( 5)  3d( 1)  4p( 1)  4f( 3)
 2S1 2P1 2D1 2P1 4D1 3P  4F  3F  2F 
  3s( 1)  3p( 5)  3d( 1)  4p( 1)  4f( 3)
 2S1 2P1 2D1 2P1 4D1 3P  4F  3G  2F 
  3s( 1)  3p( 5)  3d( 1)  4p( 1)  4f( 3)
 2S1 2P1 2D1 2P1 4D1 3P  4F  5D  2F 
  3s( 1)  3p( 5)  3d( 1)  4p( 1)  4f( 3)
 2S1 2P1 2D1 2P1 4D1 3P  4F  5F  2F 
  3s( 1)  3p( 5)  3d( 1)  4p( 1)  4f( 3)
 2S1 2P1 2D1 2P1 4D1 3P  4F  5G  2F 
  3s( 1)  3p( 5)  3d( 1)  4p( 1)  4f( 3)
 2S1 2P1 2D1 2P1 4F1 1P  2P  3S  2F 
  3s( 1)  3p( 5)  3d( 1)  4p( 1)  4f( 3)
 2S1 2P1 2D1 2P1 4F1 1P  2P  3P  2F 
  3s( 1)  3p( 5)  3d( 1)  4p( 1)  4f( 3)
 2S1 2P1 2D1 2P1 4F1 1P  2P  3D  2F 
  3s( 1)  3p( 5)  3d( 1)  4p( 1)  4f( 3)
 2S1 2P1 2D1 2P1 4F1 1P  2D  3P  2F 
  3s( 1)  3p( 5)  3d( 1)  4p( 1)  4f( 3)
 2S1 2P1 2D1 2P1 4F1 1P  2D  3D  2F 
  3s( 1)  3p( 5)  3d( 1)  4p( 1)  4f( 3)
 2S1 2P1 2D1 2P1 4F1 1P  2D  3F  2F 
  3s( 1)  3p( 5)  3d( 1)  4p( 1)  4f( 3)
 2S1 2P1 2D1 2P1 4F1 1P  2F  3D  2F 
  3s( 1)  3p( 5)  3d( 1)  4p( 1)  4f( 3)
 2S1 2P1 2D1 2P1 4F1 1P  2F  3F  2F 
  3s( 1)  3p( 5)  3d( 1)  4p( 1)  4f( 3)
 2S1 2P1 2D1 2P1 4F1 1P  2F  3G  2F 
  3s( 1)  3p( 5)  3d( 1)  4p( 1)  4f( 3)
 2S1 2P1 2D1 2P1 4F1 3P  2P  3S  2F 
  3s( 1)  3p( 5)  3d( 1)  4p( 1)  4f( 3)
 2S1 2P1 2D1 2P1 4F1 3P  2P  3P  2F 
  3s( 1)  3p( 5)  3d( 1)  4p( 1)  4f( 3)
 2S1 2P1 2D1 2P1 4F1 3P  2P  3D  2F 
  3s( 1)  3p( 5)  3d( 1)  4p( 1)  4f( 3)
 2S1 2P1 2D1 2P1 4F1 3P  2D  3P  2F 
  3s( 1)  3p( 5)  3d( 1)  4p( 1)  4f( 3)
 2S1 2P1 2D1 2P1 4F1 3P  2D  3D  2F 
  3s( 1)  3p( 5)  3d( 1)  4p( 1)  4f( 3)
 2S1 2P1 2D1 2P1 4F1 3P  2D  3F  2F 
  3s( 1)  3p( 5)  3d( 1)  4p( 1)  4f( 3)
 2S1 2P1 2D1 2P1 4F1 3P  2F  3D  2F 
  3s( 1)  3p( 5)  3d( 1)  4p( 1)  4f( 3)
 2S1 2P1 2D1 2P1 4F1 3P  2F  3F  2F 
  3s( 1)  3p( 5)  3d( 1)  4p( 1)  4f( 3)
 2S1 2P1 2D1 2P1 4F1 3P  2F  3G  2F 
  3s( 1)  3p( 5)  3d( 1)  4p( 1)  4f( 3)
 2S1 2P1 2D1 2P1 4F1 3P  4P  3S  2F 
  3s( 1)  3p( 5)  3d( 1)  4p( 1)  4f( 3)
 2S1 2P1 2D1 2P1 4F1 3P  4P  3P  2F 
  3s( 1)  3p( 5)  3d( 1)  4p( 1)  4f( 3)
 2S1 2P1 2D1 2P1 4F1 3P  4P  3D  2F 
  3s( 1)  3p( 5)  3d( 1)  4p( 1)  4f( 3)
 2S1 2P1 2D1 2P1 4F1 3P  4P  5S  2F 
  3s( 1)  3p( 5)  3d( 1)  4p( 1)  4f( 3)
 2S1 2P1 2D1 2P1 4F1 3P  4P  5P  2F 
  3s( 1)  3p( 5)  3d( 1)  4p( 1)  4f( 3)
 2S1 2P1 2D1 2P1 4F1 3P  4P  5D  2F 
  3s( 1)  3p( 5)  3d( 1)  4p( 1)  4f( 3)
 2S1 2P1 2D1 2P1 4F1 3P  4D  3P  2F 
  3s( 1)  3p( 5)  3d( 1)  4p( 1)  4f( 3)
 2S1 2P1 2D1 2P1 4F1 3P  4D  3D  2F 
  3s( 1)  3p( 5)  3d( 1)  4p( 1)  4f( 3)
 2S1 2P1 2D1 2P1 4F1 3P  4D  3F  2F 
  3s( 1)  3p( 5)  3d( 1)  4p( 1)  4f( 3)
 2S1 2P1 2D1 2P1 4F1 3P  4D  5P  2F 
  3s( 1)  3p( 5)  3d( 1)  4p( 1)  4f( 3)
 2S1 2P1 2D1 2P1 4F1 3P  4D  5D  2F 
  3s( 1)  3p( 5)  3d( 1)  4p( 1)  4f( 3)
 2S1 2P1 2D1 2P1 4F1 3P  4D  5F  2F 
  3s( 1)  3p( 5)  3d( 1)  4p( 1)  4f( 3)
 2S1 2P1 2D1 2P1 4F1 3P  4F  3D  2F 
  3s( 1)  3p( 5)  3d( 1)  4p( 1)  4f( 3)
 2S1 2P1 2D1 2P1 4F1 3P  4F  3F  2F 
  3s( 1)  3p( 5)  3d( 1)  4p( 1)  4f( 3)
 2S1 2P1 2D1 2P1 4F1 3P  4F  3G  2F 
  3s( 1)  3p( 5)  3d( 1)  4p( 1)  4f( 3)
 2S1 2P1 2D1 2P1 4F1 3P  4F  5D  2F 
  3s( 1)  3p( 5)  3d( 1)  4p( 1)  4f( 3)
 2S1 2P1 2D1 2P1 4F1 3P  4F  5F  2F 
  3s( 1)  3p( 5)  3d( 1)  4p( 1)  4f( 3)
 2S1 2P1 2D1 2P1 4F1 3P  4F  5G  2F 
  3s( 1)  3p( 5)  3d( 1)  4p( 1)  4f( 3)
 2S1 2P1 2D1 2P1 4G1 1P  2P  3P  2F 
  3s( 1)  3p( 5)  3d( 1)  4p( 1)  4f( 3)
 2S1 2P1 2D1 2P1 4G1 1P  2P  3D  2F 
  3s( 1)  3p( 5)  3d( 1)  4p( 1)  4f( 3)
 2S1 2P1 2D1 2P1 4G1 1P  2D  3P  2F 
  3s( 1)  3p( 5)  3d( 1)  4p( 1)  4f( 3)
 2S1 2P1 2D1 2P1 4G1 1P  2D  3D  2F 
  3s( 1)  3p( 5)  3d( 1)  4p( 1)  4f( 3)
 2S1 2P1 2D1 2P1 4G1 1P  2D  3F  2F 
  3s( 1)  3p( 5)  3d( 1)  4p( 1)  4f( 3)
 2S1 2P1 2D1 2P1 4G1 1P  2F  3D  2F 
  3s( 1)  3p( 5)  3d( 1)  4p( 1)  4f( 3)
 2S1 2P1 2D1 2P1 4G1 1P  2F  3F  2F 
  3s( 1)  3p( 5)  3d( 1)  4p( 1)  4f( 3)
 2S1 2P1 2D1 2P1 4G1 1P  2F  3G  2F 
  3s( 1)  3p( 5)  3d( 1)  4p( 1)  4f( 3)
 2S1 2P1 2D1 2P1 4G1 3P  2P  3P  2F 
  3s( 1)  3p( 5)  3d( 1)  4p( 1)  4f( 3)
 2S1 2P1 2D1 2P1 4G1 3P  2P  3D  2F 
  3s( 1)  3p( 5)  3d( 1)  4p( 1)  4f( 3)
 2S1 2P1 2D1 2P1 4G1 3P  2D  3P  2F 
  3s( 1)  3p( 5)  3d( 1)  4p( 1)  4f( 3)
 2S1 2P1 2D1 2P1 4G1 3P  2D  3D  2F 
  3s( 1)  3p( 5)  3d( 1)  4p( 1)  4f( 3)
 2S1 2P1 2D1 2P1 4G1 3P  2D  3F  2F 
  3s( 1)  3p( 5)  3d( 1)  4p( 1)  4f( 3)
 2S1 2P1 2D1 2P1 4G1 3P  2F  3D  2F 
  3s( 1)  3p( 5)  3d( 1)  4p( 1)  4f( 3)
 2S1 2P1 2D1 2P1 4G1 3P  2F  3F  2F 
  3s( 1)  3p( 5)  3d( 1)  4p( 1)  4f( 3)
 2S1 2P1 2D1 2P1 4G1 3P  2F  3G  2F 
  3s( 1)  3p( 5)  3d( 1)  4p( 1)  4f( 3)
 2S1 2P1 2D1 2P1 4G1 3P  4P  3P  2F 
  3s( 1)  3p( 5)  3d( 1)  4p( 1)  4f( 3)
 2S1 2P1 2D1 2P1 4G1 3P  4P  3D  2F 
  3s( 1)  3p( 5)  3d( 1)  4p( 1)  4f( 3)
 2S1 2P1 2D1 2P1 4G1 3P  4P  5P  2F 
  3s( 1)  3p( 5)  3d( 1)  4p( 1)  4f( 3)
 2S1 2P1 2D1 2P1 4G1 3P  4P  5D  2F 
  3s( 1)  3p( 5)  3d( 1)  4p( 1)  4f( 3)
 2S1 2P1 2D1 2P1 4G1 3P  4D  3P  2F 
  3s( 1)  3p( 5)  3d( 1)  4p( 1)  4f( 3)
 2S1 2P1 2D1 2P1 4G1 3P  4D  3D  2F 
  3s( 1)  3p( 5)  3d( 1)  4p( 1)  4f( 3)
 2S1 2P1 2D1 2P1 4G1 3P  4D  3F  2F 
  3s( 1)  3p( 5)  3d( 1)  4p( 1)  4f( 3)
 2S1 2P1 2D1 2P1 4G1 3P  4D  5P  2F 
  3s( 1)  3p( 5)  3d( 1)  4p( 1)  4f( 3)
 2S1 2P1 2D1 2P1 4G1 3P  4D  5D  2F 
  3s( 1)  3p( 5)  3d( 1)  4p( 1)  4f( 3)
 2S1 2P1 2D1 2P1 4G1 3P  4D  5F  2F 
  3s( 1)  3p( 5)  3d( 1)  4p( 1)  4f( 3)
 2S1 2P1 2D1 2P1 4G1 3P  4F  3D  2F 
  3s( 1)  3p( 5)  3d( 1)  4p( 1)  4f( 3)
 2S1 2P1 2D1 2P1 4G1 3P  4F  3F  2F 
  3s( 1)  3p( 5)  3d( 1)  4p( 1)  4f( 3)
 2S1 2P1 2D1 2P1 4G1 3P  4F  3G  2F 
  3s( 1)  3p( 5)  3d( 1)  4p( 1)  4f( 3)
 2S1 2P1 2D1 2P1 4G1 3P  4F  5D  2F 
  3s( 1)  3p( 5)  3d( 1)  4p( 1)  4f( 3)
 2S1 2P1 2D1 2P1 4G1 3P  4F  5F  2F 
  3s( 1)  3p( 5)  3d( 1)  4p( 1)  4f( 3)
 2S1 2P1 2D1 2P1 4G1 3P  4F  5G  2F 
  3s( 1)  3p( 5)  3d( 1)  4p( 1)  4f( 3)
 2S1 2P1 2D1 2P1 4I1 1P  2D  3F  2F 
  3s( 1)  3p( 5)  3d( 1)  4p( 1)  4f( 3)
 2S1 2P1 2D1 2P1 4I1 1P  2F  3F  2F 
  3s( 1)  3p( 5)  3d( 1)  4p( 1)  4f( 3)
 2S1 2P1 2D1 2P1 4I1 1P  2F  3G  2F 
  3s( 1)  3p( 5)  3d( 1)  4p( 1)  4f( 3)
 2S1 2P1 2D1 2P1 4I1 3P  2D  3F  2F 
  3s( 1)  3p( 5)  3d( 1)  4p( 1)  4f( 3)
 2S1 2P1 2D1 2P1 4I1 3P  2F  3F  2F 
  3s( 1)  3p( 5)  3d( 1)  4p( 1)  4f( 3)
 2S1 2P1 2D1 2P1 4I1 3P  2F  3G  2F 
  3s( 1)  3p( 5)  3d( 1)  4p( 1)  4f( 3)
 2S1 2P1 2D1 2P1 4I1 3P  4D  3F  2F 
  3s( 1)  3p( 5)  3d( 1)  4p( 1)  4f( 3)
 2S1 2P1 2D1 2P1 4I1 3P  4D  5F  2F 
  3s( 1)  3p( 5)  3d( 1)  4p( 1)  4f( 3)
 2S1 2P1 2D1 2P1 4I1 3P  4F  3F  2F 
  3s( 1)  3p( 5)  3d( 1)  4p( 1)  4f( 3)
 2S1 2P1 2D1 2P1 4I1 3P  4F  3G  2F 
  3s( 1)  3p( 5)  3d( 1)  4p( 1)  4f( 3)
 2S1 2P1 2D1 2P1 4I1 3P  4F  5F  2F 
  3s( 1)  3p( 5)  3d( 1)  4p( 1)  4f( 3)
 2S1 2P1 2D1 2P1 4I1 3P  4F  5G  2F 
  3s( 1)  3p( 5)  3d( 1)  4f( 4)
 2S1 2P1 2D1 1S1 1P  2F  2F 
  3s( 1)  3p( 5)  3d( 1)  4f( 4)
 2S1 2P1 2D1 1S1 3P  2F  2F 
  3s( 1)  3p( 5)  3d( 1)  4f( 4)
 2S1 2P1 2D1 1S2 1P  2F  2F 
  3s( 1)  3p( 5)  3d( 1)  4f( 4)
 2S1 2P1 2D1 1S2 3P  2F  2F 
  3s( 1)  3p( 5)  3d( 1)  4f( 4)
 2S1 2P1 2D1 1D1 1P  2P  2F 
  3s( 1)  3p( 5)  3d( 1)  4f( 4)
 2S1 2P1 2D1 1D1 1P  2D  2F 
  3s( 1)  3p( 5)  3d( 1)  4f( 4)
 2S1 2P1 2D1 1D1 1P  2F  2F 
  3s( 1)  3p( 5)  3d( 1)  4f( 4)
 2S1 2P1 2D1 1D1 3P  2P  2F 
  3s( 1)  3p( 5)  3d( 1)  4f( 4)
 2S1 2P1 2D1 1D1 3P  2D  2F 
  3s( 1)  3p( 5)  3d( 1)  4f( 4)
 2S1 2P1 2D1 1D1 3P  2F  2F 
  3s( 1)  3p( 5)  3d( 1)  4f( 4)
 2S1 2P1 2D1 1D2 1P  2P  2F 
  3s( 1)  3p( 5)  3d( 1)  4f( 4)
 2S1 2P1 2D1 1D2 1P  2D  2F 
  3s( 1)  3p( 5)  3d( 1)  4f( 4)
 2S1 2P1 2D1 1D2 1P  2F  2F 
  3s( 1)  3p( 5)  3d( 1)  4f( 4)
 2S1 2P1 2D1 1D2 3P  2P  2F 
  3s( 1)  3p( 5)  3d( 1)  4f( 4)
 2S1 2P1 2D1 1D2 3P  2D  2F 
  3s( 1)  3p( 5)  3d( 1)  4f( 4)
 2S1 2P1 2D1 1D2 3P  2F  2F 
  3s( 1)  3p( 5)  3d( 1)  4f( 4)
 2S1 2P1 2D1 1D3 1P  2P  2F 
  3s( 1)  3p( 5)  3d( 1)  4f( 4)
 2S1 2P1 2D1 1D3 1P  2D  2F 
  3s( 1)  3p( 5)  3d( 1)  4f( 4)
 2S1 2P1 2D1 1D3 1P  2F  2F 
  3s( 1)  3p( 5)  3d( 1)  4f( 4)
 2S1 2P1 2D1 1D3 3P  2P  2F 
  3s( 1)  3p( 5)  3d( 1)  4f( 4)
 2S1 2P1 2D1 1D3 3P  2D  2F 
  3s( 1)  3p( 5)  3d( 1)  4f( 4)
 2S1 2P1 2D1 1D3 3P  2F  2F 
  3s( 1)  3p( 5)  3d( 1)  4f( 4)
 2S1 2P1 2D1 1D4 1P  2P  2F 
  3s( 1)  3p( 5)  3d( 1)  4f( 4)
 2S1 2P1 2D1 1D4 1P  2D  2F 
  3s( 1)  3p( 5)  3d( 1)  4f( 4)
 2S1 2P1 2D1 1D4 1P  2F  2F 
  3s( 1)  3p( 5)  3d( 1)  4f( 4)
 2S1 2P1 2D1 1D4 3P  2P  2F 
  3s( 1)  3p( 5)  3d( 1)  4f( 4)
 2S1 2P1 2D1 1D4 3P  2D  2F 
  3s( 1)  3p( 5)  3d( 1)  4f( 4)
 2S1 2P1 2D1 1D4 3P  2F  2F 
  3s( 1)  3p( 5)  3d( 1)  4f( 4)
 2S1 2P1 2D1 1F1 1P  2P  2F 
  3s( 1)  3p( 5)  3d( 1)  4f( 4)
 2S1 2P1 2D1 1F1 1P  2D  2F 
  3s( 1)  3p( 5)  3d( 1)  4f( 4)
 2S1 2P1 2D1 1F1 1P  2F  2F 
  3s( 1)  3p( 5)  3d( 1)  4f( 4)
 2S1 2P1 2D1 1F1 3P  2P  2F 
  3s( 1)  3p( 5)  3d( 1)  4f( 4)
 2S1 2P1 2D1 1F1 3P  2D  2F 
  3s( 1)  3p( 5)  3d( 1)  4f( 4)
 2S1 2P1 2D1 1F1 3P  2F  2F 
  3s( 1)  3p( 5)  3d( 1)  4f( 4)
 2S1 2P1 2D1 1G1 1P  2P  2F 
  3s( 1)  3p( 5)  3d( 1)  4f( 4)
 2S1 2P1 2D1 1G1 1P  2D  2F 
  3s( 1)  3p( 5)  3d( 1)  4f( 4)
 2S1 2P1 2D1 1G1 1P  2F  2F 
  3s( 1)  3p( 5)  3d( 1)  4f( 4)
 2S1 2P1 2D1 1G1 3P  2P  2F 
  3s( 1)  3p( 5)  3d( 1)  4f( 4)
 2S1 2P1 2D1 1G1 3P  2D  2F 
  3s( 1)  3p( 5)  3d( 1)  4f( 4)
 2S1 2P1 2D1 1G1 3P  2F  2F 
  3s( 1)  3p( 5)  3d( 1)  4f( 4)
 2S1 2P1 2D1 1G2 1P  2P  2F 
  3s( 1)  3p( 5)  3d( 1)  4f( 4)
 2S1 2P1 2D1 1G2 1P  2D  2F 
  3s( 1)  3p( 5)  3d( 1)  4f( 4)
 2S1 2P1 2D1 1G2 1P  2F  2F 
  3s( 1)  3p( 5)  3d( 1)  4f( 4)
 2S1 2P1 2D1 1G2 3P  2P  2F 
  3s( 1)  3p( 5)  3d( 1)  4f( 4)
 2S1 2P1 2D1 1G2 3P  2D  2F 
  3s( 1)  3p( 5)  3d( 1)  4f( 4)
 2S1 2P1 2D1 1G2 3P  2F  2F 
  3s( 1)  3p( 5)  3d( 1)  4f( 4)
 2S1 2P1 2D1 1G3 1P  2P  2F 
  3s( 1)  3p( 5)  3d( 1)  4f( 4)
 2S1 2P1 2D1 1G3 1P  2D  2F 
  3s( 1)  3p( 5)  3d( 1)  4f( 4)
 2S1 2P1 2D1 1G3 1P  2F  2F 
  3s( 1)  3p( 5)  3d( 1)  4f( 4)
 2S1 2P1 2D1 1G3 3P  2P  2F 
  3s( 1)  3p( 5)  3d( 1)  4f( 4)
 2S1 2P1 2D1 1G3 3P  2D  2F 
  3s( 1)  3p( 5)  3d( 1)  4f( 4)
 2S1 2P1 2D1 1G3 3P  2F  2F 
  3s( 1)  3p( 5)  3d( 1)  4f( 4)
 2S1 2P1 2D1 1G4 1P  2P  2F 
  3s( 1)  3p( 5)  3d( 1)  4f( 4)
 2S1 2P1 2D1 1G4 1P  2D  2F 
  3s( 1)  3p( 5)  3d( 1)  4f( 4)
 2S1 2P1 2D1 1G4 1P  2F  2F 
  3s( 1)  3p( 5)  3d( 1)  4f( 4)
 2S1 2P1 2D1 1G4 3P  2P  2F 
  3s( 1)  3p( 5)  3d( 1)  4f( 4)
 2S1 2P1 2D1 1G4 3P  2D  2F 
  3s( 1)  3p( 5)  3d( 1)  4f( 4)
 2S1 2P1 2D1 1G4 3P  2F  2F 
  3s( 1)  3p( 5)  3d( 1)  4f( 4)
 2S1 2P1 2D1 1H1 1P  2D  2F 
  3s( 1)  3p( 5)  3d( 1)  4f( 4)
 2S1 2P1 2D1 1H1 1P  2F  2F 
  3s( 1)  3p( 5)  3d( 1)  4f( 4)
 2S1 2P1 2D1 1H1 3P  2D  2F 
  3s( 1)  3p( 5)  3d( 1)  4f( 4)
 2S1 2P1 2D1 1H1 3P  2F  2F 
  3s( 1)  3p( 5)  3d( 1)  4f( 4)
 2S1 2P1 2D1 1H2 1P  2D  2F 
  3s( 1)  3p( 5)  3d( 1)  4f( 4)
 2S1 2P1 2D1 1H2 1P  2F  2F 
  3s( 1)  3p( 5)  3d( 1)  4f( 4)
 2S1 2P1 2D1 1H2 3P  2D  2F 
  3s( 1)  3p( 5)  3d( 1)  4f( 4)
 2S1 2P1 2D1 1H2 3P  2F  2F 
  3s( 1)  3p( 5)  3d( 1)  4f( 4)
 2S1 2P1 2D1 1I1 1P  2F  2F 
  3s( 1)  3p( 5)  3d( 1)  4f( 4)
 2S1 2P1 2D1 1I1 3P  2F  2F 
  3s( 1)  3p( 5)  3d( 1)  4f( 4)
 2S1 2P1 2D1 1I2 1P  2F  2F 
  3s( 1)  3p( 5)  3d( 1)  4f( 4)
 2S1 2P1 2D1 1I2 3P  2F  2F 
  3s( 1)  3p( 5)  3d( 1)  4f( 4)
 2S1 2P1 2D1 1I3 1P  2F  2F 
  3s( 1)  3p( 5)  3d( 1)  4f( 4)
 2S1 2P1 2D1 1I3 3P  2F  2F 
  3s( 1)  3p( 5)  3d( 1)  4f( 4)
 2S1 2P1 2D1 3P1 1P  2D  2F 
  3s( 1)  3p( 5)  3d( 1)  4f( 4)
 2S1 2P1 2D1 3P1 1P  2F  2F 
  3s( 1)  3p( 5)  3d( 1)  4f( 4)
 2S1 2P1 2D1 3P1 3P  2D  2F 
  3s( 1)  3p( 5)  3d( 1)  4f( 4)
 2S1 2P1 2D1 3P1 3P  2F  2F 
  3s( 1)  3p( 5)  3d( 1)  4f( 4)
 2S1 2P1 2D1 3P1 3P  4D  2F 
  3s( 1)  3p( 5)  3d( 1)  4f( 4)
 2S1 2P1 2D1 3P1 3P  4F  2F 
  3s( 1)  3p( 5)  3d( 1)  4f( 4)
 2S1 2P1 2D1 3P2 1P  2D  2F 
  3s( 1)  3p( 5)  3d( 1)  4f( 4)
 2S1 2P1 2D1 3P2 1P  2F  2F 
  3s( 1)  3p( 5)  3d( 1)  4f( 4)
 2S1 2P1 2D1 3P2 3P  2D  2F 
  3s( 1)  3p( 5)  3d( 1)  4f( 4)
 2S1 2P1 2D1 3P2 3P  2F  2F 
  3s( 1)  3p( 5)  3d( 1)  4f( 4)
 2S1 2P1 2D1 3P2 3P  4D  2F 
  3s( 1)  3p( 5)  3d( 1)  4f( 4)
 2S1 2P1 2D1 3P2 3P  4F  2F 
  3s( 1)  3p( 5)  3d( 1)  4f( 4)
 2S1 2P1 2D1 3P3 1P  2D  2F 
  3s( 1)  3p( 5)  3d( 1)  4f( 4)
 2S1 2P1 2D1 3P3 1P  2F  2F 
  3s( 1)  3p( 5)  3d( 1)  4f( 4)
 2S1 2P1 2D1 3P3 3P  2D  2F 
  3s( 1)  3p( 5)  3d( 1)  4f( 4)
 2S1 2P1 2D1 3P3 3P  2F  2F 
  3s( 1)  3p( 5)  3d( 1)  4f( 4)
 2S1 2P1 2D1 3P3 3P  4D  2F 
  3s( 1)  3p( 5)  3d( 1)  4f( 4)
 2S1 2P1 2D1 3P3 3P  4F  2F 
  3s( 1)  3p( 5)  3d( 1)  4f( 4)
 2S1 2P1 2D1 3D1 1P  2P  2F 
  3s( 1)  3p( 5)  3d( 1)  4f( 4)
 2S1 2P1 2D1 3D1 1P  2D  2F 
  3s( 1)  3p( 5)  3d( 1)  4f( 4)
 2S1 2P1 2D1 3D1 1P  2F  2F 
  3s( 1)  3p( 5)  3d( 1)  4f( 4)
 2S1 2P1 2D1 3D1 3P  2P  2F 
  3s( 1)  3p( 5)  3d( 1)  4f( 4)
 2S1 2P1 2D1 3D1 3P  2D  2F 
  3s( 1)  3p( 5)  3d( 1)  4f( 4)
 2S1 2P1 2D1 3D1 3P  2F  2F 
  3s( 1)  3p( 5)  3d( 1)  4f( 4)
 2S1 2P1 2D1 3D1 3P  4P  2F 
  3s( 1)  3p( 5)  3d( 1)  4f( 4)
 2S1 2P1 2D1 3D1 3P  4D  2F 
  3s( 1)  3p( 5)  3d( 1)  4f( 4)
 2S1 2P1 2D1 3D1 3P  4F  2F 
  3s( 1)  3p( 5)  3d( 1)  4f( 4)
 2S1 2P1 2D1 3D2 1P  2P  2F 
  3s( 1)  3p( 5)  3d( 1)  4f( 4)
 2S1 2P1 2D1 3D2 1P  2D  2F 
  3s( 1)  3p( 5)  3d( 1)  4f( 4)
 2S1 2P1 2D1 3D2 1P  2F  2F 
  3s( 1)  3p( 5)  3d( 1)  4f( 4)
 2S1 2P1 2D1 3D2 3P  2P  2F 
  3s( 1)  3p( 5)  3d( 1)  4f( 4)
 2S1 2P1 2D1 3D2 3P  2D  2F 
  3s( 1)  3p( 5)  3d( 1)  4f( 4)
 2S1 2P1 2D1 3D2 3P  2F  2F 
  3s( 1)  3p( 5)  3d( 1)  4f( 4)
 2S1 2P1 2D1 3D2 3P  4P  2F 
  3s( 1)  3p( 5)  3d( 1)  4f( 4)
 2S1 2P1 2D1 3D2 3P  4D  2F 
  3s( 1)  3p( 5)  3d( 1)  4f( 4)
 2S1 2P1 2D1 3D2 3P  4F  2F 
  3s( 1)  3p( 5)  3d( 1)  4f( 4)
 2S1 2P1 2D1 3F1 1P  2P  2F 
  3s( 1)  3p( 5)  3d( 1)  4f( 4)
 2S1 2P1 2D1 3F1 1P  2D  2F 
  3s( 1)  3p( 5)  3d( 1)  4f( 4)
 2S1 2P1 2D1 3F1 1P  2F  2F 
  3s( 1)  3p( 5)  3d( 1)  4f( 4)
 2S1 2P1 2D1 3F1 3P  2P  2F 
  3s( 1)  3p( 5)  3d( 1)  4f( 4)
 2S1 2P1 2D1 3F1 3P  2D  2F 
  3s( 1)  3p( 5)  3d( 1)  4f( 4)
 2S1 2P1 2D1 3F1 3P  2F  2F 
  3s( 1)  3p( 5)  3d( 1)  4f( 4)
 2S1 2P1 2D1 3F1 3P  4P  2F 
  3s( 1)  3p( 5)  3d( 1)  4f( 4)
 2S1 2P1 2D1 3F1 3P  4D  2F 
  3s( 1)  3p( 5)  3d( 1)  4f( 4)
 2S1 2P1 2D1 3F1 3P  4F  2F 
  3s( 1)  3p( 5)  3d( 1)  4f( 4)
 2S1 2P1 2D1 3F2 1P  2P  2F 
  3s( 1)  3p( 5)  3d( 1)  4f( 4)
 2S1 2P1 2D1 3F2 1P  2D  2F 
  3s( 1)  3p( 5)  3d( 1)  4f( 4)
 2S1 2P1 2D1 3F2 1P  2F  2F 
  3s( 1)  3p( 5)  3d( 1)  4f( 4)
 2S1 2P1 2D1 3F2 3P  2P  2F 
  3s( 1)  3p( 5)  3d( 1)  4f( 4)
 2S1 2P1 2D1 3F2 3P  2D  2F 
  3s( 1)  3p( 5)  3d( 1)  4f( 4)
 2S1 2P1 2D1 3F2 3P  2F  2F 
  3s( 1)  3p( 5)  3d( 1)  4f( 4)
 2S1 2P1 2D1 3F2 3P  4P  2F 
  3s( 1)  3p( 5)  3d( 1)  4f( 4)
 2S1 2P1 2D1 3F2 3P  4D  2F 
  3s( 1)  3p( 5)  3d( 1)  4f( 4)
 2S1 2P1 2D1 3F2 3P  4F  2F 
  3s( 1)  3p( 5)  3d( 1)  4f( 4)
 2S1 2P1 2D1 3F3 1P  2P  2F 
  3s( 1)  3p( 5)  3d( 1)  4f( 4)
 2S1 2P1 2D1 3F3 1P  2D  2F 
  3s( 1)  3p( 5)  3d( 1)  4f( 4)
 2S1 2P1 2D1 3F3 1P  2F  2F 
  3s( 1)  3p( 5)  3d( 1)  4f( 4)
 2S1 2P1 2D1 3F3 3P  2P  2F 
  3s( 1)  3p( 5)  3d( 1)  4f( 4)
 2S1 2P1 2D1 3F3 3P  2D  2F 
  3s( 1)  3p( 5)  3d( 1)  4f( 4)
 2S1 2P1 2D1 3F3 3P  2F  2F 
  3s( 1)  3p( 5)  3d( 1)  4f( 4)
 2S1 2P1 2D1 3F3 3P  4P  2F 
  3s( 1)  3p( 5)  3d( 1)  4f( 4)
 2S1 2P1 2D1 3F3 3P  4D  2F 
  3s( 1)  3p( 5)  3d( 1)  4f( 4)
 2S1 2P1 2D1 3F3 3P  4F  2F 
  3s( 1)  3p( 5)  3d( 1)  4f( 4)
 2S1 2P1 2D1 3F4 1P  2P  2F 
  3s( 1)  3p( 5)  3d( 1)  4f( 4)
 2S1 2P1 2D1 3F4 1P  2D  2F 
  3s( 1)  3p( 5)  3d( 1)  4f( 4)
 2S1 2P1 2D1 3F4 1P  2F  2F 
  3s( 1)  3p( 5)  3d( 1)  4f( 4)
 2S1 2P1 2D1 3F4 3P  2P  2F 
  3s( 1)  3p( 5)  3d( 1)  4f( 4)
 2S1 2P1 2D1 3F4 3P  2D  2F 
  3s( 1)  3p( 5)  3d( 1)  4f( 4)
 2S1 2P1 2D1 3F4 3P  2F  2F 
  3s( 1)  3p( 5)  3d( 1)  4f( 4)
 2S1 2P1 2D1 3F4 3P  4P  2F 
  3s( 1)  3p( 5)  3d( 1)  4f( 4)
 2S1 2P1 2D1 3F4 3P  4D  2F 
  3s( 1)  3p( 5)  3d( 1)  4f( 4)
 2S1 2P1 2D1 3F4 3P  4F  2F 
  3s( 1)  3p( 5)  3d( 1)  4f( 4)
 2S1 2P1 2D1 3G1 1P  2P  2F 
  3s( 1)  3p( 5)  3d( 1)  4f( 4)
 2S1 2P1 2D1 3G1 1P  2D  2F 
  3s( 1)  3p( 5)  3d( 1)  4f( 4)
 2S1 2P1 2D1 3G1 1P  2F  2F 
  3s( 1)  3p( 5)  3d( 1)  4f( 4)
 2S1 2P1 2D1 3G1 3P  2P  2F 
  3s( 1)  3p( 5)  3d( 1)  4f( 4)
 2S1 2P1 2D1 3G1 3P  2D  2F 
  3s( 1)  3p( 5)  3d( 1)  4f( 4)
 2S1 2P1 2D1 3G1 3P  2F  2F 
  3s( 1)  3p( 5)  3d( 1)  4f( 4)
 2S1 2P1 2D1 3G1 3P  4P  2F 
  3s( 1)  3p( 5)  3d( 1)  4f( 4)
 2S1 2P1 2D1 3G1 3P  4D  2F 
  3s( 1)  3p( 5)  3d( 1)  4f( 4)
 2S1 2P1 2D1 3G1 3P  4F  2F 
  3s( 1)  3p( 5)  3d( 1)  4f( 4)
 2S1 2P1 2D1 3G2 1P  2P  2F 
  3s( 1)  3p( 5)  3d( 1)  4f( 4)
 2S1 2P1 2D1 3G2 1P  2D  2F 
  3s( 1)  3p( 5)  3d( 1)  4f( 4)
 2S1 2P1 2D1 3G2 1P  2F  2F 
  3s( 1)  3p( 5)  3d( 1)  4f( 4)
 2S1 2P1 2D1 3G2 3P  2P  2F 
  3s( 1)  3p( 5)  3d( 1)  4f( 4)
 2S1 2P1 2D1 3G2 3P  2D  2F 
  3s( 1)  3p( 5)  3d( 1)  4f( 4)
 2S1 2P1 2D1 3G2 3P  2F  2F 
  3s( 1)  3p( 5)  3d( 1)  4f( 4)
 2S1 2P1 2D1 3G2 3P  4P  2F 
  3s( 1)  3p( 5)  3d( 1)  4f( 4)
 2S1 2P1 2D1 3G2 3P  4D  2F 
  3s( 1)  3p( 5)  3d( 1)  4f( 4)
 2S1 2P1 2D1 3G2 3P  4F  2F 
  3s( 1)  3p( 5)  3d( 1)  4f( 4)
 2S1 2P1 2D1 3G3 1P  2P  2F 
  3s( 1)  3p( 5)  3d( 1)  4f( 4)
 2S1 2P1 2D1 3G3 1P  2D  2F 
  3s( 1)  3p( 5)  3d( 1)  4f( 4)
 2S1 2P1 2D1 3G3 1P  2F  2F 
  3s( 1)  3p( 5)  3d( 1)  4f( 4)
 2S1 2P1 2D1 3G3 3P  2P  2F 
  3s( 1)  3p( 5)  3d( 1)  4f( 4)
 2S1 2P1 2D1 3G3 3P  2D  2F 
  3s( 1)  3p( 5)  3d( 1)  4f( 4)
 2S1 2P1 2D1 3G3 3P  2F  2F 
  3s( 1)  3p( 5)  3d( 1)  4f( 4)
 2S1 2P1 2D1 3G3 3P  4P  2F 
  3s( 1)  3p( 5)  3d( 1)  4f( 4)
 2S1 2P1 2D1 3G3 3P  4D  2F 
  3s( 1)  3p( 5)  3d( 1)  4f( 4)
 2S1 2P1 2D1 3G3 3P  4F  2F 
  3s( 1)  3p( 5)  3d( 1)  4f( 4)
 2S1 2P1 2D1 3H1 1P  2D  2F 
  3s( 1)  3p( 5)  3d( 1)  4f( 4)
 2S1 2P1 2D1 3H1 1P  2F  2F 
  3s( 1)  3p( 5)  3d( 1)  4f( 4)
 2S1 2P1 2D1 3H1 3P  2D  2F 
  3s( 1)  3p( 5)  3d( 1)  4f( 4)
 2S1 2P1 2D1 3H1 3P  2F  2F 
  3s( 1)  3p( 5)  3d( 1)  4f( 4)
 2S1 2P1 2D1 3H1 3P  4D  2F 
  3s( 1)  3p( 5)  3d( 1)  4f( 4)
 2S1 2P1 2D1 3H1 3P  4F  2F 
  3s( 1)  3p( 5)  3d( 1)  4f( 4)
 2S1 2P1 2D1 3H2 1P  2D  2F 
  3s( 1)  3p( 5)  3d( 1)  4f( 4)
 2S1 2P1 2D1 3H2 1P  2F  2F 
  3s( 1)  3p( 5)  3d( 1)  4f( 4)
 2S1 2P1 2D1 3H2 3P  2D  2F 
  3s( 1)  3p( 5)  3d( 1)  4f( 4)
 2S1 2P1 2D1 3H2 3P  2F  2F 
  3s( 1)  3p( 5)  3d( 1)  4f( 4)
 2S1 2P1 2D1 3H2 3P  4D  2F 
  3s( 1)  3p( 5)  3d( 1)  4f( 4)
 2S1 2P1 2D1 3H2 3P  4F  2F 
  3s( 1)  3p( 5)  3d( 1)  4f( 4)
 2S1 2P1 2D1 3H3 1P  2D  2F 
  3s( 1)  3p( 5)  3d( 1)  4f( 4)
 2S1 2P1 2D1 3H3 1P  2F  2F 
  3s( 1)  3p( 5)  3d( 1)  4f( 4)
 2S1 2P1 2D1 3H3 3P  2D  2F 
  3s( 1)  3p( 5)  3d( 1)  4f( 4)
 2S1 2P1 2D1 3H3 3P  2F  2F 
  3s( 1)  3p( 5)  3d( 1)  4f( 4)
 2S1 2P1 2D1 3H3 3P  4D  2F 
  3s( 1)  3p( 5)  3d( 1)  4f( 4)
 2S1 2P1 2D1 3H3 3P  4F  2F 
  3s( 1)  3p( 5)  3d( 1)  4f( 4)
 2S1 2P1 2D1 3H4 1P  2D  2F 
  3s( 1)  3p( 5)  3d( 1)  4f( 4)
 2S1 2P1 2D1 3H4 1P  2F  2F 
  3s( 1)  3p( 5)  3d( 1)  4f( 4)
 2S1 2P1 2D1 3H4 3P  2D  2F 
  3s( 1)  3p( 5)  3d( 1)  4f( 4)
 2S1 2P1 2D1 3H4 3P  2F  2F 
  3s( 1)  3p( 5)  3d( 1)  4f( 4)
 2S1 2P1 2D1 3H4 3P  4D  2F 
  3s( 1)  3p( 5)  3d( 1)  4f( 4)
 2S1 2P1 2D1 3H4 3P  4F  2F 
  3s( 1)  3p( 5)  3d( 1)  4f( 4)
 2S1 2P1 2D1 3I1 1P  2F  2F 
  3s( 1)  3p( 5)  3d( 1)  4f( 4)
 2S1 2P1 2D1 3I1 3P  2F  2F 
  3s( 1)  3p( 5)  3d( 1)  4f( 4)
 2S1 2P1 2D1 3I1 3P  4F  2F 
  3s( 1)  3p( 5)  3d( 1)  4f( 4)
 2S1 2P1 2D1 3I2 1P  2F  2F 
  3s( 1)  3p( 5)  3d( 1)  4f( 4)
 2S1 2P1 2D1 3I2 3P  2F  2F 
  3s( 1)  3p( 5)  3d( 1)  4f( 4)
 2S1 2P1 2D1 3I2 3P  4F  2F 
  3s( 1)  3p( 5)  3d( 1)  4f( 4)
 2S1 2P1 2D1 5S0 3P  4F  2F 
  3s( 1)  3p( 5)  3d( 1)  4f( 4)
 2S1 2P1 2D1 5D1 3P  4P  2F 
  3s( 1)  3p( 5)  3d( 1)  4f( 4)
 2S1 2P1 2D1 5D1 3P  4D  2F 
  3s( 1)  3p( 5)  3d( 1)  4f( 4)
 2S1 2P1 2D1 5D1 3P  4F  2F 
  3s( 1)  3p( 5)  3d( 1)  4f( 4)
 2S1 2P1 2D1 5F1 3P  4P  2F 
  3s( 1)  3p( 5)  3d( 1)  4f( 4)
 2S1 2P1 2D1 5F1 3P  4D  2F 
  3s( 1)  3p( 5)  3d( 1)  4f( 4)
 2S1 2P1 2D1 5F1 3P  4F  2F 
  3s( 1)  3p( 5)  3d( 1)  4f( 4)
 2S1 2P1 2D1 5G1 3P  4P  2F 
  3s( 1)  3p( 5)  3d( 1)  4f( 4)
 2S1 2P1 2D1 5G1 3P  4D  2F 
  3s( 1)  3p( 5)  3d( 1)  4f( 4)
 2S1 2P1 2D1 5G1 3P  4F  2F 
  3s( 1)  3p( 5)  3d( 1)  4f( 4)
 2S1 2P1 2D1 5I1 3P  4F  2F 
  3s( 1)  3p( 5)  4s( 1)  4p( 1)  4f( 3)
 2S1 2P1 2S1 2P1 2P1 1P  2P  1D  2F 
  3s( 1)  3p( 5)  4s( 1)  4p( 1)  4f( 3)
 2S1 2P1 2S1 2P1 2P1 1P  2P  3D  2F 
  3s( 1)  3p( 5)  4s( 1)  4p( 1)  4f( 3)
 2S1 2P1 2S1 2P1 2P1 3P  2P  1D  2F 
  3s( 1)  3p( 5)  4s( 1)  4p( 1)  4f( 3)
 2S1 2P1 2S1 2P1 2P1 3P  2P  3D  2F 
  3s( 1)  3p( 5)  4s( 1)  4p( 1)  4f( 3)
 2S1 2P1 2S1 2P1 2P1 3P  4P  3D  2F 
  3s( 1)  3p( 5)  4s( 1)  4p( 1)  4f( 3)
 2S1 2P1 2S1 2P1 2D1 1P  2P  1P  2F 
  3s( 1)  3p( 5)  4s( 1)  4p( 1)  4f( 3)
 2S1 2P1 2S1 2P1 2D1 1P  2P  1D  2F 
  3s( 1)  3p( 5)  4s( 1)  4p( 1)  4f( 3)
 2S1 2P1 2S1 2P1 2D1 1P  2P  3P  2F 
  3s( 1)  3p( 5)  4s( 1)  4p( 1)  4f( 3)
 2S1 2P1 2S1 2P1 2D1 1P  2P  3D  2F 
  3s( 1)  3p( 5)  4s( 1)  4p( 1)  4f( 3)
 2S1 2P1 2S1 2P1 2D1 3P  2P  1P  2F 
  3s( 1)  3p( 5)  4s( 1)  4p( 1)  4f( 3)
 2S1 2P1 2S1 2P1 2D1 3P  2P  1D  2F 
  3s( 1)  3p( 5)  4s( 1)  4p( 1)  4f( 3)
 2S1 2P1 2S1 2P1 2D1 3P  2P  3P  2F 
  3s( 1)  3p( 5)  4s( 1)  4p( 1)  4f( 3)
 2S1 2P1 2S1 2P1 2D1 3P  2P  3D  2F 
  3s( 1)  3p( 5)  4s( 1)  4p( 1)  4f( 3)
 2S1 2P1 2S1 2P1 2D1 3P  4P  3P  2F 
  3s( 1)  3p( 5)  4s( 1)  4p( 1)  4f( 3)
 2S1 2P1 2S1 2P1 2D1 3P  4P  3D  2F 
  3s( 1)  3p( 5)  4s( 1)  4p( 1)  4f( 3)
 2S1 2P1 2S1 2P1 2D2 1P  2P  1P  2F 
  3s( 1)  3p( 5)  4s( 1)  4p( 1)  4f( 3)
 2S1 2P1 2S1 2P1 2D2 1P  2P  1D  2F 
  3s( 1)  3p( 5)  4s( 1)  4p( 1)  4f( 3)
 2S1 2P1 2S1 2P1 2D2 1P  2P  3P  2F 
  3s( 1)  3p( 5)  4s( 1)  4p( 1)  4f( 3)
 2S1 2P1 2S1 2P1 2D2 1P  2P  3D  2F 
  3s( 1)  3p( 5)  4s( 1)  4p( 1)  4f( 3)
 2S1 2P1 2S1 2P1 2D2 3P  2P  1P  2F 
  3s( 1)  3p( 5)  4s( 1)  4p( 1)  4f( 3)
 2S1 2P1 2S1 2P1 2D2 3P  2P  1D  2F 
  3s( 1)  3p( 5)  4s( 1)  4p( 1)  4f( 3)
 2S1 2P1 2S1 2P1 2D2 3P  2P  3P  2F 
  3s( 1)  3p( 5)  4s( 1)  4p( 1)  4f( 3)
 2S1 2P1 2S1 2P1 2D2 3P  2P  3D  2F 
  3s( 1)  3p( 5)  4s( 1)  4p( 1)  4f( 3)
 2S1 2P1 2S1 2P1 2D2 3P  4P  3P  2F 
  3s( 1)  3p( 5)  4s( 1)  4p( 1)  4f( 3)
 2S1 2P1 2S1 2P1 2D2 3P  4P  3D  2F 
  3s( 1)  3p( 5)  4s( 1)  4p( 1)  4f( 3)
 2S1 2P1 2S1 2P1 2F1 1P  2P  1S  2F 
  3s( 1)  3p( 5)  4s( 1)  4p( 1)  4f( 3)
 2S1 2P1 2S1 2P1 2F1 1P  2P  1P  2F 
  3s( 1)  3p( 5)  4s( 1)  4p( 1)  4f( 3)
 2S1 2P1 2S1 2P1 2F1 1P  2P  1D  2F 
  3s( 1)  3p( 5)  4s( 1)  4p( 1)  4f( 3)
 2S1 2P1 2S1 2P1 2F1 1P  2P  3S  2F 
  3s( 1)  3p( 5)  4s( 1)  4p( 1)  4f( 3)
 2S1 2P1 2S1 2P1 2F1 1P  2P  3P  2F 
  3s( 1)  3p( 5)  4s( 1)  4p( 1)  4f( 3)
 2S1 2P1 2S1 2P1 2F1 1P  2P  3D  2F 
  3s( 1)  3p( 5)  4s( 1)  4p( 1)  4f( 3)
 2S1 2P1 2S1 2P1 2F1 3P  2P  1S  2F 
  3s( 1)  3p( 5)  4s( 1)  4p( 1)  4f( 3)
 2S1 2P1 2S1 2P1 2F1 3P  2P  1P  2F 
  3s( 1)  3p( 5)  4s( 1)  4p( 1)  4f( 3)
 2S1 2P1 2S1 2P1 2F1 3P  2P  1D  2F 
  3s( 1)  3p( 5)  4s( 1)  4p( 1)  4f( 3)
 2S1 2P1 2S1 2P1 2F1 3P  2P  3S  2F 
  3s( 1)  3p( 5)  4s( 1)  4p( 1)  4f( 3)
 2S1 2P1 2S1 2P1 2F1 3P  2P  3P  2F 
  3s( 1)  3p( 5)  4s( 1)  4p( 1)  4f( 3)
 2S1 2P1 2S1 2P1 2F1 3P  2P  3D  2F 
  3s( 1)  3p( 5)  4s( 1)  4p( 1)  4f( 3)
 2S1 2P1 2S1 2P1 2F1 3P  4P  3S  2F 
  3s( 1)  3p( 5)  4s( 1)  4p( 1)  4f( 3)
 2S1 2P1 2S1 2P1 2F1 3P  4P  3P  2F 
  3s( 1)  3p( 5)  4s( 1)  4p( 1)  4f( 3)
 2S1 2P1 2S1 2P1 2F1 3P  4P  3D  2F 
  3s( 1)  3p( 5)  4s( 1)  4p( 1)  4f( 3)
 2S1 2P1 2S1 2P1 2F2 1P  2P  1S  2F 
  3s( 1)  3p( 5)  4s( 1)  4p( 1)  4f( 3)
 2S1 2P1 2S1 2P1 2F2 1P  2P  1P  2F 
  3s( 1)  3p( 5)  4s( 1)  4p( 1)  4f( 3)
 2S1 2P1 2S1 2P1 2F2 1P  2P  1D  2F 
  3s( 1)  3p( 5)  4s( 1)  4p( 1)  4f( 3)
 2S1 2P1 2S1 2P1 2F2 1P  2P  3S  2F 
  3s( 1)  3p( 5)  4s( 1)  4p( 1)  4f( 3)
 2S1 2P1 2S1 2P1 2F2 1P  2P  3P  2F 
  3s( 1)  3p( 5)  4s( 1)  4p( 1)  4f( 3)
 2S1 2P1 2S1 2P1 2F2 1P  2P  3D  2F 
  3s( 1)  3p( 5)  4s( 1)  4p( 1)  4f( 3)
 2S1 2P1 2S1 2P1 2F2 3P  2P  1S  2F 
  3s( 1)  3p( 5)  4s( 1)  4p( 1)  4f( 3)
 2S1 2P1 2S1 2P1 2F2 3P  2P  1P  2F 
  3s( 1)  3p( 5)  4s( 1)  4p( 1)  4f( 3)
 2S1 2P1 2S1 2P1 2F2 3P  2P  1D  2F 
  3s( 1)  3p( 5)  4s( 1)  4p( 1)  4f( 3)
 2S1 2P1 2S1 2P1 2F2 3P  2P  3S  2F 
  3s( 1)  3p( 5)  4s( 1)  4p( 1)  4f( 3)
 2S1 2P1 2S1 2P1 2F2 3P  2P  3P  2F 
  3s( 1)  3p( 5)  4s( 1)  4p( 1)  4f( 3)
 2S1 2P1 2S1 2P1 2F2 3P  2P  3D  2F 
  3s( 1)  3p( 5)  4s( 1)  4p( 1)  4f( 3)
 2S1 2P1 2S1 2P1 2F2 3P  4P  3S  2F 
  3s( 1)  3p( 5)  4s( 1)  4p( 1)  4f( 3)
 2S1 2P1 2S1 2P1 2F2 3P  4P  3P  2F 
  3s( 1)  3p( 5)  4s( 1)  4p( 1)  4f( 3)
 2S1 2P1 2S1 2P1 2F2 3P  4P  3D  2F 
  3s( 1)  3p( 5)  4s( 1)  4p( 1)  4f( 3)
 2S1 2P1 2S1 2P1 2G1 1P  2P  1P  2F 
  3s( 1)  3p( 5)  4s( 1)  4p( 1)  4f( 3)
 2S1 2P1 2S1 2P1 2G1 1P  2P  1D  2F 
  3s( 1)  3p( 5)  4s( 1)  4p( 1)  4f( 3)
 2S1 2P1 2S1 2P1 2G1 1P  2P  3P  2F 
  3s( 1)  3p( 5)  4s( 1)  4p( 1)  4f( 3)
 2S1 2P1 2S1 2P1 2G1 1P  2P  3D  2F 
  3s( 1)  3p( 5)  4s( 1)  4p( 1)  4f( 3)
 2S1 2P1 2S1 2P1 2G1 3P  2P  1P  2F 
  3s( 1)  3p( 5)  4s( 1)  4p( 1)  4f( 3)
 2S1 2P1 2S1 2P1 2G1 3P  2P  1D  2F 
  3s( 1)  3p( 5)  4s( 1)  4p( 1)  4f( 3)
 2S1 2P1 2S1 2P1 2G1 3P  2P  3P  2F 
  3s( 1)  3p( 5)  4s( 1)  4p( 1)  4f( 3)
 2S1 2P1 2S1 2P1 2G1 3P  2P  3D  2F 
  3s( 1)  3p( 5)  4s( 1)  4p( 1)  4f( 3)
 2S1 2P1 2S1 2P1 2G1 3P  4P  3P  2F 
  3s( 1)  3p( 5)  4s( 1)  4p( 1)  4f( 3)
 2S1 2P1 2S1 2P1 2G1 3P  4P  3D  2F 
  3s( 1)  3p( 5)  4s( 1)  4p( 1)  4f( 3)
 2S1 2P1 2S1 2P1 2G2 1P  2P  1P  2F 
  3s( 1)  3p( 5)  4s( 1)  4p( 1)  4f( 3)
 2S1 2P1 2S1 2P1 2G2 1P  2P  1D  2F 
  3s( 1)  3p( 5)  4s( 1)  4p( 1)  4f( 3)
 2S1 2P1 2S1 2P1 2G2 1P  2P  3P  2F 
  3s( 1)  3p( 5)  4s( 1)  4p( 1)  4f( 3)
 2S1 2P1 2S1 2P1 2G2 1P  2P  3D  2F 
  3s( 1)  3p( 5)  4s( 1)  4p( 1)  4f( 3)
 2S1 2P1 2S1 2P1 2G2 3P  2P  1P  2F 
  3s( 1)  3p( 5)  4s( 1)  4p( 1)  4f( 3)
 2S1 2P1 2S1 2P1 2G2 3P  2P  1D  2F 
  3s( 1)  3p( 5)  4s( 1)  4p( 1)  4f( 3)
 2S1 2P1 2S1 2P1 2G2 3P  2P  3P  2F 
  3s( 1)  3p( 5)  4s( 1)  4p( 1)  4f( 3)
 2S1 2P1 2S1 2P1 2G2 3P  2P  3D  2F 
  3s( 1)  3p( 5)  4s( 1)  4p( 1)  4f( 3)
 2S1 2P1 2S1 2P1 2G2 3P  4P  3P  2F 
  3s( 1)  3p( 5)  4s( 1)  4p( 1)  4f( 3)
 2S1 2P1 2S1 2P1 2G2 3P  4P  3D  2F 
  3s( 1)  3p( 5)  4s( 1)  4p( 1)  4f( 3)
 2S1 2P1 2S1 2P1 2H1 1P  2P  1D  2F 
  3s( 1)  3p( 5)  4s( 1)  4p( 1)  4f( 3)
 2S1 2P1 2S1 2P1 2H1 1P  2P  3D  2F 
  3s( 1)  3p( 5)  4s( 1)  4p( 1)  4f( 3)
 2S1 2P1 2S1 2P1 2H1 3P  2P  1D  2F 
  3s( 1)  3p( 5)  4s( 1)  4p( 1)  4f( 3)
 2S1 2P1 2S1 2P1 2H1 3P  2P  3D  2F 
  3s( 1)  3p( 5)  4s( 1)  4p( 1)  4f( 3)
 2S1 2P1 2S1 2P1 2H1 3P  4P  3D  2F 
  3s( 1)  3p( 5)  4s( 1)  4p( 1)  4f( 3)
 2S1 2P1 2S1 2P1 2H2 1P  2P  1D  2F 
  3s( 1)  3p( 5)  4s( 1)  4p( 1)  4f( 3)
 2S1 2P1 2S1 2P1 2H2 1P  2P  3D  2F 
  3s( 1)  3p( 5)  4s( 1)  4p( 1)  4f( 3)
 2S1 2P1 2S1 2P1 2H2 3P  2P  1D  2F 
  3s( 1)  3p( 5)  4s( 1)  4p( 1)  4f( 3)
 2S1 2P1 2S1 2P1 2H2 3P  2P  3D  2F 
  3s( 1)  3p( 5)  4s( 1)  4p( 1)  4f( 3)
 2S1 2P1 2S1 2P1 2H2 3P  4P  3D  2F 
  3s( 1)  3p( 5)  4s( 1)  4p( 1)  4f( 3)
 2S1 2P1 2S1 2P1 4D1 1P  2P  3P  2F 
  3s( 1)  3p( 5)  4s( 1)  4p( 1)  4f( 3)
 2S1 2P1 2S1 2P1 4D1 1P  2P  3D  2F 
  3s( 1)  3p( 5)  4s( 1)  4p( 1)  4f( 3)
 2S1 2P1 2S1 2P1 4D1 3P  2P  3P  2F 
  3s( 1)  3p( 5)  4s( 1)  4p( 1)  4f( 3)
 2S1 2P1 2S1 2P1 4D1 3P  2P  3D  2F 
  3s( 1)  3p( 5)  4s( 1)  4p( 1)  4f( 3)
 2S1 2P1 2S1 2P1 4D1 3P  4P  3P  2F 
  3s( 1)  3p( 5)  4s( 1)  4p( 1)  4f( 3)
 2S1 2P1 2S1 2P1 4D1 3P  4P  3D  2F 
  3s( 1)  3p( 5)  4s( 1)  4p( 1)  4f( 3)
 2S1 2P1 2S1 2P1 4D1 3P  4P  5P  2F 
  3s( 1)  3p( 5)  4s( 1)  4p( 1)  4f( 3)
 2S1 2P1 2S1 2P1 4D1 3P  4P  5D  2F 
  3s( 1)  3p( 5)  4s( 1)  4p( 1)  4f( 3)
 2S1 2P1 2S1 2P1 4F1 1P  2P  3S  2F 
  3s( 1)  3p( 5)  4s( 1)  4p( 1)  4f( 3)
 2S1 2P1 2S1 2P1 4F1 1P  2P  3P  2F 
  3s( 1)  3p( 5)  4s( 1)  4p( 1)  4f( 3)
 2S1 2P1 2S1 2P1 4F1 1P  2P  3D  2F 
  3s( 1)  3p( 5)  4s( 1)  4p( 1)  4f( 3)
 2S1 2P1 2S1 2P1 4F1 3P  2P  3S  2F 
  3s( 1)  3p( 5)  4s( 1)  4p( 1)  4f( 3)
 2S1 2P1 2S1 2P1 4F1 3P  2P  3P  2F 
  3s( 1)  3p( 5)  4s( 1)  4p( 1)  4f( 3)
 2S1 2P1 2S1 2P1 4F1 3P  2P  3D  2F 
  3s( 1)  3p( 5)  4s( 1)  4p( 1)  4f( 3)
 2S1 2P1 2S1 2P1 4F1 3P  4P  3S  2F 
  3s( 1)  3p( 5)  4s( 1)  4p( 1)  4f( 3)
 2S1 2P1 2S1 2P1 4F1 3P  4P  3P  2F 
  3s( 1)  3p( 5)  4s( 1)  4p( 1)  4f( 3)
 2S1 2P1 2S1 2P1 4F1 3P  4P  3D  2F 
  3s( 1)  3p( 5)  4s( 1)  4p( 1)  4f( 3)
 2S1 2P1 2S1 2P1 4F1 3P  4P  5S  2F 
  3s( 1)  3p( 5)  4s( 1)  4p( 1)  4f( 3)
 2S1 2P1 2S1 2P1 4F1 3P  4P  5P  2F 
  3s( 1)  3p( 5)  4s( 1)  4p( 1)  4f( 3)
 2S1 2P1 2S1 2P1 4F1 3P  4P  5D  2F 
  3s( 1)  3p( 5)  4s( 1)  4p( 1)  4f( 3)
 2S1 2P1 2S1 2P1 4G1 1P  2P  3P  2F 
  3s( 1)  3p( 5)  4s( 1)  4p( 1)  4f( 3)
 2S1 2P1 2S1 2P1 4G1 1P  2P  3D  2F 
  3s( 1)  3p( 5)  4s( 1)  4p( 1)  4f( 3)
 2S1 2P1 2S1 2P1 4G1 3P  2P  3P  2F 
  3s( 1)  3p( 5)  4s( 1)  4p( 1)  4f( 3)
 2S1 2P1 2S1 2P1 4G1 3P  2P  3D  2F 
  3s( 1)  3p( 5)  4s( 1)  4p( 1)  4f( 3)
 2S1 2P1 2S1 2P1 4G1 3P  4P  3P  2F 
  3s( 1)  3p( 5)  4s( 1)  4p( 1)  4f( 3)
 2S1 2P1 2S1 2P1 4G1 3P  4P  3D  2F 
  3s( 1)  3p( 5)  4s( 1)  4p( 1)  4f( 3)
 2S1 2P1 2S1 2P1 4G1 3P  4P  5P  2F 
  3s( 1)  3p( 5)  4s( 1)  4p( 1)  4f( 3)
 2S1 2P1 2S1 2P1 4G1 3P  4P  5D  2F 
  3s( 1)  3p( 5)  4s( 1)  4f( 4)
 2S1 2P1 2S1 1D1 1P  2P  2F 
  3s( 1)  3p( 5)  4s( 1)  4f( 4)
 2S1 2P1 2S1 1D1 3P  2P  2F 
  3s( 1)  3p( 5)  4s( 1)  4f( 4)
 2S1 2P1 2S1 1D2 1P  2P  2F 
  3s( 1)  3p( 5)  4s( 1)  4f( 4)
 2S1 2P1 2S1 1D2 3P  2P  2F 
  3s( 1)  3p( 5)  4s( 1)  4f( 4)
 2S1 2P1 2S1 1D3 1P  2P  2F 
  3s( 1)  3p( 5)  4s( 1)  4f( 4)
 2S1 2P1 2S1 1D3 3P  2P  2F 
  3s( 1)  3p( 5)  4s( 1)  4f( 4)
 2S1 2P1 2S1 1D4 1P  2P  2F 
  3s( 1)  3p( 5)  4s( 1)  4f( 4)
 2S1 2P1 2S1 1D4 3P  2P  2F 
  3s( 1)  3p( 5)  4s( 1)  4f( 4)
 2S1 2P1 2S1 1F1 1P  2P  2F 
  3s( 1)  3p( 5)  4s( 1)  4f( 4)
 2S1 2P1 2S1 1F1 3P  2P  2F 
  3s( 1)  3p( 5)  4s( 1)  4f( 4)
 2S1 2P1 2S1 1G1 1P  2P  2F 
  3s( 1)  3p( 5)  4s( 1)  4f( 4)
 2S1 2P1 2S1 1G1 3P  2P  2F 
  3s( 1)  3p( 5)  4s( 1)  4f( 4)
 2S1 2P1 2S1 1G2 1P  2P  2F 
  3s( 1)  3p( 5)  4s( 1)  4f( 4)
 2S1 2P1 2S1 1G2 3P  2P  2F 
  3s( 1)  3p( 5)  4s( 1)  4f( 4)
 2S1 2P1 2S1 1G3 1P  2P  2F 
  3s( 1)  3p( 5)  4s( 1)  4f( 4)
 2S1 2P1 2S1 1G3 3P  2P  2F 
  3s( 1)  3p( 5)  4s( 1)  4f( 4)
 2S1 2P1 2S1 1G4 1P  2P  2F 
  3s( 1)  3p( 5)  4s( 1)  4f( 4)
 2S1 2P1 2S1 1G4 3P  2P  2F 
  3s( 1)  3p( 5)  4s( 1)  4f( 4)
 2S1 2P1 2S1 3D1 1P  2P  2F 
  3s( 1)  3p( 5)  4s( 1)  4f( 4)
 2S1 2P1 2S1 3D1 3P  2P  2F 
  3s( 1)  3p( 5)  4s( 1)  4f( 4)
 2S1 2P1 2S1 3D1 3P  4P  2F 
  3s( 1)  3p( 5)  4s( 1)  4f( 4)
 2S1 2P1 2S1 3D2 1P  2P  2F 
  3s( 1)  3p( 5)  4s( 1)  4f( 4)
 2S1 2P1 2S1 3D2 3P  2P  2F 
  3s( 1)  3p( 5)  4s( 1)  4f( 4)
 2S1 2P1 2S1 3D2 3P  4P  2F 
  3s( 1)  3p( 5)  4s( 1)  4f( 4)
 2S1 2P1 2S1 3F1 1P  2P  2F 
  3s( 1)  3p( 5)  4s( 1)  4f( 4)
 2S1 2P1 2S1 3F1 3P  2P  2F 
  3s( 1)  3p( 5)  4s( 1)  4f( 4)
 2S1 2P1 2S1 3F1 3P  4P  2F 
  3s( 1)  3p( 5)  4s( 1)  4f( 4)
 2S1 2P1 2S1 3F2 1P  2P  2F 
  3s( 1)  3p( 5)  4s( 1)  4f( 4)
 2S1 2P1 2S1 3F2 3P  2P  2F 
  3s( 1)  3p( 5)  4s( 1)  4f( 4)
 2S1 2P1 2S1 3F2 3P  4P  2F 
  3s( 1)  3p( 5)  4s( 1)  4f( 4)
 2S1 2P1 2S1 3F3 1P  2P  2F 
  3s( 1)  3p( 5)  4s( 1)  4f( 4)
 2S1 2P1 2S1 3F3 3P  2P  2F 
  3s( 1)  3p( 5)  4s( 1)  4f( 4)
 2S1 2P1 2S1 3F3 3P  4P  2F 
  3s( 1)  3p( 5)  4s( 1)  4f( 4)
 2S1 2P1 2S1 3F4 1P  2P  2F 
  3s( 1)  3p( 5)  4s( 1)  4f( 4)
 2S1 2P1 2S1 3F4 3P  2P  2F 
  3s( 1)  3p( 5)  4s( 1)  4f( 4)
 2S1 2P1 2S1 3F4 3P  4P  2F 
  3s( 1)  3p( 5)  4s( 1)  4f( 4)
 2S1 2P1 2S1 3G1 1P  2P  2F 
  3s( 1)  3p( 5)  4s( 1)  4f( 4)
 2S1 2P1 2S1 3G1 3P  2P  2F 
  3s( 1)  3p( 5)  4s( 1)  4f( 4)
 2S1 2P1 2S1 3G1 3P  4P  2F 
  3s( 1)  3p( 5)  4s( 1)  4f( 4)
 2S1 2P1 2S1 3G2 1P  2P  2F 
  3s( 1)  3p( 5)  4s( 1)  4f( 4)
 2S1 2P1 2S1 3G2 3P  2P  2F 
  3s( 1)  3p( 5)  4s( 1)  4f( 4)
 2S1 2P1 2S1 3G2 3P  4P  2F 
  3s( 1)  3p( 5)  4s( 1)  4f( 4)
 2S1 2P1 2S1 3G3 1P  2P  2F 
  3s( 1)  3p( 5)  4s( 1)  4f( 4)
 2S1 2P1 2S1 3G3 3P  2P  2F 
  3s( 1)  3p( 5)  4s( 1)  4f( 4)
 2S1 2P1 2S1 3G3 3P  4P  2F 
  3s( 1)  3p( 5)  4s( 1)  4f( 4)
 2S1 2P1 2S1 5D1 3P  4P  2F 
  3s( 1)  3p( 5)  4s( 1)  4f( 4)
 2S1 2P1 2S1 5F1 3P  4P  2F 
  3s( 1)  3p( 5)  4s( 1)  4f( 4)
 2S1 2P1 2S1 5G1 3P  4P  2F 
  3s( 1)  3p( 5)  4p( 1)  4d( 1)  4f( 3)
 2S1 2P1 2P1 2D1 2P1 1P  2S  1D  2F 
  3s( 1)  3p( 5)  4p( 1)  4d( 1)  4f( 3)
 2S1 2P1 2P1 2D1 2P1 1P  2S  3D  2F 
  3s( 1)  3p( 5)  4p( 1)  4d( 1)  4f( 3)
 2S1 2P1 2P1 2D1 2P1 1P  2P  1D  2F 
  3s( 1)  3p( 5)  4p( 1)  4d( 1)  4f( 3)
 2S1 2P1 2P1 2D1 2P1 1P  2P  1F  2F 
  3s( 1)  3p( 5)  4p( 1)  4d( 1)  4f( 3)
 2S1 2P1 2P1 2D1 2P1 1P  2P  3D  2F 
  3s( 1)  3p( 5)  4p( 1)  4d( 1)  4f( 3)
 2S1 2P1 2P1 2D1 2P1 1P  2P  3F  2F 
  3s( 1)  3p( 5)  4p( 1)  4d( 1)  4f( 3)
 2S1 2P1 2P1 2D1 2P1 1P  2D  1D  2F 
  3s( 1)  3p( 5)  4p( 1)  4d( 1)  4f( 3)
 2S1 2P1 2P1 2D1 2P1 1P  2D  1F  2F 
  3s( 1)  3p( 5)  4p( 1)  4d( 1)  4f( 3)
 2S1 2P1 2P1 2D1 2P1 1P  2D  1G  2F 
  3s( 1)  3p( 5)  4p( 1)  4d( 1)  4f( 3)
 2S1 2P1 2P1 2D1 2P1 1P  2D  3D  2F 
  3s( 1)  3p( 5)  4p( 1)  4d( 1)  4f( 3)
 2S1 2P1 2P1 2D1 2P1 1P  2D  3F  2F 
  3s( 1)  3p( 5)  4p( 1)  4d( 1)  4f( 3)
 2S1 2P1 2P1 2D1 2P1 1P  2D  3G  2F 
  3s( 1)  3p( 5)  4p( 1)  4d( 1)  4f( 3)
 2S1 2P1 2P1 2D1 2P1 3P  2S  1D  2F 
  3s( 1)  3p( 5)  4p( 1)  4d( 1)  4f( 3)
 2S1 2P1 2P1 2D1 2P1 3P  2S  3D  2F 
  3s( 1)  3p( 5)  4p( 1)  4d( 1)  4f( 3)
 2S1 2P1 2P1 2D1 2P1 3P  2P  1D  2F 
  3s( 1)  3p( 5)  4p( 1)  4d( 1)  4f( 3)
 2S1 2P1 2P1 2D1 2P1 3P  2P  1F  2F 
  3s( 1)  3p( 5)  4p( 1)  4d( 1)  4f( 3)
 2S1 2P1 2P1 2D1 2P1 3P  2P  3D  2F 
  3s( 1)  3p( 5)  4p( 1)  4d( 1)  4f( 3)
 2S1 2P1 2P1 2D1 2P1 3P  2P  3F  2F 
  3s( 1)  3p( 5)  4p( 1)  4d( 1)  4f( 3)
 2S1 2P1 2P1 2D1 2P1 3P  2D  1D  2F 
  3s( 1)  3p( 5)  4p( 1)  4d( 1)  4f( 3)
 2S1 2P1 2P1 2D1 2P1 3P  2D  1F  2F 
  3s( 1)  3p( 5)  4p( 1)  4d( 1)  4f( 3)
 2S1 2P1 2P1 2D1 2P1 3P  2D  1G  2F 
  3s( 1)  3p( 5)  4p( 1)  4d( 1)  4f( 3)
 2S1 2P1 2P1 2D1 2P1 3P  2D  3D  2F 
  3s( 1)  3p( 5)  4p( 1)  4d( 1)  4f( 3)
 2S1 2P1 2P1 2D1 2P1 3P  2D  3F  2F 
  3s( 1)  3p( 5)  4p( 1)  4d( 1)  4f( 3)
 2S1 2P1 2P1 2D1 2P1 3P  2D  3G  2F 
  3s( 1)  3p( 5)  4p( 1)  4d( 1)  4f( 3)
 2S1 2P1 2P1 2D1 2P1 3P  4S  3D  2F 
  3s( 1)  3p( 5)  4p( 1)  4d( 1)  4f( 3)
 2S1 2P1 2P1 2D1 2P1 3P  4P  3D  2F 
  3s( 1)  3p( 5)  4p( 1)  4d( 1)  4f( 3)
 2S1 2P1 2P1 2D1 2P1 3P  4P  3F  2F 
  3s( 1)  3p( 5)  4p( 1)  4d( 1)  4f( 3)
 2S1 2P1 2P1 2D1 2P1 3P  4D  3D  2F 
  3s( 1)  3p( 5)  4p( 1)  4d( 1)  4f( 3)
 2S1 2P1 2P1 2D1 2P1 3P  4D  3F  2F 
  3s( 1)  3p( 5)  4p( 1)  4d( 1)  4f( 3)
 2S1 2P1 2P1 2D1 2P1 3P  4D  3G  2F 
  3s( 1)  3p( 5)  4p( 1)  4d( 1)  4f( 3)
 2S1 2P1 2P1 2D1 2D1 1P  2S  1D  2F 
  3s( 1)  3p( 5)  4p( 1)  4d( 1)  4f( 3)
 2S1 2P1 2P1 2D1 2D1 1P  2S  3D  2F 
  3s( 1)  3p( 5)  4p( 1)  4d( 1)  4f( 3)
 2S1 2P1 2P1 2D1 2D1 1P  2P  1P  2F 
  3s( 1)  3p( 5)  4p( 1)  4d( 1)  4f( 3)
 2S1 2P1 2P1 2D1 2D1 1P  2P  1D  2F 
  3s( 1)  3p( 5)  4p( 1)  4d( 1)  4f( 3)
 2S1 2P1 2P1 2D1 2D1 1P  2P  1F  2F 
  3s( 1)  3p( 5)  4p( 1)  4d( 1)  4f( 3)
 2S1 2P1 2P1 2D1 2D1 1P  2P  3P  2F 
  3s( 1)  3p( 5)  4p( 1)  4d( 1)  4f( 3)
 2S1 2P1 2P1 2D1 2D1 1P  2P  3D  2F 
  3s( 1)  3p( 5)  4p( 1)  4d( 1)  4f( 3)
 2S1 2P1 2P1 2D1 2D1 1P  2P  3F  2F 
  3s( 1)  3p( 5)  4p( 1)  4d( 1)  4f( 3)
 2S1 2P1 2P1 2D1 2D1 1P  2D  1P  2F 
  3s( 1)  3p( 5)  4p( 1)  4d( 1)  4f( 3)
 2S1 2P1 2P1 2D1 2D1 1P  2D  1D  2F 
  3s( 1)  3p( 5)  4p( 1)  4d( 1)  4f( 3)
 2S1 2P1 2P1 2D1 2D1 1P  2D  1F  2F 
  3s( 1)  3p( 5)  4p( 1)  4d( 1)  4f( 3)
 2S1 2P1 2P1 2D1 2D1 1P  2D  1G  2F 
  3s( 1)  3p( 5)  4p( 1)  4d( 1)  4f( 3)
 2S1 2P1 2P1 2D1 2D1 1P  2D  3P  2F 
  3s( 1)  3p( 5)  4p( 1)  4d( 1)  4f( 3)
 2S1 2P1 2P1 2D1 2D1 1P  2D  3D  2F 
  3s( 1)  3p( 5)  4p( 1)  4d( 1)  4f( 3)
 2S1 2P1 2P1 2D1 2D1 1P  2D  3F  2F 
  3s( 1)  3p( 5)  4p( 1)  4d( 1)  4f( 3)
 2S1 2P1 2P1 2D1 2D1 1P  2D  3G  2F 
  3s( 1)  3p( 5)  4p( 1)  4d( 1)  4f( 3)
 2S1 2P1 2P1 2D1 2D1 3P  2S  1D  2F 
  3s( 1)  3p( 5)  4p( 1)  4d( 1)  4f( 3)
 2S1 2P1 2P1 2D1 2D1 3P  2S  3D  2F 
  3s( 1)  3p( 5)  4p( 1)  4d( 1)  4f( 3)
 2S1 2P1 2P1 2D1 2D1 3P  2P  1P  2F 
  3s( 1)  3p( 5)  4p( 1)  4d( 1)  4f( 3)
 2S1 2P1 2P1 2D1 2D1 3P  2P  1D  2F 
  3s( 1)  3p( 5)  4p( 1)  4d( 1)  4f( 3)
 2S1 2P1 2P1 2D1 2D1 3P  2P  1F  2F 
  3s( 1)  3p( 5)  4p( 1)  4d( 1)  4f( 3)
 2S1 2P1 2P1 2D1 2D1 3P  2P  3P  2F 
  3s( 1)  3p( 5)  4p( 1)  4d( 1)  4f( 3)
 2S1 2P1 2P1 2D1 2D1 3P  2P  3D  2F 
  3s( 1)  3p( 5)  4p( 1)  4d( 1)  4f( 3)
 2S1 2P1 2P1 2D1 2D1 3P  2P  3F  2F 
  3s( 1)  3p( 5)  4p( 1)  4d( 1)  4f( 3)
 2S1 2P1 2P1 2D1 2D1 3P  2D  1P  2F 
  3s( 1)  3p( 5)  4p( 1)  4d( 1)  4f( 3)
 2S1 2P1 2P1 2D1 2D1 3P  2D  1D  2F 
  3s( 1)  3p( 5)  4p( 1)  4d( 1)  4f( 3)
 2S1 2P1 2P1 2D1 2D1 3P  2D  1F  2F 
  3s( 1)  3p( 5)  4p( 1)  4d( 1)  4f( 3)
 2S1 2P1 2P1 2D1 2D1 3P  2D  1G  2F 
  3s( 1)  3p( 5)  4p( 1)  4d( 1)  4f( 3)
 2S1 2P1 2P1 2D1 2D1 3P  2D  3P  2F 
  3s( 1)  3p( 5)  4p( 1)  4d( 1)  4f( 3)
 2S1 2P1 2P1 2D1 2D1 3P  2D  3D  2F 
  3s( 1)  3p( 5)  4p( 1)  4d( 1)  4f( 3)
 2S1 2P1 2P1 2D1 2D1 3P  2D  3F  2F 
  3s( 1)  3p( 5)  4p( 1)  4d( 1)  4f( 3)
 2S1 2P1 2P1 2D1 2D1 3P  2D  3G  2F 
  3s( 1)  3p( 5)  4p( 1)  4d( 1)  4f( 3)
 2S1 2P1 2P1 2D1 2D1 3P  4S  3D  2F 
  3s( 1)  3p( 5)  4p( 1)  4d( 1)  4f( 3)
 2S1 2P1 2P1 2D1 2D1 3P  4P  3P  2F 
  3s( 1)  3p( 5)  4p( 1)  4d( 1)  4f( 3)
 2S1 2P1 2P1 2D1 2D1 3P  4P  3D  2F 
  3s( 1)  3p( 5)  4p( 1)  4d( 1)  4f( 3)
 2S1 2P1 2P1 2D1 2D1 3P  4P  3F  2F 
  3s( 1)  3p( 5)  4p( 1)  4d( 1)  4f( 3)
 2S1 2P1 2P1 2D1 2D1 3P  4D  3P  2F 
  3s( 1)  3p( 5)  4p( 1)  4d( 1)  4f( 3)
 2S1 2P1 2P1 2D1 2D1 3P  4D  3D  2F 
  3s( 1)  3p( 5)  4p( 1)  4d( 1)  4f( 3)
 2S1 2P1 2P1 2D1 2D1 3P  4D  3F  2F 
  3s( 1)  3p( 5)  4p( 1)  4d( 1)  4f( 3)
 2S1 2P1 2P1 2D1 2D1 3P  4D  3G  2F 
  3s( 1)  3p( 5)  4p( 1)  4d( 1)  4f( 3)
 2S1 2P1 2P1 2D1 2D2 1P  2S  1D  2F 
  3s( 1)  3p( 5)  4p( 1)  4d( 1)  4f( 3)
 2S1 2P1 2P1 2D1 2D2 1P  2S  3D  2F 
  3s( 1)  3p( 5)  4p( 1)  4d( 1)  4f( 3)
 2S1 2P1 2P1 2D1 2D2 1P  2P  1P  2F 
  3s( 1)  3p( 5)  4p( 1)  4d( 1)  4f( 3)
 2S1 2P1 2P1 2D1 2D2 1P  2P  1D  2F 
  3s( 1)  3p( 5)  4p( 1)  4d( 1)  4f( 3)
 2S1 2P1 2P1 2D1 2D2 1P  2P  1F  2F 
  3s( 1)  3p( 5)  4p( 1)  4d( 1)  4f( 3)
 2S1 2P1 2P1 2D1 2D2 1P  2P  3P  2F 
  3s( 1)  3p( 5)  4p( 1)  4d( 1)  4f( 3)
 2S1 2P1 2P1 2D1 2D2 1P  2P  3D  2F 
  3s( 1)  3p( 5)  4p( 1)  4d( 1)  4f( 3)
 2S1 2P1 2P1 2D1 2D2 1P  2P  3F  2F 
  3s( 1)  3p( 5)  4p( 1)  4d( 1)  4f( 3)
 2S1 2P1 2P1 2D1 2D2 1P  2D  1P  2F 
  3s( 1)  3p( 5)  4p( 1)  4d( 1)  4f( 3)
 2S1 2P1 2P1 2D1 2D2 1P  2D  1D  2F 
  3s( 1)  3p( 5)  4p( 1)  4d( 1)  4f( 3)
 2S1 2P1 2P1 2D1 2D2 1P  2D  1F  2F 
  3s( 1)  3p( 5)  4p( 1)  4d( 1)  4f( 3)
 2S1 2P1 2P1 2D1 2D2 1P  2D  1G  2F 
  3s( 1)  3p( 5)  4p( 1)  4d( 1)  4f( 3)
 2S1 2P1 2P1 2D1 2D2 1P  2D  3P  2F 
  3s( 1)  3p( 5)  4p( 1)  4d( 1)  4f( 3)
 2S1 2P1 2P1 2D1 2D2 1P  2D  3D  2F 
  3s( 1)  3p( 5)  4p( 1)  4d( 1)  4f( 3)
 2S1 2P1 2P1 2D1 2D2 1P  2D  3F  2F 
  3s( 1)  3p( 5)  4p( 1)  4d( 1)  4f( 3)
 2S1 2P1 2P1 2D1 2D2 1P  2D  3G  2F 
  3s( 1)  3p( 5)  4p( 1)  4d( 1)  4f( 3)
 2S1 2P1 2P1 2D1 2D2 3P  2S  1D  2F 
  3s( 1)  3p( 5)  4p( 1)  4d( 1)  4f( 3)
 2S1 2P1 2P1 2D1 2D2 3P  2S  3D  2F 
  3s( 1)  3p( 5)  4p( 1)  4d( 1)  4f( 3)
 2S1 2P1 2P1 2D1 2D2 3P  2P  1P  2F 
  3s( 1)  3p( 5)  4p( 1)  4d( 1)  4f( 3)
 2S1 2P1 2P1 2D1 2D2 3P  2P  1D  2F 
  3s( 1)  3p( 5)  4p( 1)  4d( 1)  4f( 3)
 2S1 2P1 2P1 2D1 2D2 3P  2P  1F  2F 
  3s( 1)  3p( 5)  4p( 1)  4d( 1)  4f( 3)
 2S1 2P1 2P1 2D1 2D2 3P  2P  3P  2F 
  3s( 1)  3p( 5)  4p( 1)  4d( 1)  4f( 3)
 2S1 2P1 2P1 2D1 2D2 3P  2P  3D  2F 
  3s( 1)  3p( 5)  4p( 1)  4d( 1)  4f( 3)
 2S1 2P1 2P1 2D1 2D2 3P  2P  3F  2F 
  3s( 1)  3p( 5)  4p( 1)  4d( 1)  4f( 3)
 2S1 2P1 2P1 2D1 2D2 3P  2D  1P  2F 
  3s( 1)  3p( 5)  4p( 1)  4d( 1)  4f( 3)
 2S1 2P1 2P1 2D1 2D2 3P  2D  1D  2F 
  3s( 1)  3p( 5)  4p( 1)  4d( 1)  4f( 3)
 2S1 2P1 2P1 2D1 2D2 3P  2D  1F  2F 
  3s( 1)  3p( 5)  4p( 1)  4d( 1)  4f( 3)
 2S1 2P1 2P1 2D1 2D2 3P  2D  1G  2F 
  3s( 1)  3p( 5)  4p( 1)  4d( 1)  4f( 3)
 2S1 2P1 2P1 2D1 2D2 3P  2D  3P  2F 
  3s( 1)  3p( 5)  4p( 1)  4d( 1)  4f( 3)
 2S1 2P1 2P1 2D1 2D2 3P  2D  3D  2F 
  3s( 1)  3p( 5)  4p( 1)  4d( 1)  4f( 3)
 2S1 2P1 2P1 2D1 2D2 3P  2D  3F  2F 
  3s( 1)  3p( 5)  4p( 1)  4d( 1)  4f( 3)
 2S1 2P1 2P1 2D1 2D2 3P  2D  3G  2F 
  3s( 1)  3p( 5)  4p( 1)  4d( 1)  4f( 3)
 2S1 2P1 2P1 2D1 2D2 3P  4S  3D  2F 
  3s( 1)  3p( 5)  4p( 1)  4d( 1)  4f( 3)
 2S1 2P1 2P1 2D1 2D2 3P  4P  3P  2F 
  3s( 1)  3p( 5)  4p( 1)  4d( 1)  4f( 3)
 2S1 2P1 2P1 2D1 2D2 3P  4P  3D  2F 
  3s( 1)  3p( 5)  4p( 1)  4d( 1)  4f( 3)
 2S1 2P1 2P1 2D1 2D2 3P  4P  3F  2F 
  3s( 1)  3p( 5)  4p( 1)  4d( 1)  4f( 3)
 2S1 2P1 2P1 2D1 2D2 3P  4D  3P  2F 
  3s( 1)  3p( 5)  4p( 1)  4d( 1)  4f( 3)
 2S1 2P1 2P1 2D1 2D2 3P  4D  3D  2F 
  3s( 1)  3p( 5)  4p( 1)  4d( 1)  4f( 3)
 2S1 2P1 2P1 2D1 2D2 3P  4D  3F  2F 
  3s( 1)  3p( 5)  4p( 1)  4d( 1)  4f( 3)
 2S1 2P1 2P1 2D1 2D2 3P  4D  3G  2F 
  3s( 1)  3p( 5)  4p( 1)  4d( 1)  4f( 3)
 2S1 2P1 2P1 2D1 2F1 1P  2S  1D  2F 
  3s( 1)  3p( 5)  4p( 1)  4d( 1)  4f( 3)
 2S1 2P1 2P1 2D1 2F1 1P  2S  3D  2F 
  3s( 1)  3p( 5)  4p( 1)  4d( 1)  4f( 3)
 2S1 2P1 2P1 2D1 2F1 1P  2P  1P  2F 
  3s( 1)  3p( 5)  4p( 1)  4d( 1)  4f( 3)
 2S1 2P1 2P1 2D1 2F1 1P  2P  1D  2F 
  3s( 1)  3p( 5)  4p( 1)  4d( 1)  4f( 3)
 2S1 2P1 2P1 2D1 2F1 1P  2P  1F  2F 
  3s( 1)  3p( 5)  4p( 1)  4d( 1)  4f( 3)
 2S1 2P1 2P1 2D1 2F1 1P  2P  3P  2F 
  3s( 1)  3p( 5)  4p( 1)  4d( 1)  4f( 3)
 2S1 2P1 2P1 2D1 2F1 1P  2P  3D  2F 
  3s( 1)  3p( 5)  4p( 1)  4d( 1)  4f( 3)
 2S1 2P1 2P1 2D1 2F1 1P  2P  3F  2F 
  3s( 1)  3p( 5)  4p( 1)  4d( 1)  4f( 3)
 2S1 2P1 2P1 2D1 2F1 1P  2D  1S  2F 
  3s( 1)  3p( 5)  4p( 1)  4d( 1)  4f( 3)
 2S1 2P1 2P1 2D1 2F1 1P  2D  1P  2F 
  3s( 1)  3p( 5)  4p( 1)  4d( 1)  4f( 3)
 2S1 2P1 2P1 2D1 2F1 1P  2D  1D  2F 
  3s( 1)  3p( 5)  4p( 1)  4d( 1)  4f( 3)
 2S1 2P1 2P1 2D1 2F1 1P  2D  1F  2F 
  3s( 1)  3p( 5)  4p( 1)  4d( 1)  4f( 3)
 2S1 2P1 2P1 2D1 2F1 1P  2D  1G  2F 
  3s( 1)  3p( 5)  4p( 1)  4d( 1)  4f( 3)
 2S1 2P1 2P1 2D1 2F1 1P  2D  3S  2F 
  3s( 1)  3p( 5)  4p( 1)  4d( 1)  4f( 3)
 2S1 2P1 2P1 2D1 2F1 1P  2D  3P  2F 
  3s( 1)  3p( 5)  4p( 1)  4d( 1)  4f( 3)
 2S1 2P1 2P1 2D1 2F1 1P  2D  3D  2F 
  3s( 1)  3p( 5)  4p( 1)  4d( 1)  4f( 3)
 2S1 2P1 2P1 2D1 2F1 1P  2D  3F  2F 
  3s( 1)  3p( 5)  4p( 1)  4d( 1)  4f( 3)
 2S1 2P1 2P1 2D1 2F1 1P  2D  3G  2F 
  3s( 1)  3p( 5)  4p( 1)  4d( 1)  4f( 3)
 2S1 2P1 2P1 2D1 2F1 3P  2S  1D  2F 
  3s( 1)  3p( 5)  4p( 1)  4d( 1)  4f( 3)
 2S1 2P1 2P1 2D1 2F1 3P  2S  3D  2F 
  3s( 1)  3p( 5)  4p( 1)  4d( 1)  4f( 3)
 2S1 2P1 2P1 2D1 2F1 3P  2P  1P  2F 
  3s( 1)  3p( 5)  4p( 1)  4d( 1)  4f( 3)
 2S1 2P1 2P1 2D1 2F1 3P  2P  1D  2F 
  3s( 1)  3p( 5)  4p( 1)  4d( 1)  4f( 3)
 2S1 2P1 2P1 2D1 2F1 3P  2P  1F  2F 
  3s( 1)  3p( 5)  4p( 1)  4d( 1)  4f( 3)
 2S1 2P1 2P1 2D1 2F1 3P  2P  3P  2F 
  3s( 1)  3p( 5)  4p( 1)  4d( 1)  4f( 3)
 2S1 2P1 2P1 2D1 2F1 3P  2P  3D  2F 
  3s( 1)  3p( 5)  4p( 1)  4d( 1)  4f( 3)
 2S1 2P1 2P1 2D1 2F1 3P  2P  3F  2F 
  3s( 1)  3p( 5)  4p( 1)  4d( 1)  4f( 3)
 2S1 2P1 2P1 2D1 2F1 3P  2D  1S  2F 
  3s( 1)  3p( 5)  4p( 1)  4d( 1)  4f( 3)
 2S1 2P1 2P1 2D1 2F1 3P  2D  1P  2F 
  3s( 1)  3p( 5)  4p( 1)  4d( 1)  4f( 3)
 2S1 2P1 2P1 2D1 2F1 3P  2D  1D  2F 
  3s( 1)  3p( 5)  4p( 1)  4d( 1)  4f( 3)
 2S1 2P1 2P1 2D1 2F1 3P  2D  1F  2F 
  3s( 1)  3p( 5)  4p( 1)  4d( 1)  4f( 3)
 2S1 2P1 2P1 2D1 2F1 3P  2D  1G  2F 
  3s( 1)  3p( 5)  4p( 1)  4d( 1)  4f( 3)
 2S1 2P1 2P1 2D1 2F1 3P  2D  3S  2F 
  3s( 1)  3p( 5)  4p( 1)  4d( 1)  4f( 3)
 2S1 2P1 2P1 2D1 2F1 3P  2D  3P  2F 
  3s( 1)  3p( 5)  4p( 1)  4d( 1)  4f( 3)
 2S1 2P1 2P1 2D1 2F1 3P  2D  3D  2F 
  3s( 1)  3p( 5)  4p( 1)  4d( 1)  4f( 3)
 2S1 2P1 2P1 2D1 2F1 3P  2D  3F  2F 
  3s( 1)  3p( 5)  4p( 1)  4d( 1)  4f( 3)
 2S1 2P1 2P1 2D1 2F1 3P  2D  3G  2F 
  3s( 1)  3p( 5)  4p( 1)  4d( 1)  4f( 3)
 2S1 2P1 2P1 2D1 2F1 3P  4S  3D  2F 
  3s( 1)  3p( 5)  4p( 1)  4d( 1)  4f( 3)
 2S1 2P1 2P1 2D1 2F1 3P  4P  3P  2F 
  3s( 1)  3p( 5)  4p( 1)  4d( 1)  4f( 3)
 2S1 2P1 2P1 2D1 2F1 3P  4P  3D  2F 
  3s( 1)  3p( 5)  4p( 1)  4d( 1)  4f( 3)
 2S1 2P1 2P1 2D1 2F1 3P  4P  3F  2F 
  3s( 1)  3p( 5)  4p( 1)  4d( 1)  4f( 3)
 2S1 2P1 2P1 2D1 2F1 3P  4D  3S  2F 
  3s( 1)  3p( 5)  4p( 1)  4d( 1)  4f( 3)
 2S1 2P1 2P1 2D1 2F1 3P  4D  3P  2F 
  3s( 1)  3p( 5)  4p( 1)  4d( 1)  4f( 3)
 2S1 2P1 2P1 2D1 2F1 3P  4D  3D  2F 
  3s( 1)  3p( 5)  4p( 1)  4d( 1)  4f( 3)
 2S1 2P1 2P1 2D1 2F1 3P  4D  3F  2F 
  3s( 1)  3p( 5)  4p( 1)  4d( 1)  4f( 3)
 2S1 2P1 2P1 2D1 2F1 3P  4D  3G  2F 
  3s( 1)  3p( 5)  4p( 1)  4d( 1)  4f( 3)
 2S1 2P1 2P1 2D1 2F2 1P  2S  1D  2F 
  3s( 1)  3p( 5)  4p( 1)  4d( 1)  4f( 3)
 2S1 2P1 2P1 2D1 2F2 1P  2S  3D  2F 
  3s( 1)  3p( 5)  4p( 1)  4d( 1)  4f( 3)
 2S1 2P1 2P1 2D1 2F2 1P  2P  1P  2F 
  3s( 1)  3p( 5)  4p( 1)  4d( 1)  4f( 3)
 2S1 2P1 2P1 2D1 2F2 1P  2P  1D  2F 
  3s( 1)  3p( 5)  4p( 1)  4d( 1)  4f( 3)
 2S1 2P1 2P1 2D1 2F2 1P  2P  1F  2F 
  3s( 1)  3p( 5)  4p( 1)  4d( 1)  4f( 3)
 2S1 2P1 2P1 2D1 2F2 1P  2P  3P  2F 
  3s( 1)  3p( 5)  4p( 1)  4d( 1)  4f( 3)
 2S1 2P1 2P1 2D1 2F2 1P  2P  3D  2F 
  3s( 1)  3p( 5)  4p( 1)  4d( 1)  4f( 3)
 2S1 2P1 2P1 2D1 2F2 1P  2P  3F  2F 
  3s( 1)  3p( 5)  4p( 1)  4d( 1)  4f( 3)
 2S1 2P1 2P1 2D1 2F2 1P  2D  1S  2F 
  3s( 1)  3p( 5)  4p( 1)  4d( 1)  4f( 3)
 2S1 2P1 2P1 2D1 2F2 1P  2D  1P  2F 
  3s( 1)  3p( 5)  4p( 1)  4d( 1)  4f( 3)
 2S1 2P1 2P1 2D1 2F2 1P  2D  1D  2F 
  3s( 1)  3p( 5)  4p( 1)  4d( 1)  4f( 3)
 2S1 2P1 2P1 2D1 2F2 1P  2D  1F  2F 
  3s( 1)  3p( 5)  4p( 1)  4d( 1)  4f( 3)
 2S1 2P1 2P1 2D1 2F2 1P  2D  1G  2F 
  3s( 1)  3p( 5)  4p( 1)  4d( 1)  4f( 3)
 2S1 2P1 2P1 2D1 2F2 1P  2D  3S  2F 
  3s( 1)  3p( 5)  4p( 1)  4d( 1)  4f( 3)
 2S1 2P1 2P1 2D1 2F2 1P  2D  3P  2F 
  3s( 1)  3p( 5)  4p( 1)  4d( 1)  4f( 3)
 2S1 2P1 2P1 2D1 2F2 1P  2D  3D  2F 
  3s( 1)  3p( 5)  4p( 1)  4d( 1)  4f( 3)
 2S1 2P1 2P1 2D1 2F2 1P  2D  3F  2F 
  3s( 1)  3p( 5)  4p( 1)  4d( 1)  4f( 3)
 2S1 2P1 2P1 2D1 2F2 1P  2D  3G  2F 
  3s( 1)  3p( 5)  4p( 1)  4d( 1)  4f( 3)
 2S1 2P1 2P1 2D1 2F2 3P  2S  1D  2F 
  3s( 1)  3p( 5)  4p( 1)  4d( 1)  4f( 3)
 2S1 2P1 2P1 2D1 2F2 3P  2S  3D  2F 
  3s( 1)  3p( 5)  4p( 1)  4d( 1)  4f( 3)
 2S1 2P1 2P1 2D1 2F2 3P  2P  1P  2F 
  3s( 1)  3p( 5)  4p( 1)  4d( 1)  4f( 3)
 2S1 2P1 2P1 2D1 2F2 3P  2P  1D  2F 
  3s( 1)  3p( 5)  4p( 1)  4d( 1)  4f( 3)
 2S1 2P1 2P1 2D1 2F2 3P  2P  1F  2F 
  3s( 1)  3p( 5)  4p( 1)  4d( 1)  4f( 3)
 2S1 2P1 2P1 2D1 2F2 3P  2P  3P  2F 
  3s( 1)  3p( 5)  4p( 1)  4d( 1)  4f( 3)
 2S1 2P1 2P1 2D1 2F2 3P  2P  3D  2F 
  3s( 1)  3p( 5)  4p( 1)  4d( 1)  4f( 3)
 2S1 2P1 2P1 2D1 2F2 3P  2P  3F  2F 
  3s( 1)  3p( 5)  4p( 1)  4d( 1)  4f( 3)
 2S1 2P1 2P1 2D1 2F2 3P  2D  1S  2F 
  3s( 1)  3p( 5)  4p( 1)  4d( 1)  4f( 3)
 2S1 2P1 2P1 2D1 2F2 3P  2D  1P  2F 
  3s( 1)  3p( 5)  4p( 1)  4d( 1)  4f( 3)
 2S1 2P1 2P1 2D1 2F2 3P  2D  1D  2F 
  3s( 1)  3p( 5)  4p( 1)  4d( 1)  4f( 3)
 2S1 2P1 2P1 2D1 2F2 3P  2D  1F  2F 
  3s( 1)  3p( 5)  4p( 1)  4d( 1)  4f( 3)
 2S1 2P1 2P1 2D1 2F2 3P  2D  1G  2F 
  3s( 1)  3p( 5)  4p( 1)  4d( 1)  4f( 3)
 2S1 2P1 2P1 2D1 2F2 3P  2D  3S  2F 
  3s( 1)  3p( 5)  4p( 1)  4d( 1)  4f( 3)
 2S1 2P1 2P1 2D1 2F2 3P  2D  3P  2F 
  3s( 1)  3p( 5)  4p( 1)  4d( 1)  4f( 3)
 2S1 2P1 2P1 2D1 2F2 3P  2D  3D  2F 
  3s( 1)  3p( 5)  4p( 1)  4d( 1)  4f( 3)
 2S1 2P1 2P1 2D1 2F2 3P  2D  3F  2F 
  3s( 1)  3p( 5)  4p( 1)  4d( 1)  4f( 3)
 2S1 2P1 2P1 2D1 2F2 3P  2D  3G  2F 
  3s( 1)  3p( 5)  4p( 1)  4d( 1)  4f( 3)
 2S1 2P1 2P1 2D1 2F2 3P  4S  3D  2F 
  3s( 1)  3p( 5)  4p( 1)  4d( 1)  4f( 3)
 2S1 2P1 2P1 2D1 2F2 3P  4P  3P  2F 
  3s( 1)  3p( 5)  4p( 1)  4d( 1)  4f( 3)
 2S1 2P1 2P1 2D1 2F2 3P  4P  3D  2F 
  3s( 1)  3p( 5)  4p( 1)  4d( 1)  4f( 3)
 2S1 2P1 2P1 2D1 2F2 3P  4P  3F  2F 
  3s( 1)  3p( 5)  4p( 1)  4d( 1)  4f( 3)
 2S1 2P1 2P1 2D1 2F2 3P  4D  3S  2F 
  3s( 1)  3p( 5)  4p( 1)  4d( 1)  4f( 3)
 2S1 2P1 2P1 2D1 2F2 3P  4D  3P  2F 
  3s( 1)  3p( 5)  4p( 1)  4d( 1)  4f( 3)
 2S1 2P1 2P1 2D1 2F2 3P  4D  3D  2F 
  3s( 1)  3p( 5)  4p( 1)  4d( 1)  4f( 3)
 2S1 2P1 2P1 2D1 2F2 3P  4D  3F  2F 
  3s( 1)  3p( 5)  4p( 1)  4d( 1)  4f( 3)
 2S1 2P1 2P1 2D1 2F2 3P  4D  3G  2F 
  3s( 1)  3p( 5)  4p( 1)  4d( 1)  4f( 3)
 2S1 2P1 2P1 2D1 2G1 1P  2S  1D  2F 
  3s( 1)  3p( 5)  4p( 1)  4d( 1)  4f( 3)
 2S1 2P1 2P1 2D1 2G1 1P  2S  3D  2F 
  3s( 1)  3p( 5)  4p( 1)  4d( 1)  4f( 3)
 2S1 2P1 2P1 2D1 2G1 1P  2P  1P  2F 
  3s( 1)  3p( 5)  4p( 1)  4d( 1)  4f( 3)
 2S1 2P1 2P1 2D1 2G1 1P  2P  1D  2F 
  3s( 1)  3p( 5)  4p( 1)  4d( 1)  4f( 3)
 2S1 2P1 2P1 2D1 2G1 1P  2P  1F  2F 
  3s( 1)  3p( 5)  4p( 1)  4d( 1)  4f( 3)
 2S1 2P1 2P1 2D1 2G1 1P  2P  3P  2F 
  3s( 1)  3p( 5)  4p( 1)  4d( 1)  4f( 3)
 2S1 2P1 2P1 2D1 2G1 1P  2P  3D  2F 
  3s( 1)  3p( 5)  4p( 1)  4d( 1)  4f( 3)
 2S1 2P1 2P1 2D1 2G1 1P  2P  3F  2F 
  3s( 1)  3p( 5)  4p( 1)  4d( 1)  4f( 3)
 2S1 2P1 2P1 2D1 2G1 1P  2D  1P  2F 
  3s( 1)  3p( 5)  4p( 1)  4d( 1)  4f( 3)
 2S1 2P1 2P1 2D1 2G1 1P  2D  1D  2F 
  3s( 1)  3p( 5)  4p( 1)  4d( 1)  4f( 3)
 2S1 2P1 2P1 2D1 2G1 1P  2D  1F  2F 
  3s( 1)  3p( 5)  4p( 1)  4d( 1)  4f( 3)
 2S1 2P1 2P1 2D1 2G1 1P  2D  1G  2F 
  3s( 1)  3p( 5)  4p( 1)  4d( 1)  4f( 3)
 2S1 2P1 2P1 2D1 2G1 1P  2D  3P  2F 
  3s( 1)  3p( 5)  4p( 1)  4d( 1)  4f( 3)
 2S1 2P1 2P1 2D1 2G1 1P  2D  3D  2F 
  3s( 1)  3p( 5)  4p( 1)  4d( 1)  4f( 3)
 2S1 2P1 2P1 2D1 2G1 1P  2D  3F  2F 
  3s( 1)  3p( 5)  4p( 1)  4d( 1)  4f( 3)
 2S1 2P1 2P1 2D1 2G1 1P  2D  3G  2F 
  3s( 1)  3p( 5)  4p( 1)  4d( 1)  4f( 3)
 2S1 2P1 2P1 2D1 2G1 3P  2S  1D  2F 
  3s( 1)  3p( 5)  4p( 1)  4d( 1)  4f( 3)
 2S1 2P1 2P1 2D1 2G1 3P  2S  3D  2F 
  3s( 1)  3p( 5)  4p( 1)  4d( 1)  4f( 3)
 2S1 2P1 2P1 2D1 2G1 3P  2P  1P  2F 
  3s( 1)  3p( 5)  4p( 1)  4d( 1)  4f( 3)
 2S1 2P1 2P1 2D1 2G1 3P  2P  1D  2F 
  3s( 1)  3p( 5)  4p( 1)  4d( 1)  4f( 3)
 2S1 2P1 2P1 2D1 2G1 3P  2P  1F  2F 
  3s( 1)  3p( 5)  4p( 1)  4d( 1)  4f( 3)
 2S1 2P1 2P1 2D1 2G1 3P  2P  3P  2F 
  3s( 1)  3p( 5)  4p( 1)  4d( 1)  4f( 3)
 2S1 2P1 2P1 2D1 2G1 3P  2P  3D  2F 
  3s( 1)  3p( 5)  4p( 1)  4d( 1)  4f( 3)
 2S1 2P1 2P1 2D1 2G1 3P  2P  3F  2F 
  3s( 1)  3p( 5)  4p( 1)  4d( 1)  4f( 3)
 2S1 2P1 2P1 2D1 2G1 3P  2D  1P  2F 
  3s( 1)  3p( 5)  4p( 1)  4d( 1)  4f( 3)
 2S1 2P1 2P1 2D1 2G1 3P  2D  1D  2F 
  3s( 1)  3p( 5)  4p( 1)  4d( 1)  4f( 3)
 2S1 2P1 2P1 2D1 2G1 3P  2D  1F  2F 
  3s( 1)  3p( 5)  4p( 1)  4d( 1)  4f( 3)
 2S1 2P1 2P1 2D1 2G1 3P  2D  1G  2F 
  3s( 1)  3p( 5)  4p( 1)  4d( 1)  4f( 3)
 2S1 2P1 2P1 2D1 2G1 3P  2D  3P  2F 
  3s( 1)  3p( 5)  4p( 1)  4d( 1)  4f( 3)
 2S1 2P1 2P1 2D1 2G1 3P  2D  3D  2F 
  3s( 1)  3p( 5)  4p( 1)  4d( 1)  4f( 3)
 2S1 2P1 2P1 2D1 2G1 3P  2D  3F  2F 
  3s( 1)  3p( 5)  4p( 1)  4d( 1)  4f( 3)
 2S1 2P1 2P1 2D1 2G1 3P  2D  3G  2F 
  3s( 1)  3p( 5)  4p( 1)  4d( 1)  4f( 3)
 2S1 2P1 2P1 2D1 2G1 3P  4S  3D  2F 
  3s( 1)  3p( 5)  4p( 1)  4d( 1)  4f( 3)
 2S1 2P1 2P1 2D1 2G1 3P  4P  3P  2F 
  3s( 1)  3p( 5)  4p( 1)  4d( 1)  4f( 3)
 2S1 2P1 2P1 2D1 2G1 3P  4P  3D  2F 
  3s( 1)  3p( 5)  4p( 1)  4d( 1)  4f( 3)
 2S1 2P1 2P1 2D1 2G1 3P  4P  3F  2F 
  3s( 1)  3p( 5)  4p( 1)  4d( 1)  4f( 3)
 2S1 2P1 2P1 2D1 2G1 3P  4D  3P  2F 
  3s( 1)  3p( 5)  4p( 1)  4d( 1)  4f( 3)
 2S1 2P1 2P1 2D1 2G1 3P  4D  3D  2F 
  3s( 1)  3p( 5)  4p( 1)  4d( 1)  4f( 3)
 2S1 2P1 2P1 2D1 2G1 3P  4D  3F  2F 
  3s( 1)  3p( 5)  4p( 1)  4d( 1)  4f( 3)
 2S1 2P1 2P1 2D1 2G1 3P  4D  3G  2F 
  3s( 1)  3p( 5)  4p( 1)  4d( 1)  4f( 3)
 2S1 2P1 2P1 2D1 2G2 1P  2S  1D  2F 
  3s( 1)  3p( 5)  4p( 1)  4d( 1)  4f( 3)
 2S1 2P1 2P1 2D1 2G2 1P  2S  3D  2F 
  3s( 1)  3p( 5)  4p( 1)  4d( 1)  4f( 3)
 2S1 2P1 2P1 2D1 2G2 1P  2P  1P  2F 
  3s( 1)  3p( 5)  4p( 1)  4d( 1)  4f( 3)
 2S1 2P1 2P1 2D1 2G2 1P  2P  1D  2F 
  3s( 1)  3p( 5)  4p( 1)  4d( 1)  4f( 3)
 2S1 2P1 2P1 2D1 2G2 1P  2P  1F  2F 
  3s( 1)  3p( 5)  4p( 1)  4d( 1)  4f( 3)
 2S1 2P1 2P1 2D1 2G2 1P  2P  3P  2F 
  3s( 1)  3p( 5)  4p( 1)  4d( 1)  4f( 3)
 2S1 2P1 2P1 2D1 2G2 1P  2P  3D  2F 
  3s( 1)  3p( 5)  4p( 1)  4d( 1)  4f( 3)
 2S1 2P1 2P1 2D1 2G2 1P  2P  3F  2F 
  3s( 1)  3p( 5)  4p( 1)  4d( 1)  4f( 3)
 2S1 2P1 2P1 2D1 2G2 1P  2D  1P  2F 
  3s( 1)  3p( 5)  4p( 1)  4d( 1)  4f( 3)
 2S1 2P1 2P1 2D1 2G2 1P  2D  1D  2F 
  3s( 1)  3p( 5)  4p( 1)  4d( 1)  4f( 3)
 2S1 2P1 2P1 2D1 2G2 1P  2D  1F  2F 
  3s( 1)  3p( 5)  4p( 1)  4d( 1)  4f( 3)
 2S1 2P1 2P1 2D1 2G2 1P  2D  1G  2F 
  3s( 1)  3p( 5)  4p( 1)  4d( 1)  4f( 3)
 2S1 2P1 2P1 2D1 2G2 1P  2D  3P  2F 
  3s( 1)  3p( 5)  4p( 1)  4d( 1)  4f( 3)
 2S1 2P1 2P1 2D1 2G2 1P  2D  3D  2F 
  3s( 1)  3p( 5)  4p( 1)  4d( 1)  4f( 3)
 2S1 2P1 2P1 2D1 2G2 1P  2D  3F  2F 
  3s( 1)  3p( 5)  4p( 1)  4d( 1)  4f( 3)
 2S1 2P1 2P1 2D1 2G2 1P  2D  3G  2F 
  3s( 1)  3p( 5)  4p( 1)  4d( 1)  4f( 3)
 2S1 2P1 2P1 2D1 2G2 3P  2S  1D  2F 
  3s( 1)  3p( 5)  4p( 1)  4d( 1)  4f( 3)
 2S1 2P1 2P1 2D1 2G2 3P  2S  3D  2F 
  3s( 1)  3p( 5)  4p( 1)  4d( 1)  4f( 3)
 2S1 2P1 2P1 2D1 2G2 3P  2P  1P  2F 
  3s( 1)  3p( 5)  4p( 1)  4d( 1)  4f( 3)
 2S1 2P1 2P1 2D1 2G2 3P  2P  1D  2F 
  3s( 1)  3p( 5)  4p( 1)  4d( 1)  4f( 3)
 2S1 2P1 2P1 2D1 2G2 3P  2P  1F  2F 
  3s( 1)  3p( 5)  4p( 1)  4d( 1)  4f( 3)
 2S1 2P1 2P1 2D1 2G2 3P  2P  3P  2F 
  3s( 1)  3p( 5)  4p( 1)  4d( 1)  4f( 3)
 2S1 2P1 2P1 2D1 2G2 3P  2P  3D  2F 
  3s( 1)  3p( 5)  4p( 1)  4d( 1)  4f( 3)
 2S1 2P1 2P1 2D1 2G2 3P  2P  3F  2F 
  3s( 1)  3p( 5)  4p( 1)  4d( 1)  4f( 3)
 2S1 2P1 2P1 2D1 2G2 3P  2D  1P  2F 
  3s( 1)  3p( 5)  4p( 1)  4d( 1)  4f( 3)
 2S1 2P1 2P1 2D1 2G2 3P  2D  1D  2F 
  3s( 1)  3p( 5)  4p( 1)  4d( 1)  4f( 3)
 2S1 2P1 2P1 2D1 2G2 3P  2D  1F  2F 
  3s( 1)  3p( 5)  4p( 1)  4d( 1)  4f( 3)
 2S1 2P1 2P1 2D1 2G2 3P  2D  1G  2F 
  3s( 1)  3p( 5)  4p( 1)  4d( 1)  4f( 3)
 2S1 2P1 2P1 2D1 2G2 3P  2D  3P  2F 
  3s( 1)  3p( 5)  4p( 1)  4d( 1)  4f( 3)
 2S1 2P1 2P1 2D1 2G2 3P  2D  3D  2F 
  3s( 1)  3p( 5)  4p( 1)  4d( 1)  4f( 3)
 2S1 2P1 2P1 2D1 2G2 3P  2D  3F  2F 
  3s( 1)  3p( 5)  4p( 1)  4d( 1)  4f( 3)
 2S1 2P1 2P1 2D1 2G2 3P  2D  3G  2F 
  3s( 1)  3p( 5)  4p( 1)  4d( 1)  4f( 3)
 2S1 2P1 2P1 2D1 2G2 3P  4S  3D  2F 
  3s( 1)  3p( 5)  4p( 1)  4d( 1)  4f( 3)
 2S1 2P1 2P1 2D1 2G2 3P  4P  3P  2F 
  3s( 1)  3p( 5)  4p( 1)  4d( 1)  4f( 3)
 2S1 2P1 2P1 2D1 2G2 3P  4P  3D  2F 
  3s( 1)  3p( 5)  4p( 1)  4d( 1)  4f( 3)
 2S1 2P1 2P1 2D1 2G2 3P  4P  3F  2F 
  3s( 1)  3p( 5)  4p( 1)  4d( 1)  4f( 3)
 2S1 2P1 2P1 2D1 2G2 3P  4D  3P  2F 
  3s( 1)  3p( 5)  4p( 1)  4d( 1)  4f( 3)
 2S1 2P1 2P1 2D1 2G2 3P  4D  3D  2F 
  3s( 1)  3p( 5)  4p( 1)  4d( 1)  4f( 3)
 2S1 2P1 2P1 2D1 2G2 3P  4D  3F  2F 
  3s( 1)  3p( 5)  4p( 1)  4d( 1)  4f( 3)
 2S1 2P1 2P1 2D1 2G2 3P  4D  3G  2F 
  3s( 1)  3p( 5)  4p( 1)  4d( 1)  4f( 3)
 2S1 2P1 2P1 2D1 2H1 1P  2S  1D  2F 
  3s( 1)  3p( 5)  4p( 1)  4d( 1)  4f( 3)
 2S1 2P1 2P1 2D1 2H1 1P  2S  3D  2F 
  3s( 1)  3p( 5)  4p( 1)  4d( 1)  4f( 3)
 2S1 2P1 2P1 2D1 2H1 1P  2P  1D  2F 
  3s( 1)  3p( 5)  4p( 1)  4d( 1)  4f( 3)
 2S1 2P1 2P1 2D1 2H1 1P  2P  1F  2F 
  3s( 1)  3p( 5)  4p( 1)  4d( 1)  4f( 3)
 2S1 2P1 2P1 2D1 2H1 1P  2P  3D  2F 
  3s( 1)  3p( 5)  4p( 1)  4d( 1)  4f( 3)
 2S1 2P1 2P1 2D1 2H1 1P  2P  3F  2F 
  3s( 1)  3p( 5)  4p( 1)  4d( 1)  4f( 3)
 2S1 2P1 2P1 2D1 2H1 1P  2D  1D  2F 
  3s( 1)  3p( 5)  4p( 1)  4d( 1)  4f( 3)
 2S1 2P1 2P1 2D1 2H1 1P  2D  1F  2F 
  3s( 1)  3p( 5)  4p( 1)  4d( 1)  4f( 3)
 2S1 2P1 2P1 2D1 2H1 1P  2D  1G  2F 
  3s( 1)  3p( 5)  4p( 1)  4d( 1)  4f( 3)
 2S1 2P1 2P1 2D1 2H1 1P  2D  3D  2F 
  3s( 1)  3p( 5)  4p( 1)  4d( 1)  4f( 3)
 2S1 2P1 2P1 2D1 2H1 1P  2D  3F  2F 
  3s( 1)  3p( 5)  4p( 1)  4d( 1)  4f( 3)
 2S1 2P1 2P1 2D1 2H1 1P  2D  3G  2F 
  3s( 1)  3p( 5)  4p( 1)  4d( 1)  4f( 3)
 2S1 2P1 2P1 2D1 2H1 3P  2S  1D  2F 
  3s( 1)  3p( 5)  4p( 1)  4d( 1)  4f( 3)
 2S1 2P1 2P1 2D1 2H1 3P  2S  3D  2F 
  3s( 1)  3p( 5)  4p( 1)  4d( 1)  4f( 3)
 2S1 2P1 2P1 2D1 2H1 3P  2P  1D  2F 
  3s( 1)  3p( 5)  4p( 1)  4d( 1)  4f( 3)
 2S1 2P1 2P1 2D1 2H1 3P  2P  1F  2F 
  3s( 1)  3p( 5)  4p( 1)  4d( 1)  4f( 3)
 2S1 2P1 2P1 2D1 2H1 3P  2P  3D  2F 
  3s( 1)  3p( 5)  4p( 1)  4d( 1)  4f( 3)
 2S1 2P1 2P1 2D1 2H1 3P  2P  3F  2F 
  3s( 1)  3p( 5)  4p( 1)  4d( 1)  4f( 3)
 2S1 2P1 2P1 2D1 2H1 3P  2D  1D  2F 
  3s( 1)  3p( 5)  4p( 1)  4d( 1)  4f( 3)
 2S1 2P1 2P1 2D1 2H1 3P  2D  1F  2F 
  3s( 1)  3p( 5)  4p( 1)  4d( 1)  4f( 3)
 2S1 2P1 2P1 2D1 2H1 3P  2D  1G  2F 
  3s( 1)  3p( 5)  4p( 1)  4d( 1)  4f( 3)
 2S1 2P1 2P1 2D1 2H1 3P  2D  3D  2F 
  3s( 1)  3p( 5)  4p( 1)  4d( 1)  4f( 3)
 2S1 2P1 2P1 2D1 2H1 3P  2D  3F  2F 
  3s( 1)  3p( 5)  4p( 1)  4d( 1)  4f( 3)
 2S1 2P1 2P1 2D1 2H1 3P  2D  3G  2F 
  3s( 1)  3p( 5)  4p( 1)  4d( 1)  4f( 3)
 2S1 2P1 2P1 2D1 2H1 3P  4S  3D  2F 
  3s( 1)  3p( 5)  4p( 1)  4d( 1)  4f( 3)
 2S1 2P1 2P1 2D1 2H1 3P  4P  3D  2F 
  3s( 1)  3p( 5)  4p( 1)  4d( 1)  4f( 3)
 2S1 2P1 2P1 2D1 2H1 3P  4P  3F  2F 
  3s( 1)  3p( 5)  4p( 1)  4d( 1)  4f( 3)
 2S1 2P1 2P1 2D1 2H1 3P  4D  3D  2F 
  3s( 1)  3p( 5)  4p( 1)  4d( 1)  4f( 3)
 2S1 2P1 2P1 2D1 2H1 3P  4D  3F  2F 
  3s( 1)  3p( 5)  4p( 1)  4d( 1)  4f( 3)
 2S1 2P1 2P1 2D1 2H1 3P  4D  3G  2F 
  3s( 1)  3p( 5)  4p( 1)  4d( 1)  4f( 3)
 2S1 2P1 2P1 2D1 2H2 1P  2S  1D  2F 
  3s( 1)  3p( 5)  4p( 1)  4d( 1)  4f( 3)
 2S1 2P1 2P1 2D1 2H2 1P  2S  3D  2F 
  3s( 1)  3p( 5)  4p( 1)  4d( 1)  4f( 3)
 2S1 2P1 2P1 2D1 2H2 1P  2P  1D  2F 
  3s( 1)  3p( 5)  4p( 1)  4d( 1)  4f( 3)
 2S1 2P1 2P1 2D1 2H2 1P  2P  1F  2F 
  3s( 1)  3p( 5)  4p( 1)  4d( 1)  4f( 3)
 2S1 2P1 2P1 2D1 2H2 1P  2P  3D  2F 
  3s( 1)  3p( 5)  4p( 1)  4d( 1)  4f( 3)
 2S1 2P1 2P1 2D1 2H2 1P  2P  3F  2F 
  3s( 1)  3p( 5)  4p( 1)  4d( 1)  4f( 3)
 2S1 2P1 2P1 2D1 2H2 1P  2D  1D  2F 
  3s( 1)  3p( 5)  4p( 1)  4d( 1)  4f( 3)
 2S1 2P1 2P1 2D1 2H2 1P  2D  1F  2F 
  3s( 1)  3p( 5)  4p( 1)  4d( 1)  4f( 3)
 2S1 2P1 2P1 2D1 2H2 1P  2D  1G  2F 
  3s( 1)  3p( 5)  4p( 1)  4d( 1)  4f( 3)
 2S1 2P1 2P1 2D1 2H2 1P  2D  3D  2F 
  3s( 1)  3p( 5)  4p( 1)  4d( 1)  4f( 3)
 2S1 2P1 2P1 2D1 2H2 1P  2D  3F  2F 
  3s( 1)  3p( 5)  4p( 1)  4d( 1)  4f( 3)
 2S1 2P1 2P1 2D1 2H2 1P  2D  3G  2F 
  3s( 1)  3p( 5)  4p( 1)  4d( 1)  4f( 3)
 2S1 2P1 2P1 2D1 2H2 3P  2S  1D  2F 
  3s( 1)  3p( 5)  4p( 1)  4d( 1)  4f( 3)
 2S1 2P1 2P1 2D1 2H2 3P  2S  3D  2F 
  3s( 1)  3p( 5)  4p( 1)  4d( 1)  4f( 3)
 2S1 2P1 2P1 2D1 2H2 3P  2P  1D  2F 
  3s( 1)  3p( 5)  4p( 1)  4d( 1)  4f( 3)
 2S1 2P1 2P1 2D1 2H2 3P  2P  1F  2F 
  3s( 1)  3p( 5)  4p( 1)  4d( 1)  4f( 3)
 2S1 2P1 2P1 2D1 2H2 3P  2P  3D  2F 
  3s( 1)  3p( 5)  4p( 1)  4d( 1)  4f( 3)
 2S1 2P1 2P1 2D1 2H2 3P  2P  3F  2F 
  3s( 1)  3p( 5)  4p( 1)  4d( 1)  4f( 3)
 2S1 2P1 2P1 2D1 2H2 3P  2D  1D  2F 
  3s( 1)  3p( 5)  4p( 1)  4d( 1)  4f( 3)
 2S1 2P1 2P1 2D1 2H2 3P  2D  1F  2F 
  3s( 1)  3p( 5)  4p( 1)  4d( 1)  4f( 3)
 2S1 2P1 2P1 2D1 2H2 3P  2D  1G  2F 
  3s( 1)  3p( 5)  4p( 1)  4d( 1)  4f( 3)
 2S1 2P1 2P1 2D1 2H2 3P  2D  3D  2F 
  3s( 1)  3p( 5)  4p( 1)  4d( 1)  4f( 3)
 2S1 2P1 2P1 2D1 2H2 3P  2D  3F  2F 
  3s( 1)  3p( 5)  4p( 1)  4d( 1)  4f( 3)
 2S1 2P1 2P1 2D1 2H2 3P  2D  3G  2F 
  3s( 1)  3p( 5)  4p( 1)  4d( 1)  4f( 3)
 2S1 2P1 2P1 2D1 2H2 3P  4S  3D  2F 
  3s( 1)  3p( 5)  4p( 1)  4d( 1)  4f( 3)
 2S1 2P1 2P1 2D1 2H2 3P  4P  3D  2F 
  3s( 1)  3p( 5)  4p( 1)  4d( 1)  4f( 3)
 2S1 2P1 2P1 2D1 2H2 3P  4P  3F  2F 
  3s( 1)  3p( 5)  4p( 1)  4d( 1)  4f( 3)
 2S1 2P1 2P1 2D1 2H2 3P  4D  3D  2F 
  3s( 1)  3p( 5)  4p( 1)  4d( 1)  4f( 3)
 2S1 2P1 2P1 2D1 2H2 3P  4D  3F  2F 
  3s( 1)  3p( 5)  4p( 1)  4d( 1)  4f( 3)
 2S1 2P1 2P1 2D1 2H2 3P  4D  3G  2F 
  3s( 1)  3p( 5)  4p( 1)  4d( 1)  4f( 3)
 2S1 2P1 2P1 2D1 2I1 1P  2P  1F  2F 
  3s( 1)  3p( 5)  4p( 1)  4d( 1)  4f( 3)
 2S1 2P1 2P1 2D1 2I1 1P  2P  3F  2F 
  3s( 1)  3p( 5)  4p( 1)  4d( 1)  4f( 3)
 2S1 2P1 2P1 2D1 2I1 1P  2D  1F  2F 
  3s( 1)  3p( 5)  4p( 1)  4d( 1)  4f( 3)
 2S1 2P1 2P1 2D1 2I1 1P  2D  1G  2F 
  3s( 1)  3p( 5)  4p( 1)  4d( 1)  4f( 3)
 2S1 2P1 2P1 2D1 2I1 1P  2D  3F  2F 
  3s( 1)  3p( 5)  4p( 1)  4d( 1)  4f( 3)
 2S1 2P1 2P1 2D1 2I1 1P  2D  3G  2F 
  3s( 1)  3p( 5)  4p( 1)  4d( 1)  4f( 3)
 2S1 2P1 2P1 2D1 2I1 3P  2P  1F  2F 
  3s( 1)  3p( 5)  4p( 1)  4d( 1)  4f( 3)
 2S1 2P1 2P1 2D1 2I1 3P  2P  3F  2F 
  3s( 1)  3p( 5)  4p( 1)  4d( 1)  4f( 3)
 2S1 2P1 2P1 2D1 2I1 3P  2D  1F  2F 
  3s( 1)  3p( 5)  4p( 1)  4d( 1)  4f( 3)
 2S1 2P1 2P1 2D1 2I1 3P  2D  1G  2F 
  3s( 1)  3p( 5)  4p( 1)  4d( 1)  4f( 3)
 2S1 2P1 2P1 2D1 2I1 3P  2D  3F  2F 
  3s( 1)  3p( 5)  4p( 1)  4d( 1)  4f( 3)
 2S1 2P1 2P1 2D1 2I1 3P  2D  3G  2F 
  3s( 1)  3p( 5)  4p( 1)  4d( 1)  4f( 3)
 2S1 2P1 2P1 2D1 2I1 3P  4P  3F  2F 
  3s( 1)  3p( 5)  4p( 1)  4d( 1)  4f( 3)
 2S1 2P1 2P1 2D1 2I1 3P  4D  3F  2F 
  3s( 1)  3p( 5)  4p( 1)  4d( 1)  4f( 3)
 2S1 2P1 2P1 2D1 2I1 3P  4D  3G  2F 
  3s( 1)  3p( 5)  4p( 1)  4d( 1)  4f( 3)
 2S1 2P1 2P1 2D1 2K1 1P  2D  1G  2F 
  3s( 1)  3p( 5)  4p( 1)  4d( 1)  4f( 3)
 2S1 2P1 2P1 2D1 2K1 1P  2D  3G  2F 
  3s( 1)  3p( 5)  4p( 1)  4d( 1)  4f( 3)
 2S1 2P1 2P1 2D1 2K1 3P  2D  1G  2F 
  3s( 1)  3p( 5)  4p( 1)  4d( 1)  4f( 3)
 2S1 2P1 2P1 2D1 2K1 3P  2D  3G  2F 
  3s( 1)  3p( 5)  4p( 1)  4d( 1)  4f( 3)
 2S1 2P1 2P1 2D1 2K1 3P  4D  3G  2F 
  3s( 1)  3p( 5)  4p( 1)  4d( 1)  4f( 3)
 2S1 2P1 2P1 2D1 4S1 1P  2P  3F  2F 
  3s( 1)  3p( 5)  4p( 1)  4d( 1)  4f( 3)
 2S1 2P1 2P1 2D1 4S1 1P  2D  3F  2F 
  3s( 1)  3p( 5)  4p( 1)  4d( 1)  4f( 3)
 2S1 2P1 2P1 2D1 4S1 3P  2P  3F  2F 
  3s( 1)  3p( 5)  4p( 1)  4d( 1)  4f( 3)
 2S1 2P1 2P1 2D1 4S1 3P  2D  3F  2F 
  3s( 1)  3p( 5)  4p( 1)  4d( 1)  4f( 3)
 2S1 2P1 2P1 2D1 4S1 3P  4P  3F  2F 
  3s( 1)  3p( 5)  4p( 1)  4d( 1)  4f( 3)
 2S1 2P1 2P1 2D1 4S1 3P  4P  5F  2F 
  3s( 1)  3p( 5)  4p( 1)  4d( 1)  4f( 3)
 2S1 2P1 2P1 2D1 4S1 3P  4D  3F  2F 
  3s( 1)  3p( 5)  4p( 1)  4d( 1)  4f( 3)
 2S1 2P1 2P1 2D1 4S1 3P  4D  5F  2F 
  3s( 1)  3p( 5)  4p( 1)  4d( 1)  4f( 3)
 2S1 2P1 2P1 2D1 4D1 1P  2S  3D  2F 
  3s( 1)  3p( 5)  4p( 1)  4d( 1)  4f( 3)
 2S1 2P1 2P1 2D1 4D1 1P  2P  3P  2F 
  3s( 1)  3p( 5)  4p( 1)  4d( 1)  4f( 3)
 2S1 2P1 2P1 2D1 4D1 1P  2P  3D  2F 
  3s( 1)  3p( 5)  4p( 1)  4d( 1)  4f( 3)
 2S1 2P1 2P1 2D1 4D1 1P  2P  3F  2F 
  3s( 1)  3p( 5)  4p( 1)  4d( 1)  4f( 3)
 2S1 2P1 2P1 2D1 4D1 1P  2D  3P  2F 
  3s( 1)  3p( 5)  4p( 1)  4d( 1)  4f( 3)
 2S1 2P1 2P1 2D1 4D1 1P  2D  3D  2F 
  3s( 1)  3p( 5)  4p( 1)  4d( 1)  4f( 3)
 2S1 2P1 2P1 2D1 4D1 1P  2D  3F  2F 
  3s( 1)  3p( 5)  4p( 1)  4d( 1)  4f( 3)
 2S1 2P1 2P1 2D1 4D1 1P  2D  3G  2F 
  3s( 1)  3p( 5)  4p( 1)  4d( 1)  4f( 3)
 2S1 2P1 2P1 2D1 4D1 3P  2S  3D  2F 
  3s( 1)  3p( 5)  4p( 1)  4d( 1)  4f( 3)
 2S1 2P1 2P1 2D1 4D1 3P  2P  3P  2F 
  3s( 1)  3p( 5)  4p( 1)  4d( 1)  4f( 3)
 2S1 2P1 2P1 2D1 4D1 3P  2P  3D  2F 
  3s( 1)  3p( 5)  4p( 1)  4d( 1)  4f( 3)
 2S1 2P1 2P1 2D1 4D1 3P  2P  3F  2F 
  3s( 1)  3p( 5)  4p( 1)  4d( 1)  4f( 3)
 2S1 2P1 2P1 2D1 4D1 3P  2D  3P  2F 
  3s( 1)  3p( 5)  4p( 1)  4d( 1)  4f( 3)
 2S1 2P1 2P1 2D1 4D1 3P  2D  3D  2F 
  3s( 1)  3p( 5)  4p( 1)  4d( 1)  4f( 3)
 2S1 2P1 2P1 2D1 4D1 3P  2D  3F  2F 
  3s( 1)  3p( 5)  4p( 1)  4d( 1)  4f( 3)
 2S1 2P1 2P1 2D1 4D1 3P  2D  3G  2F 
  3s( 1)  3p( 5)  4p( 1)  4d( 1)  4f( 3)
 2S1 2P1 2P1 2D1 4D1 3P  4S  3D  2F 
  3s( 1)  3p( 5)  4p( 1)  4d( 1)  4f( 3)
 2S1 2P1 2P1 2D1 4D1 3P  4S  5D  2F 
  3s( 1)  3p( 5)  4p( 1)  4d( 1)  4f( 3)
 2S1 2P1 2P1 2D1 4D1 3P  4P  3P  2F 
  3s( 1)  3p( 5)  4p( 1)  4d( 1)  4f( 3)
 2S1 2P1 2P1 2D1 4D1 3P  4P  3D  2F 
  3s( 1)  3p( 5)  4p( 1)  4d( 1)  4f( 3)
 2S1 2P1 2P1 2D1 4D1 3P  4P  3F  2F 
  3s( 1)  3p( 5)  4p( 1)  4d( 1)  4f( 3)
 2S1 2P1 2P1 2D1 4D1 3P  4P  5P  2F 
  3s( 1)  3p( 5)  4p( 1)  4d( 1)  4f( 3)
 2S1 2P1 2P1 2D1 4D1 3P  4P  5D  2F 
  3s( 1)  3p( 5)  4p( 1)  4d( 1)  4f( 3)
 2S1 2P1 2P1 2D1 4D1 3P  4P  5F  2F 
  3s( 1)  3p( 5)  4p( 1)  4d( 1)  4f( 3)
 2S1 2P1 2P1 2D1 4D1 3P  4D  3P  2F 
  3s( 1)  3p( 5)  4p( 1)  4d( 1)  4f( 3)
 2S1 2P1 2P1 2D1 4D1 3P  4D  3D  2F 
  3s( 1)  3p( 5)  4p( 1)  4d( 1)  4f( 3)
 2S1 2P1 2P1 2D1 4D1 3P  4D  3F  2F 
  3s( 1)  3p( 5)  4p( 1)  4d( 1)  4f( 3)
 2S1 2P1 2P1 2D1 4D1 3P  4D  3G  2F 
  3s( 1)  3p( 5)  4p( 1)  4d( 1)  4f( 3)
 2S1 2P1 2P1 2D1 4D1 3P  4D  5P  2F 
  3s( 1)  3p( 5)  4p( 1)  4d( 1)  4f( 3)
 2S1 2P1 2P1 2D1 4D1 3P  4D  5D  2F 
  3s( 1)  3p( 5)  4p( 1)  4d( 1)  4f( 3)
 2S1 2P1 2P1 2D1 4D1 3P  4D  5F  2F 
  3s( 1)  3p( 5)  4p( 1)  4d( 1)  4f( 3)
 2S1 2P1 2P1 2D1 4D1 3P  4D  5G  2F 
  3s( 1)  3p( 5)  4p( 1)  4d( 1)  4f( 3)
 2S1 2P1 2P1 2D1 4F1 1P  2S  3D  2F 
  3s( 1)  3p( 5)  4p( 1)  4d( 1)  4f( 3)
 2S1 2P1 2P1 2D1 4F1 1P  2P  3P  2F 
  3s( 1)  3p( 5)  4p( 1)  4d( 1)  4f( 3)
 2S1 2P1 2P1 2D1 4F1 1P  2P  3D  2F 
  3s( 1)  3p( 5)  4p( 1)  4d( 1)  4f( 3)
 2S1 2P1 2P1 2D1 4F1 1P  2P  3F  2F 
  3s( 1)  3p( 5)  4p( 1)  4d( 1)  4f( 3)
 2S1 2P1 2P1 2D1 4F1 1P  2D  3S  2F 
  3s( 1)  3p( 5)  4p( 1)  4d( 1)  4f( 3)
 2S1 2P1 2P1 2D1 4F1 1P  2D  3P  2F 
  3s( 1)  3p( 5)  4p( 1)  4d( 1)  4f( 3)
 2S1 2P1 2P1 2D1 4F1 1P  2D  3D  2F 
  3s( 1)  3p( 5)  4p( 1)  4d( 1)  4f( 3)
 2S1 2P1 2P1 2D1 4F1 1P  2D  3F  2F 
  3s( 1)  3p( 5)  4p( 1)  4d( 1)  4f( 3)
 2S1 2P1 2P1 2D1 4F1 1P  2D  3G  2F 
  3s( 1)  3p( 5)  4p( 1)  4d( 1)  4f( 3)
 2S1 2P1 2P1 2D1 4F1 3P  2S  3D  2F 
  3s( 1)  3p( 5)  4p( 1)  4d( 1)  4f( 3)
 2S1 2P1 2P1 2D1 4F1 3P  2P  3P  2F 
  3s( 1)  3p( 5)  4p( 1)  4d( 1)  4f( 3)
 2S1 2P1 2P1 2D1 4F1 3P  2P  3D  2F 
  3s( 1)  3p( 5)  4p( 1)  4d( 1)  4f( 3)
 2S1 2P1 2P1 2D1 4F1 3P  2P  3F  2F 
  3s( 1)  3p( 5)  4p( 1)  4d( 1)  4f( 3)
 2S1 2P1 2P1 2D1 4F1 3P  2D  3S  2F 
  3s( 1)  3p( 5)  4p( 1)  4d( 1)  4f( 3)
 2S1 2P1 2P1 2D1 4F1 3P  2D  3P  2F 
  3s( 1)  3p( 5)  4p( 1)  4d( 1)  4f( 3)
 2S1 2P1 2P1 2D1 4F1 3P  2D  3D  2F 
  3s( 1)  3p( 5)  4p( 1)  4d( 1)  4f( 3)
 2S1 2P1 2P1 2D1 4F1 3P  2D  3F  2F 
  3s( 1)  3p( 5)  4p( 1)  4d( 1)  4f( 3)
 2S1 2P1 2P1 2D1 4F1 3P  2D  3G  2F 
  3s( 1)  3p( 5)  4p( 1)  4d( 1)  4f( 3)
 2S1 2P1 2P1 2D1 4F1 3P  4S  3D  2F 
  3s( 1)  3p( 5)  4p( 1)  4d( 1)  4f( 3)
 2S1 2P1 2P1 2D1 4F1 3P  4S  5D  2F 
  3s( 1)  3p( 5)  4p( 1)  4d( 1)  4f( 3)
 2S1 2P1 2P1 2D1 4F1 3P  4P  3P  2F 
  3s( 1)  3p( 5)  4p( 1)  4d( 1)  4f( 3)
 2S1 2P1 2P1 2D1 4F1 3P  4P  3D  2F 
  3s( 1)  3p( 5)  4p( 1)  4d( 1)  4f( 3)
 2S1 2P1 2P1 2D1 4F1 3P  4P  3F  2F 
  3s( 1)  3p( 5)  4p( 1)  4d( 1)  4f( 3)
 2S1 2P1 2P1 2D1 4F1 3P  4P  5P  2F 
  3s( 1)  3p( 5)  4p( 1)  4d( 1)  4f( 3)
 2S1 2P1 2P1 2D1 4F1 3P  4P  5D  2F 
  3s( 1)  3p( 5)  4p( 1)  4d( 1)  4f( 3)
 2S1 2P1 2P1 2D1 4F1 3P  4P  5F  2F 
  3s( 1)  3p( 5)  4p( 1)  4d( 1)  4f( 3)
 2S1 2P1 2P1 2D1 4F1 3P  4D  3S  2F 
  3s( 1)  3p( 5)  4p( 1)  4d( 1)  4f( 3)
 2S1 2P1 2P1 2D1 4F1 3P  4D  3P  2F 
  3s( 1)  3p( 5)  4p( 1)  4d( 1)  4f( 3)
 2S1 2P1 2P1 2D1 4F1 3P  4D  3D  2F 
  3s( 1)  3p( 5)  4p( 1)  4d( 1)  4f( 3)
 2S1 2P1 2P1 2D1 4F1 3P  4D  3F  2F 
  3s( 1)  3p( 5)  4p( 1)  4d( 1)  4f( 3)
 2S1 2P1 2P1 2D1 4F1 3P  4D  3G  2F 
  3s( 1)  3p( 5)  4p( 1)  4d( 1)  4f( 3)
 2S1 2P1 2P1 2D1 4F1 3P  4D  5S  2F 
  3s( 1)  3p( 5)  4p( 1)  4d( 1)  4f( 3)
 2S1 2P1 2P1 2D1 4F1 3P  4D  5P  2F 
  3s( 1)  3p( 5)  4p( 1)  4d( 1)  4f( 3)
 2S1 2P1 2P1 2D1 4F1 3P  4D  5D  2F 
  3s( 1)  3p( 5)  4p( 1)  4d( 1)  4f( 3)
 2S1 2P1 2P1 2D1 4F1 3P  4D  5F  2F 
  3s( 1)  3p( 5)  4p( 1)  4d( 1)  4f( 3)
 2S1 2P1 2P1 2D1 4F1 3P  4D  5G  2F 
  3s( 1)  3p( 5)  4p( 1)  4d( 1)  4f( 3)
 2S1 2P1 2P1 2D1 4G1 1P  2S  3D  2F 
  3s( 1)  3p( 5)  4p( 1)  4d( 1)  4f( 3)
 2S1 2P1 2P1 2D1 4G1 1P  2P  3P  2F 
  3s( 1)  3p( 5)  4p( 1)  4d( 1)  4f( 3)
 2S1 2P1 2P1 2D1 4G1 1P  2P  3D  2F 
  3s( 1)  3p( 5)  4p( 1)  4d( 1)  4f( 3)
 2S1 2P1 2P1 2D1 4G1 1P  2P  3F  2F 
  3s( 1)  3p( 5)  4p( 1)  4d( 1)  4f( 3)
 2S1 2P1 2P1 2D1 4G1 1P  2D  3P  2F 
  3s( 1)  3p( 5)  4p( 1)  4d( 1)  4f( 3)
 2S1 2P1 2P1 2D1 4G1 1P  2D  3D  2F 
  3s( 1)  3p( 5)  4p( 1)  4d( 1)  4f( 3)
 2S1 2P1 2P1 2D1 4G1 1P  2D  3F  2F 
  3s( 1)  3p( 5)  4p( 1)  4d( 1)  4f( 3)
 2S1 2P1 2P1 2D1 4G1 1P  2D  3G  2F 
  3s( 1)  3p( 5)  4p( 1)  4d( 1)  4f( 3)
 2S1 2P1 2P1 2D1 4G1 3P  2S  3D  2F 
  3s( 1)  3p( 5)  4p( 1)  4d( 1)  4f( 3)
 2S1 2P1 2P1 2D1 4G1 3P  2P  3P  2F 
  3s( 1)  3p( 5)  4p( 1)  4d( 1)  4f( 3)
 2S1 2P1 2P1 2D1 4G1 3P  2P  3D  2F 
  3s( 1)  3p( 5)  4p( 1)  4d( 1)  4f( 3)
 2S1 2P1 2P1 2D1 4G1 3P  2P  3F  2F 
  3s( 1)  3p( 5)  4p( 1)  4d( 1)  4f( 3)
 2S1 2P1 2P1 2D1 4G1 3P  2D  3P  2F 
  3s( 1)  3p( 5)  4p( 1)  4d( 1)  4f( 3)
 2S1 2P1 2P1 2D1 4G1 3P  2D  3D  2F 
  3s( 1)  3p( 5)  4p( 1)  4d( 1)  4f( 3)
 2S1 2P1 2P1 2D1 4G1 3P  2D  3F  2F 
  3s( 1)  3p( 5)  4p( 1)  4d( 1)  4f( 3)
 2S1 2P1 2P1 2D1 4G1 3P  2D  3G  2F 
  3s( 1)  3p( 5)  4p( 1)  4d( 1)  4f( 3)
 2S1 2P1 2P1 2D1 4G1 3P  4S  3D  2F 
  3s( 1)  3p( 5)  4p( 1)  4d( 1)  4f( 3)
 2S1 2P1 2P1 2D1 4G1 3P  4S  5D  2F 
  3s( 1)  3p( 5)  4p( 1)  4d( 1)  4f( 3)
 2S1 2P1 2P1 2D1 4G1 3P  4P  3P  2F 
  3s( 1)  3p( 5)  4p( 1)  4d( 1)  4f( 3)
 2S1 2P1 2P1 2D1 4G1 3P  4P  3D  2F 
  3s( 1)  3p( 5)  4p( 1)  4d( 1)  4f( 3)
 2S1 2P1 2P1 2D1 4G1 3P  4P  3F  2F 
  3s( 1)  3p( 5)  4p( 1)  4d( 1)  4f( 3)
 2S1 2P1 2P1 2D1 4G1 3P  4P  5P  2F 
  3s( 1)  3p( 5)  4p( 1)  4d( 1)  4f( 3)
 2S1 2P1 2P1 2D1 4G1 3P  4P  5D  2F 
  3s( 1)  3p( 5)  4p( 1)  4d( 1)  4f( 3)
 2S1 2P1 2P1 2D1 4G1 3P  4P  5F  2F 
  3s( 1)  3p( 5)  4p( 1)  4d( 1)  4f( 3)
 2S1 2P1 2P1 2D1 4G1 3P  4D  3P  2F 
  3s( 1)  3p( 5)  4p( 1)  4d( 1)  4f( 3)
 2S1 2P1 2P1 2D1 4G1 3P  4D  3D  2F 
  3s( 1)  3p( 5)  4p( 1)  4d( 1)  4f( 3)
 2S1 2P1 2P1 2D1 4G1 3P  4D  3F  2F 
  3s( 1)  3p( 5)  4p( 1)  4d( 1)  4f( 3)
 2S1 2P1 2P1 2D1 4G1 3P  4D  3G  2F 
  3s( 1)  3p( 5)  4p( 1)  4d( 1)  4f( 3)
 2S1 2P1 2P1 2D1 4G1 3P  4D  5P  2F 
  3s( 1)  3p( 5)  4p( 1)  4d( 1)  4f( 3)
 2S1 2P1 2P1 2D1 4G1 3P  4D  5D  2F 
  3s( 1)  3p( 5)  4p( 1)  4d( 1)  4f( 3)
 2S1 2P1 2P1 2D1 4G1 3P  4D  5F  2F 
  3s( 1)  3p( 5)  4p( 1)  4d( 1)  4f( 3)
 2S1 2P1 2P1 2D1 4G1 3P  4D  5G  2F 
  3s( 1)  3p( 5)  4p( 1)  4d( 1)  4f( 3)
 2S1 2P1 2P1 2D1 4I1 1P  2P  3F  2F 
  3s( 1)  3p( 5)  4p( 1)  4d( 1)  4f( 3)
 2S1 2P1 2P1 2D1 4I1 1P  2D  3F  2F 
  3s( 1)  3p( 5)  4p( 1)  4d( 1)  4f( 3)
 2S1 2P1 2P1 2D1 4I1 1P  2D  3G  2F 
  3s( 1)  3p( 5)  4p( 1)  4d( 1)  4f( 3)
 2S1 2P1 2P1 2D1 4I1 3P  2P  3F  2F 
  3s( 1)  3p( 5)  4p( 1)  4d( 1)  4f( 3)
 2S1 2P1 2P1 2D1 4I1 3P  2D  3F  2F 
  3s( 1)  3p( 5)  4p( 1)  4d( 1)  4f( 3)
 2S1 2P1 2P1 2D1 4I1 3P  2D  3G  2F 
  3s( 1)  3p( 5)  4p( 1)  4d( 1)  4f( 3)
 2S1 2P1 2P1 2D1 4I1 3P  4P  3F  2F 
  3s( 1)  3p( 5)  4p( 1)  4d( 1)  4f( 3)
 2S1 2P1 2P1 2D1 4I1 3P  4P  5F  2F 
  3s( 1)  3p( 5)  4p( 1)  4d( 1)  4f( 3)
 2S1 2P1 2P1 2D1 4I1 3P  4D  3F  2F 
  3s( 1)  3p( 5)  4p( 1)  4d( 1)  4f( 3)
 2S1 2P1 2P1 2D1 4I1 3P  4D  3G  2F 
  3s( 1)  3p( 5)  4p( 1)  4d( 1)  4f( 3)
 2S1 2P1 2P1 2D1 4I1 3P  4D  5F  2F 
  3s( 1)  3p( 5)  4p( 1)  4d( 1)  4f( 3)
 2S1 2P1 2P1 2D1 4I1 3P  4D  5G  2F 
  3s( 1)  3p( 5)  4d( 1)  4f( 4)
 2S1 2P1 2D1 1S1 1P  2F  2F 
  3s( 1)  3p( 5)  4d( 1)  4f( 4)
 2S1 2P1 2D1 1S1 3P  2F  2F 
  3s( 1)  3p( 5)  4d( 1)  4f( 4)
 2S1 2P1 2D1 1S2 1P  2F  2F 
  3s( 1)  3p( 5)  4d( 1)  4f( 4)
 2S1 2P1 2D1 1S2 3P  2F  2F 
  3s( 1)  3p( 5)  4d( 1)  4f( 4)
 2S1 2P1 2D1 1D1 1P  2P  2F 
  3s( 1)  3p( 5)  4d( 1)  4f( 4)
 2S1 2P1 2D1 1D1 1P  2D  2F 
  3s( 1)  3p( 5)  4d( 1)  4f( 4)
 2S1 2P1 2D1 1D1 1P  2F  2F 
  3s( 1)  3p( 5)  4d( 1)  4f( 4)
 2S1 2P1 2D1 1D1 3P  2P  2F 
  3s( 1)  3p( 5)  4d( 1)  4f( 4)
 2S1 2P1 2D1 1D1 3P  2D  2F 
  3s( 1)  3p( 5)  4d( 1)  4f( 4)
 2S1 2P1 2D1 1D1 3P  2F  2F 
  3s( 1)  3p( 5)  4d( 1)  4f( 4)
 2S1 2P1 2D1 1D2 1P  2P  2F 
  3s( 1)  3p( 5)  4d( 1)  4f( 4)
 2S1 2P1 2D1 1D2 1P  2D  2F 
  3s( 1)  3p( 5)  4d( 1)  4f( 4)
 2S1 2P1 2D1 1D2 1P  2F  2F 
  3s( 1)  3p( 5)  4d( 1)  4f( 4)
 2S1 2P1 2D1 1D2 3P  2P  2F 
  3s( 1)  3p( 5)  4d( 1)  4f( 4)
 2S1 2P1 2D1 1D2 3P  2D  2F 
  3s( 1)  3p( 5)  4d( 1)  4f( 4)
 2S1 2P1 2D1 1D2 3P  2F  2F 
  3s( 1)  3p( 5)  4d( 1)  4f( 4)
 2S1 2P1 2D1 1D3 1P  2P  2F 
  3s( 1)  3p( 5)  4d( 1)  4f( 4)
 2S1 2P1 2D1 1D3 1P  2D  2F 
  3s( 1)  3p( 5)  4d( 1)  4f( 4)
 2S1 2P1 2D1 1D3 1P  2F  2F 
  3s( 1)  3p( 5)  4d( 1)  4f( 4)
 2S1 2P1 2D1 1D3 3P  2P  2F 
  3s( 1)  3p( 5)  4d( 1)  4f( 4)
 2S1 2P1 2D1 1D3 3P  2D  2F 
  3s( 1)  3p( 5)  4d( 1)  4f( 4)
 2S1 2P1 2D1 1D3 3P  2F  2F 
  3s( 1)  3p( 5)  4d( 1)  4f( 4)
 2S1 2P1 2D1 1D4 1P  2P  2F 
  3s( 1)  3p( 5)  4d( 1)  4f( 4)
 2S1 2P1 2D1 1D4 1P  2D  2F 
  3s( 1)  3p( 5)  4d( 1)  4f( 4)
 2S1 2P1 2D1 1D4 1P  2F  2F 
  3s( 1)  3p( 5)  4d( 1)  4f( 4)
 2S1 2P1 2D1 1D4 3P  2P  2F 
  3s( 1)  3p( 5)  4d( 1)  4f( 4)
 2S1 2P1 2D1 1D4 3P  2D  2F 
  3s( 1)  3p( 5)  4d( 1)  4f( 4)
 2S1 2P1 2D1 1D4 3P  2F  2F 
  3s( 1)  3p( 5)  4d( 1)  4f( 4)
 2S1 2P1 2D1 1F1 1P  2P  2F 
  3s( 1)  3p( 5)  4d( 1)  4f( 4)
 2S1 2P1 2D1 1F1 1P  2D  2F 
  3s( 1)  3p( 5)  4d( 1)  4f( 4)
 2S1 2P1 2D1 1F1 1P  2F  2F 
  3s( 1)  3p( 5)  4d( 1)  4f( 4)
 2S1 2P1 2D1 1F1 3P  2P  2F 
  3s( 1)  3p( 5)  4d( 1)  4f( 4)
 2S1 2P1 2D1 1F1 3P  2D  2F 
  3s( 1)  3p( 5)  4d( 1)  4f( 4)
 2S1 2P1 2D1 1F1 3P  2F  2F 
  3s( 1)  3p( 5)  4d( 1)  4f( 4)
 2S1 2P1 2D1 1G1 1P  2P  2F 
  3s( 1)  3p( 5)  4d( 1)  4f( 4)
 2S1 2P1 2D1 1G1 1P  2D  2F 
  3s( 1)  3p( 5)  4d( 1)  4f( 4)
 2S1 2P1 2D1 1G1 1P  2F  2F 
  3s( 1)  3p( 5)  4d( 1)  4f( 4)
 2S1 2P1 2D1 1G1 3P  2P  2F 
  3s( 1)  3p( 5)  4d( 1)  4f( 4)
 2S1 2P1 2D1 1G1 3P  2D  2F 
  3s( 1)  3p( 5)  4d( 1)  4f( 4)
 2S1 2P1 2D1 1G1 3P  2F  2F 
  3s( 1)  3p( 5)  4d( 1)  4f( 4)
 2S1 2P1 2D1 1G2 1P  2P  2F 
  3s( 1)  3p( 5)  4d( 1)  4f( 4)
 2S1 2P1 2D1 1G2 1P  2D  2F 
  3s( 1)  3p( 5)  4d( 1)  4f( 4)
 2S1 2P1 2D1 1G2 1P  2F  2F 
  3s( 1)  3p( 5)  4d( 1)  4f( 4)
 2S1 2P1 2D1 1G2 3P  2P  2F 
  3s( 1)  3p( 5)  4d( 1)  4f( 4)
 2S1 2P1 2D1 1G2 3P  2D  2F 
  3s( 1)  3p( 5)  4d( 1)  4f( 4)
 2S1 2P1 2D1 1G2 3P  2F  2F 
  3s( 1)  3p( 5)  4d( 1)  4f( 4)
 2S1 2P1 2D1 1G3 1P  2P  2F 
  3s( 1)  3p( 5)  4d( 1)  4f( 4)
 2S1 2P1 2D1 1G3 1P  2D  2F 
  3s( 1)  3p( 5)  4d( 1)  4f( 4)
 2S1 2P1 2D1 1G3 1P  2F  2F 
  3s( 1)  3p( 5)  4d( 1)  4f( 4)
 2S1 2P1 2D1 1G3 3P  2P  2F 
  3s( 1)  3p( 5)  4d( 1)  4f( 4)
 2S1 2P1 2D1 1G3 3P  2D  2F 
  3s( 1)  3p( 5)  4d( 1)  4f( 4)
 2S1 2P1 2D1 1G3 3P  2F  2F 
  3s( 1)  3p( 5)  4d( 1)  4f( 4)
 2S1 2P1 2D1 1G4 1P  2P  2F 
  3s( 1)  3p( 5)  4d( 1)  4f( 4)
 2S1 2P1 2D1 1G4 1P  2D  2F 
  3s( 1)  3p( 5)  4d( 1)  4f( 4)
 2S1 2P1 2D1 1G4 1P  2F  2F 
  3s( 1)  3p( 5)  4d( 1)  4f( 4)
 2S1 2P1 2D1 1G4 3P  2P  2F 
  3s( 1)  3p( 5)  4d( 1)  4f( 4)
 2S1 2P1 2D1 1G4 3P  2D  2F 
  3s( 1)  3p( 5)  4d( 1)  4f( 4)
 2S1 2P1 2D1 1G4 3P  2F  2F 
  3s( 1)  3p( 5)  4d( 1)  4f( 4)
 2S1 2P1 2D1 1H1 1P  2D  2F 
  3s( 1)  3p( 5)  4d( 1)  4f( 4)
 2S1 2P1 2D1 1H1 1P  2F  2F 
  3s( 1)  3p( 5)  4d( 1)  4f( 4)
 2S1 2P1 2D1 1H1 3P  2D  2F 
  3s( 1)  3p( 5)  4d( 1)  4f( 4)
 2S1 2P1 2D1 1H1 3P  2F  2F 
  3s( 1)  3p( 5)  4d( 1)  4f( 4)
 2S1 2P1 2D1 1H2 1P  2D  2F 
  3s( 1)  3p( 5)  4d( 1)  4f( 4)
 2S1 2P1 2D1 1H2 1P  2F  2F 
  3s( 1)  3p( 5)  4d( 1)  4f( 4)
 2S1 2P1 2D1 1H2 3P  2D  2F 
  3s( 1)  3p( 5)  4d( 1)  4f( 4)
 2S1 2P1 2D1 1H2 3P  2F  2F 
  3s( 1)  3p( 5)  4d( 1)  4f( 4)
 2S1 2P1 2D1 1I1 1P  2F  2F 
  3s( 1)  3p( 5)  4d( 1)  4f( 4)
 2S1 2P1 2D1 1I1 3P  2F  2F 
  3s( 1)  3p( 5)  4d( 1)  4f( 4)
 2S1 2P1 2D1 1I2 1P  2F  2F 
  3s( 1)  3p( 5)  4d( 1)  4f( 4)
 2S1 2P1 2D1 1I2 3P  2F  2F 
  3s( 1)  3p( 5)  4d( 1)  4f( 4)
 2S1 2P1 2D1 1I3 1P  2F  2F 
  3s( 1)  3p( 5)  4d( 1)  4f( 4)
 2S1 2P1 2D1 1I3 3P  2F  2F 
  3s( 1)  3p( 5)  4d( 1)  4f( 4)
 2S1 2P1 2D1 3P1 1P  2D  2F 
  3s( 1)  3p( 5)  4d( 1)  4f( 4)
 2S1 2P1 2D1 3P1 1P  2F  2F 
  3s( 1)  3p( 5)  4d( 1)  4f( 4)
 2S1 2P1 2D1 3P1 3P  2D  2F 
  3s( 1)  3p( 5)  4d( 1)  4f( 4)
 2S1 2P1 2D1 3P1 3P  2F  2F 
  3s( 1)  3p( 5)  4d( 1)  4f( 4)
 2S1 2P1 2D1 3P1 3P  4D  2F 
  3s( 1)  3p( 5)  4d( 1)  4f( 4)
 2S1 2P1 2D1 3P1 3P  4F  2F 
  3s( 1)  3p( 5)  4d( 1)  4f( 4)
 2S1 2P1 2D1 3P2 1P  2D  2F 
  3s( 1)  3p( 5)  4d( 1)  4f( 4)
 2S1 2P1 2D1 3P2 1P  2F  2F 
  3s( 1)  3p( 5)  4d( 1)  4f( 4)
 2S1 2P1 2D1 3P2 3P  2D  2F 
  3s( 1)  3p( 5)  4d( 1)  4f( 4)
 2S1 2P1 2D1 3P2 3P  2F  2F 
  3s( 1)  3p( 5)  4d( 1)  4f( 4)
 2S1 2P1 2D1 3P2 3P  4D  2F 
  3s( 1)  3p( 5)  4d( 1)  4f( 4)
 2S1 2P1 2D1 3P2 3P  4F  2F 
  3s( 1)  3p( 5)  4d( 1)  4f( 4)
 2S1 2P1 2D1 3P3 1P  2D  2F 
  3s( 1)  3p( 5)  4d( 1)  4f( 4)
 2S1 2P1 2D1 3P3 1P  2F  2F 
  3s( 1)  3p( 5)  4d( 1)  4f( 4)
 2S1 2P1 2D1 3P3 3P  2D  2F 
  3s( 1)  3p( 5)  4d( 1)  4f( 4)
 2S1 2P1 2D1 3P3 3P  2F  2F 
  3s( 1)  3p( 5)  4d( 1)  4f( 4)
 2S1 2P1 2D1 3P3 3P  4D  2F 
  3s( 1)  3p( 5)  4d( 1)  4f( 4)
 2S1 2P1 2D1 3P3 3P  4F  2F 
  3s( 1)  3p( 5)  4d( 1)  4f( 4)
 2S1 2P1 2D1 3D1 1P  2P  2F 
  3s( 1)  3p( 5)  4d( 1)  4f( 4)
 2S1 2P1 2D1 3D1 1P  2D  2F 
  3s( 1)  3p( 5)  4d( 1)  4f( 4)
 2S1 2P1 2D1 3D1 1P  2F  2F 
  3s( 1)  3p( 5)  4d( 1)  4f( 4)
 2S1 2P1 2D1 3D1 3P  2P  2F 
  3s( 1)  3p( 5)  4d( 1)  4f( 4)
 2S1 2P1 2D1 3D1 3P  2D  2F 
  3s( 1)  3p( 5)  4d( 1)  4f( 4)
 2S1 2P1 2D1 3D1 3P  2F  2F 
  3s( 1)  3p( 5)  4d( 1)  4f( 4)
 2S1 2P1 2D1 3D1 3P  4P  2F 
  3s( 1)  3p( 5)  4d( 1)  4f( 4)
 2S1 2P1 2D1 3D1 3P  4D  2F 
  3s( 1)  3p( 5)  4d( 1)  4f( 4)
 2S1 2P1 2D1 3D1 3P  4F  2F 
  3s( 1)  3p( 5)  4d( 1)  4f( 4)
 2S1 2P1 2D1 3D2 1P  2P  2F 
  3s( 1)  3p( 5)  4d( 1)  4f( 4)
 2S1 2P1 2D1 3D2 1P  2D  2F 
  3s( 1)  3p( 5)  4d( 1)  4f( 4)
 2S1 2P1 2D1 3D2 1P  2F  2F 
  3s( 1)  3p( 5)  4d( 1)  4f( 4)
 2S1 2P1 2D1 3D2 3P  2P  2F 
  3s( 1)  3p( 5)  4d( 1)  4f( 4)
 2S1 2P1 2D1 3D2 3P  2D  2F 
  3s( 1)  3p( 5)  4d( 1)  4f( 4)
 2S1 2P1 2D1 3D2 3P  2F  2F 
  3s( 1)  3p( 5)  4d( 1)  4f( 4)
 2S1 2P1 2D1 3D2 3P  4P  2F 
  3s( 1)  3p( 5)  4d( 1)  4f( 4)
 2S1 2P1 2D1 3D2 3P  4D  2F 
  3s( 1)  3p( 5)  4d( 1)  4f( 4)
 2S1 2P1 2D1 3D2 3P  4F  2F 
  3s( 1)  3p( 5)  4d( 1)  4f( 4)
 2S1 2P1 2D1 3F1 1P  2P  2F 
  3s( 1)  3p( 5)  4d( 1)  4f( 4)
 2S1 2P1 2D1 3F1 1P  2D  2F 
  3s( 1)  3p( 5)  4d( 1)  4f( 4)
 2S1 2P1 2D1 3F1 1P  2F  2F 
  3s( 1)  3p( 5)  4d( 1)  4f( 4)
 2S1 2P1 2D1 3F1 3P  2P  2F 
  3s( 1)  3p( 5)  4d( 1)  4f( 4)
 2S1 2P1 2D1 3F1 3P  2D  2F 
  3s( 1)  3p( 5)  4d( 1)  4f( 4)
 2S1 2P1 2D1 3F1 3P  2F  2F 
  3s( 1)  3p( 5)  4d( 1)  4f( 4)
 2S1 2P1 2D1 3F1 3P  4P  2F 
  3s( 1)  3p( 5)  4d( 1)  4f( 4)
 2S1 2P1 2D1 3F1 3P  4D  2F 
  3s( 1)  3p( 5)  4d( 1)  4f( 4)
 2S1 2P1 2D1 3F1 3P  4F  2F 
  3s( 1)  3p( 5)  4d( 1)  4f( 4)
 2S1 2P1 2D1 3F2 1P  2P  2F 
  3s( 1)  3p( 5)  4d( 1)  4f( 4)
 2S1 2P1 2D1 3F2 1P  2D  2F 
  3s( 1)  3p( 5)  4d( 1)  4f( 4)
 2S1 2P1 2D1 3F2 1P  2F  2F 
  3s( 1)  3p( 5)  4d( 1)  4f( 4)
 2S1 2P1 2D1 3F2 3P  2P  2F 
  3s( 1)  3p( 5)  4d( 1)  4f( 4)
 2S1 2P1 2D1 3F2 3P  2D  2F 
  3s( 1)  3p( 5)  4d( 1)  4f( 4)
 2S1 2P1 2D1 3F2 3P  2F  2F 
  3s( 1)  3p( 5)  4d( 1)  4f( 4)
 2S1 2P1 2D1 3F2 3P  4P  2F 
  3s( 1)  3p( 5)  4d( 1)  4f( 4)
 2S1 2P1 2D1 3F2 3P  4D  2F 
  3s( 1)  3p( 5)  4d( 1)  4f( 4)
 2S1 2P1 2D1 3F2 3P  4F  2F 
  3s( 1)  3p( 5)  4d( 1)  4f( 4)
 2S1 2P1 2D1 3F3 1P  2P  2F 
  3s( 1)  3p( 5)  4d( 1)  4f( 4)
 2S1 2P1 2D1 3F3 1P  2D  2F 
  3s( 1)  3p( 5)  4d( 1)  4f( 4)
 2S1 2P1 2D1 3F3 1P  2F  2F 
  3s( 1)  3p( 5)  4d( 1)  4f( 4)
 2S1 2P1 2D1 3F3 3P  2P  2F 
  3s( 1)  3p( 5)  4d( 1)  4f( 4)
 2S1 2P1 2D1 3F3 3P  2D  2F 
  3s( 1)  3p( 5)  4d( 1)  4f( 4)
 2S1 2P1 2D1 3F3 3P  2F  2F 
  3s( 1)  3p( 5)  4d( 1)  4f( 4)
 2S1 2P1 2D1 3F3 3P  4P  2F 
  3s( 1)  3p( 5)  4d( 1)  4f( 4)
 2S1 2P1 2D1 3F3 3P  4D  2F 
  3s( 1)  3p( 5)  4d( 1)  4f( 4)
 2S1 2P1 2D1 3F3 3P  4F  2F 
  3s( 1)  3p( 5)  4d( 1)  4f( 4)
 2S1 2P1 2D1 3F4 1P  2P  2F 
  3s( 1)  3p( 5)  4d( 1)  4f( 4)
 2S1 2P1 2D1 3F4 1P  2D  2F 
  3s( 1)  3p( 5)  4d( 1)  4f( 4)
 2S1 2P1 2D1 3F4 1P  2F  2F 
  3s( 1)  3p( 5)  4d( 1)  4f( 4)
 2S1 2P1 2D1 3F4 3P  2P  2F 
  3s( 1)  3p( 5)  4d( 1)  4f( 4)
 2S1 2P1 2D1 3F4 3P  2D  2F 
  3s( 1)  3p( 5)  4d( 1)  4f( 4)
 2S1 2P1 2D1 3F4 3P  2F  2F 
  3s( 1)  3p( 5)  4d( 1)  4f( 4)
 2S1 2P1 2D1 3F4 3P  4P  2F 
  3s( 1)  3p( 5)  4d( 1)  4f( 4)
 2S1 2P1 2D1 3F4 3P  4D  2F 
  3s( 1)  3p( 5)  4d( 1)  4f( 4)
 2S1 2P1 2D1 3F4 3P  4F  2F 
  3s( 1)  3p( 5)  4d( 1)  4f( 4)
 2S1 2P1 2D1 3G1 1P  2P  2F 
  3s( 1)  3p( 5)  4d( 1)  4f( 4)
 2S1 2P1 2D1 3G1 1P  2D  2F 
  3s( 1)  3p( 5)  4d( 1)  4f( 4)
 2S1 2P1 2D1 3G1 1P  2F  2F 
  3s( 1)  3p( 5)  4d( 1)  4f( 4)
 2S1 2P1 2D1 3G1 3P  2P  2F 
  3s( 1)  3p( 5)  4d( 1)  4f( 4)
 2S1 2P1 2D1 3G1 3P  2D  2F 
  3s( 1)  3p( 5)  4d( 1)  4f( 4)
 2S1 2P1 2D1 3G1 3P  2F  2F 
  3s( 1)  3p( 5)  4d( 1)  4f( 4)
 2S1 2P1 2D1 3G1 3P  4P  2F 
  3s( 1)  3p( 5)  4d( 1)  4f( 4)
 2S1 2P1 2D1 3G1 3P  4D  2F 
  3s( 1)  3p( 5)  4d( 1)  4f( 4)
 2S1 2P1 2D1 3G1 3P  4F  2F 
  3s( 1)  3p( 5)  4d( 1)  4f( 4)
 2S1 2P1 2D1 3G2 1P  2P  2F 
  3s( 1)  3p( 5)  4d( 1)  4f( 4)
 2S1 2P1 2D1 3G2 1P  2D  2F 
  3s( 1)  3p( 5)  4d( 1)  4f( 4)
 2S1 2P1 2D1 3G2 1P  2F  2F 
  3s( 1)  3p( 5)  4d( 1)  4f( 4)
 2S1 2P1 2D1 3G2 3P  2P  2F 
  3s( 1)  3p( 5)  4d( 1)  4f( 4)
 2S1 2P1 2D1 3G2 3P  2D  2F 
  3s( 1)  3p( 5)  4d( 1)  4f( 4)
 2S1 2P1 2D1 3G2 3P  2F  2F 
  3s( 1)  3p( 5)  4d( 1)  4f( 4)
 2S1 2P1 2D1 3G2 3P  4P  2F 
  3s( 1)  3p( 5)  4d( 1)  4f( 4)
 2S1 2P1 2D1 3G2 3P  4D  2F 
  3s( 1)  3p( 5)  4d( 1)  4f( 4)
 2S1 2P1 2D1 3G2 3P  4F  2F 
  3s( 1)  3p( 5)  4d( 1)  4f( 4)
 2S1 2P1 2D1 3G3 1P  2P  2F 
  3s( 1)  3p( 5)  4d( 1)  4f( 4)
 2S1 2P1 2D1 3G3 1P  2D  2F 
  3s( 1)  3p( 5)  4d( 1)  4f( 4)
 2S1 2P1 2D1 3G3 1P  2F  2F 
  3s( 1)  3p( 5)  4d( 1)  4f( 4)
 2S1 2P1 2D1 3G3 3P  2P  2F 
  3s( 1)  3p( 5)  4d( 1)  4f( 4)
 2S1 2P1 2D1 3G3 3P  2D  2F 
  3s( 1)  3p( 5)  4d( 1)  4f( 4)
 2S1 2P1 2D1 3G3 3P  2F  2F 
  3s( 1)  3p( 5)  4d( 1)  4f( 4)
 2S1 2P1 2D1 3G3 3P  4P  2F 
  3s( 1)  3p( 5)  4d( 1)  4f( 4)
 2S1 2P1 2D1 3G3 3P  4D  2F 
  3s( 1)  3p( 5)  4d( 1)  4f( 4)
 2S1 2P1 2D1 3G3 3P  4F  2F 
  3s( 1)  3p( 5)  4d( 1)  4f( 4)
 2S1 2P1 2D1 3H1 1P  2D  2F 
  3s( 1)  3p( 5)  4d( 1)  4f( 4)
 2S1 2P1 2D1 3H1 1P  2F  2F 
  3s( 1)  3p( 5)  4d( 1)  4f( 4)
 2S1 2P1 2D1 3H1 3P  2D  2F 
  3s( 1)  3p( 5)  4d( 1)  4f( 4)
 2S1 2P1 2D1 3H1 3P  2F  2F 
  3s( 1)  3p( 5)  4d( 1)  4f( 4)
 2S1 2P1 2D1 3H1 3P  4D  2F 
  3s( 1)  3p( 5)  4d( 1)  4f( 4)
 2S1 2P1 2D1 3H1 3P  4F  2F 
  3s( 1)  3p( 5)  4d( 1)  4f( 4)
 2S1 2P1 2D1 3H2 1P  2D  2F 
  3s( 1)  3p( 5)  4d( 1)  4f( 4)
 2S1 2P1 2D1 3H2 1P  2F  2F 
  3s( 1)  3p( 5)  4d( 1)  4f( 4)
 2S1 2P1 2D1 3H2 3P  2D  2F 
  3s( 1)  3p( 5)  4d( 1)  4f( 4)
 2S1 2P1 2D1 3H2 3P  2F  2F 
  3s( 1)  3p( 5)  4d( 1)  4f( 4)
 2S1 2P1 2D1 3H2 3P  4D  2F 
  3s( 1)  3p( 5)  4d( 1)  4f( 4)
 2S1 2P1 2D1 3H2 3P  4F  2F 
  3s( 1)  3p( 5)  4d( 1)  4f( 4)
 2S1 2P1 2D1 3H3 1P  2D  2F 
  3s( 1)  3p( 5)  4d( 1)  4f( 4)
 2S1 2P1 2D1 3H3 1P  2F  2F 
  3s( 1)  3p( 5)  4d( 1)  4f( 4)
 2S1 2P1 2D1 3H3 3P  2D  2F 
  3s( 1)  3p( 5)  4d( 1)  4f( 4)
 2S1 2P1 2D1 3H3 3P  2F  2F 
  3s( 1)  3p( 5)  4d( 1)  4f( 4)
 2S1 2P1 2D1 3H3 3P  4D  2F 
  3s( 1)  3p( 5)  4d( 1)  4f( 4)
 2S1 2P1 2D1 3H3 3P  4F  2F 
  3s( 1)  3p( 5)  4d( 1)  4f( 4)
 2S1 2P1 2D1 3H4 1P  2D  2F 
  3s( 1)  3p( 5)  4d( 1)  4f( 4)
 2S1 2P1 2D1 3H4 1P  2F  2F 
  3s( 1)  3p( 5)  4d( 1)  4f( 4)
 2S1 2P1 2D1 3H4 3P  2D  2F 
  3s( 1)  3p( 5)  4d( 1)  4f( 4)
 2S1 2P1 2D1 3H4 3P  2F  2F 
  3s( 1)  3p( 5)  4d( 1)  4f( 4)
 2S1 2P1 2D1 3H4 3P  4D  2F 
  3s( 1)  3p( 5)  4d( 1)  4f( 4)
 2S1 2P1 2D1 3H4 3P  4F  2F 
  3s( 1)  3p( 5)  4d( 1)  4f( 4)
 2S1 2P1 2D1 3I1 1P  2F  2F 
  3s( 1)  3p( 5)  4d( 1)  4f( 4)
 2S1 2P1 2D1 3I1 3P  2F  2F 
  3s( 1)  3p( 5)  4d( 1)  4f( 4)
 2S1 2P1 2D1 3I1 3P  4F  2F 
  3s( 1)  3p( 5)  4d( 1)  4f( 4)
 2S1 2P1 2D1 3I2 1P  2F  2F 
  3s( 1)  3p( 5)  4d( 1)  4f( 4)
 2S1 2P1 2D1 3I2 3P  2F  2F 
  3s( 1)  3p( 5)  4d( 1)  4f( 4)
 2S1 2P1 2D1 3I2 3P  4F  2F 
  3s( 1)  3p( 5)  4d( 1)  4f( 4)
 2S1 2P1 2D1 5S0 3P  4F  2F 
  3s( 1)  3p( 5)  4d( 1)  4f( 4)
 2S1 2P1 2D1 5D1 3P  4P  2F 
  3s( 1)  3p( 5)  4d( 1)  4f( 4)
 2S1 2P1 2D1 5D1 3P  4D  2F 
  3s( 1)  3p( 5)  4d( 1)  4f( 4)
 2S1 2P1 2D1 5D1 3P  4F  2F 
  3s( 1)  3p( 5)  4d( 1)  4f( 4)
 2S1 2P1 2D1 5F1 3P  4P  2F 
  3s( 1)  3p( 5)  4d( 1)  4f( 4)
 2S1 2P1 2D1 5F1 3P  4D  2F 
  3s( 1)  3p( 5)  4d( 1)  4f( 4)
 2S1 2P1 2D1 5F1 3P  4F  2F 
  3s( 1)  3p( 5)  4d( 1)  4f( 4)
 2S1 2P1 2D1 5G1 3P  4P  2F 
  3s( 1)  3p( 5)  4d( 1)  4f( 4)
 2S1 2P1 2D1 5G1 3P  4D  2F 
  3s( 1)  3p( 5)  4d( 1)  4f( 4)
 2S1 2P1 2D1 5G1 3P  4F  2F 
  3s( 1)  3p( 5)  4d( 1)  4f( 4)
 2S1 2P1 2D1 5I1 3P  4F  2F 
  3p( 6)  3d( 2)  4f( 3)
 1S0 1S0 2F1 1S  2F 
  3p( 6)  3d( 2)  4f( 3)
 1S0 1S0 2F2 1S  2F 
  3p( 6)  3d( 2)  4f( 3)
 1S0 1D2 2P1 1D  2F 
  3p( 6)  3d( 2)  4f( 3)
 1S0 1D2 2D1 1D  2F 
  3p( 6)  3d( 2)  4f( 3)
 1S0 1D2 2D2 1D  2F 
  3p( 6)  3d( 2)  4f( 3)
 1S0 1D2 2F1 1D  2F 
  3p( 6)  3d( 2)  4f( 3)
 1S0 1D2 2F2 1D  2F 
  3p( 6)  3d( 2)  4f( 3)
 1S0 1D2 2G1 1D  2F 
  3p( 6)  3d( 2)  4f( 3)
 1S0 1D2 2G2 1D  2F 
  3p( 6)  3d( 2)  4f( 3)
 1S0 1D2 2H1 1D  2F 
  3p( 6)  3d( 2)  4f( 3)
 1S0 1D2 2H2 1D  2F 
  3p( 6)  3d( 2)  4f( 3)
 1S0 1G2 2P1 1G  2F 
  3p( 6)  3d( 2)  4f( 3)
 1S0 1G2 2D1 1G  2F 
  3p( 6)  3d( 2)  4f( 3)
 1S0 1G2 2D2 1G  2F 
  3p( 6)  3d( 2)  4f( 3)
 1S0 1G2 2F1 1G  2F 
  3p( 6)  3d( 2)  4f( 3)
 1S0 1G2 2F2 1G  2F 
  3p( 6)  3d( 2)  4f( 3)
 1S0 1G2 2G1 1G  2F 
  3p( 6)  3d( 2)  4f( 3)
 1S0 1G2 2G2 1G  2F 
  3p( 6)  3d( 2)  4f( 3)
 1S0 1G2 2H1 1G  2F 
  3p( 6)  3d( 2)  4f( 3)
 1S0 1G2 2H2 1G  2F 
  3p( 6)  3d( 2)  4f( 3)
 1S0 1G2 2I1 1G  2F 
  3p( 6)  3d( 2)  4f( 3)
 1S0 1G2 2K1 1G  2F 
  3p( 6)  3d( 2)  4f( 3)
 1S0 3P2 2D1 3P  2F 
  3p( 6)  3d( 2)  4f( 3)
 1S0 3P2 2D2 3P  2F 
  3p( 6)  3d( 2)  4f( 3)
 1S0 3P2 2F1 3P  2F 
  3p( 6)  3d( 2)  4f( 3)
 1S0 3P2 2F2 3P  2F 
  3p( 6)  3d( 2)  4f( 3)
 1S0 3P2 2G1 3P  2F 
  3p( 6)  3d( 2)  4f( 3)
 1S0 3P2 2G2 3P  2F 
  3p( 6)  3d( 2)  4f( 3)
 1S0 3P2 4D1 3P  2F 
  3p( 6)  3d( 2)  4f( 3)
 1S0 3P2 4F1 3P  2F 
  3p( 6)  3d( 2)  4f( 3)
 1S0 3P2 4G1 3P  2F 
  3p( 6)  3d( 2)  4f( 3)
 1S0 3F2 2P1 3F  2F 
  3p( 6)  3d( 2)  4f( 3)
 1S0 3F2 2D1 3F  2F 
  3p( 6)  3d( 2)  4f( 3)
 1S0 3F2 2D2 3F  2F 
  3p( 6)  3d( 2)  4f( 3)
 1S0 3F2 2F1 3F  2F 
  3p( 6)  3d( 2)  4f( 3)
 1S0 3F2 2F2 3F  2F 
  3p( 6)  3d( 2)  4f( 3)
 1S0 3F2 2G1 3F  2F 
  3p( 6)  3d( 2)  4f( 3)
 1S0 3F2 2G2 3F  2F 
  3p( 6)  3d( 2)  4f( 3)
 1S0 3F2 2H1 3F  2F 
  3p( 6)  3d( 2)  4f( 3)
 1S0 3F2 2H2 3F  2F 
  3p( 6)  3d( 2)  4f( 3)
 1S0 3F2 2I1 3F  2F 
  3p( 6)  3d( 2)  4f( 3)
 1S0 3F2 4S1 3F  2F 
  3p( 6)  3d( 2)  4f( 3)
 1S0 3F2 4D1 3F  2F 
  3p( 6)  3d( 2)  4f( 3)
 1S0 3F2 4F1 3F  2F 
  3p( 6)  3d( 2)  4f( 3)
 1S0 3F2 4G1 3F  2F 
  3p( 6)  3d( 2)  4f( 3)
 1S0 3F2 4I1 3F  2F 
  3p( 6)  3d( 1)  4s( 1)  4f( 3)
 1S0 2D1 2S1 2P1 2D  1D  2F 
  3p( 6)  3d( 1)  4s( 1)  4f( 3)
 1S0 2D1 2S1 2P1 2D  3D  2F 
  3p( 6)  3d( 1)  4s( 1)  4f( 3)
 1S0 2D1 2S1 2D1 2D  1D  2F 
  3p( 6)  3d( 1)  4s( 1)  4f( 3)
 1S0 2D1 2S1 2D1 2D  3D  2F 
  3p( 6)  3d( 1)  4s( 1)  4f( 3)
 1S0 2D1 2S1 2D2 2D  1D  2F 
  3p( 6)  3d( 1)  4s( 1)  4f( 3)
 1S0 2D1 2S1 2D2 2D  3D  2F 
  3p( 6)  3d( 1)  4s( 1)  4f( 3)
 1S0 2D1 2S1 2F1 2D  1D  2F 
  3p( 6)  3d( 1)  4s( 1)  4f( 3)
 1S0 2D1 2S1 2F1 2D  3D  2F 
  3p( 6)  3d( 1)  4s( 1)  4f( 3)
 1S0 2D1 2S1 2F2 2D  1D  2F 
  3p( 6)  3d( 1)  4s( 1)  4f( 3)
 1S0 2D1 2S1 2F2 2D  3D  2F 
  3p( 6)  3d( 1)  4s( 1)  4f( 3)
 1S0 2D1 2S1 2G1 2D  1D  2F 
  3p( 6)  3d( 1)  4s( 1)  4f( 3)
 1S0 2D1 2S1 2G1 2D  3D  2F 
  3p( 6)  3d( 1)  4s( 1)  4f( 3)
 1S0 2D1 2S1 2G2 2D  1D  2F 
  3p( 6)  3d( 1)  4s( 1)  4f( 3)
 1S0 2D1 2S1 2G2 2D  3D  2F 
  3p( 6)  3d( 1)  4s( 1)  4f( 3)
 1S0 2D1 2S1 2H1 2D  1D  2F 
  3p( 6)  3d( 1)  4s( 1)  4f( 3)
 1S0 2D1 2S1 2H1 2D  3D  2F 
  3p( 6)  3d( 1)  4s( 1)  4f( 3)
 1S0 2D1 2S1 2H2 2D  1D  2F 
  3p( 6)  3d( 1)  4s( 1)  4f( 3)
 1S0 2D1 2S1 2H2 2D  3D  2F 
  3p( 6)  3d( 1)  4s( 1)  4f( 3)
 1S0 2D1 2S1 4D1 2D  3D  2F 
  3p( 6)  3d( 1)  4s( 1)  4f( 3)
 1S0 2D1 2S1 4F1 2D  3D  2F 
  3p( 6)  3d( 1)  4s( 1)  4f( 3)
 1S0 2D1 2S1 4G1 2D  3D  2F 
  3p( 6)  3d( 1)  4d( 1)  4f( 3)
 1S0 2D1 2D1 2P1 2D  1D  2F 
  3p( 6)  3d( 1)  4d( 1)  4f( 3)
 1S0 2D1 2D1 2P1 2D  1F  2F 
  3p( 6)  3d( 1)  4d( 1)  4f( 3)
 1S0 2D1 2D1 2P1 2D  1G  2F 
  3p( 6)  3d( 1)  4d( 1)  4f( 3)
 1S0 2D1 2D1 2P1 2D  3D  2F 
  3p( 6)  3d( 1)  4d( 1)  4f( 3)
 1S0 2D1 2D1 2P1 2D  3F  2F 
  3p( 6)  3d( 1)  4d( 1)  4f( 3)
 1S0 2D1 2D1 2P1 2D  3G  2F 
  3p( 6)  3d( 1)  4d( 1)  4f( 3)
 1S0 2D1 2D1 2D1 2D  1P  2F 
  3p( 6)  3d( 1)  4d( 1)  4f( 3)
 1S0 2D1 2D1 2D1 2D  1D  2F 
  3p( 6)  3d( 1)  4d( 1)  4f( 3)
 1S0 2D1 2D1 2D1 2D  1F  2F 
  3p( 6)  3d( 1)  4d( 1)  4f( 3)
 1S0 2D1 2D1 2D1 2D  1G  2F 
  3p( 6)  3d( 1)  4d( 1)  4f( 3)
 1S0 2D1 2D1 2D1 2D  3P  2F 
  3p( 6)  3d( 1)  4d( 1)  4f( 3)
 1S0 2D1 2D1 2D1 2D  3D  2F 
  3p( 6)  3d( 1)  4d( 1)  4f( 3)
 1S0 2D1 2D1 2D1 2D  3F  2F 
  3p( 6)  3d( 1)  4d( 1)  4f( 3)
 1S0 2D1 2D1 2D1 2D  3G  2F 
  3p( 6)  3d( 1)  4d( 1)  4f( 3)
 1S0 2D1 2D1 2D2 2D  1P  2F 
  3p( 6)  3d( 1)  4d( 1)  4f( 3)
 1S0 2D1 2D1 2D2 2D  1D  2F 
  3p( 6)  3d( 1)  4d( 1)  4f( 3)
 1S0 2D1 2D1 2D2 2D  1F  2F 
  3p( 6)  3d( 1)  4d( 1)  4f( 3)
 1S0 2D1 2D1 2D2 2D  1G  2F 
  3p( 6)  3d( 1)  4d( 1)  4f( 3)
 1S0 2D1 2D1 2D2 2D  3P  2F 
  3p( 6)  3d( 1)  4d( 1)  4f( 3)
 1S0 2D1 2D1 2D2 2D  3D  2F 
  3p( 6)  3d( 1)  4d( 1)  4f( 3)
 1S0 2D1 2D1 2D2 2D  3F  2F 
  3p( 6)  3d( 1)  4d( 1)  4f( 3)
 1S0 2D1 2D1 2D2 2D  3G  2F 
  3p( 6)  3d( 1)  4d( 1)  4f( 3)
 1S0 2D1 2D1 2F1 2D  1S  2F 
  3p( 6)  3d( 1)  4d( 1)  4f( 3)
 1S0 2D1 2D1 2F1 2D  1P  2F 
  3p( 6)  3d( 1)  4d( 1)  4f( 3)
 1S0 2D1 2D1 2F1 2D  1D  2F 
  3p( 6)  3d( 1)  4d( 1)  4f( 3)
 1S0 2D1 2D1 2F1 2D  1F  2F 
  3p( 6)  3d( 1)  4d( 1)  4f( 3)
 1S0 2D1 2D1 2F1 2D  1G  2F 
  3p( 6)  3d( 1)  4d( 1)  4f( 3)
 1S0 2D1 2D1 2F1 2D  3S  2F 
  3p( 6)  3d( 1)  4d( 1)  4f( 3)
 1S0 2D1 2D1 2F1 2D  3P  2F 
  3p( 6)  3d( 1)  4d( 1)  4f( 3)
 1S0 2D1 2D1 2F1 2D  3D  2F 
  3p( 6)  3d( 1)  4d( 1)  4f( 3)
 1S0 2D1 2D1 2F1 2D  3F  2F 
  3p( 6)  3d( 1)  4d( 1)  4f( 3)
 1S0 2D1 2D1 2F1 2D  3G  2F 
  3p( 6)  3d( 1)  4d( 1)  4f( 3)
 1S0 2D1 2D1 2F2 2D  1S  2F 
  3p( 6)  3d( 1)  4d( 1)  4f( 3)
 1S0 2D1 2D1 2F2 2D  1P  2F 
  3p( 6)  3d( 1)  4d( 1)  4f( 3)
 1S0 2D1 2D1 2F2 2D  1D  2F 
  3p( 6)  3d( 1)  4d( 1)  4f( 3)
 1S0 2D1 2D1 2F2 2D  1F  2F 
  3p( 6)  3d( 1)  4d( 1)  4f( 3)
 1S0 2D1 2D1 2F2 2D  1G  2F 
  3p( 6)  3d( 1)  4d( 1)  4f( 3)
 1S0 2D1 2D1 2F2 2D  3S  2F 
  3p( 6)  3d( 1)  4d( 1)  4f( 3)
 1S0 2D1 2D1 2F2 2D  3P  2F 
  3p( 6)  3d( 1)  4d( 1)  4f( 3)
 1S0 2D1 2D1 2F2 2D  3D  2F 
  3p( 6)  3d( 1)  4d( 1)  4f( 3)
 1S0 2D1 2D1 2F2 2D  3F  2F 
  3p( 6)  3d( 1)  4d( 1)  4f( 3)
 1S0 2D1 2D1 2F2 2D  3G  2F 
  3p( 6)  3d( 1)  4d( 1)  4f( 3)
 1S0 2D1 2D1 2G1 2D  1P  2F 
  3p( 6)  3d( 1)  4d( 1)  4f( 3)
 1S0 2D1 2D1 2G1 2D  1D  2F 
  3p( 6)  3d( 1)  4d( 1)  4f( 3)
 1S0 2D1 2D1 2G1 2D  1F  2F 
  3p( 6)  3d( 1)  4d( 1)  4f( 3)
 1S0 2D1 2D1 2G1 2D  1G  2F 
  3p( 6)  3d( 1)  4d( 1)  4f( 3)
 1S0 2D1 2D1 2G1 2D  3P  2F 
  3p( 6)  3d( 1)  4d( 1)  4f( 3)
 1S0 2D1 2D1 2G1 2D  3D  2F 
  3p( 6)  3d( 1)  4d( 1)  4f( 3)
 1S0 2D1 2D1 2G1 2D  3F  2F 
  3p( 6)  3d( 1)  4d( 1)  4f( 3)
 1S0 2D1 2D1 2G1 2D  3G  2F 
  3p( 6)  3d( 1)  4d( 1)  4f( 3)
 1S0 2D1 2D1 2G2 2D  1P  2F 
  3p( 6)  3d( 1)  4d( 1)  4f( 3)
 1S0 2D1 2D1 2G2 2D  1D  2F 
  3p( 6)  3d( 1)  4d( 1)  4f( 3)
 1S0 2D1 2D1 2G2 2D  1F  2F 
  3p( 6)  3d( 1)  4d( 1)  4f( 3)
 1S0 2D1 2D1 2G2 2D  1G  2F 
  3p( 6)  3d( 1)  4d( 1)  4f( 3)
 1S0 2D1 2D1 2G2 2D  3P  2F 
  3p( 6)  3d( 1)  4d( 1)  4f( 3)
 1S0 2D1 2D1 2G2 2D  3D  2F 
  3p( 6)  3d( 1)  4d( 1)  4f( 3)
 1S0 2D1 2D1 2G2 2D  3F  2F 
  3p( 6)  3d( 1)  4d( 1)  4f( 3)
 1S0 2D1 2D1 2G2 2D  3G  2F 
  3p( 6)  3d( 1)  4d( 1)  4f( 3)
 1S0 2D1 2D1 2H1 2D  1D  2F 
  3p( 6)  3d( 1)  4d( 1)  4f( 3)
 1S0 2D1 2D1 2H1 2D  1F  2F 
  3p( 6)  3d( 1)  4d( 1)  4f( 3)
 1S0 2D1 2D1 2H1 2D  1G  2F 
  3p( 6)  3d( 1)  4d( 1)  4f( 3)
 1S0 2D1 2D1 2H1 2D  3D  2F 
  3p( 6)  3d( 1)  4d( 1)  4f( 3)
 1S0 2D1 2D1 2H1 2D  3F  2F 
  3p( 6)  3d( 1)  4d( 1)  4f( 3)
 1S0 2D1 2D1 2H1 2D  3G  2F 
  3p( 6)  3d( 1)  4d( 1)  4f( 3)
 1S0 2D1 2D1 2H2 2D  1D  2F 
  3p( 6)  3d( 1)  4d( 1)  4f( 3)
 1S0 2D1 2D1 2H2 2D  1F  2F 
  3p( 6)  3d( 1)  4d( 1)  4f( 3)
 1S0 2D1 2D1 2H2 2D  1G  2F 
  3p( 6)  3d( 1)  4d( 1)  4f( 3)
 1S0 2D1 2D1 2H2 2D  3D  2F 
  3p( 6)  3d( 1)  4d( 1)  4f( 3)
 1S0 2D1 2D1 2H2 2D  3F  2F 
  3p( 6)  3d( 1)  4d( 1)  4f( 3)
 1S0 2D1 2D1 2H2 2D  3G  2F 
  3p( 6)  3d( 1)  4d( 1)  4f( 3)
 1S0 2D1 2D1 2I1 2D  1F  2F 
  3p( 6)  3d( 1)  4d( 1)  4f( 3)
 1S0 2D1 2D1 2I1 2D  1G  2F 
  3p( 6)  3d( 1)  4d( 1)  4f( 3)
 1S0 2D1 2D1 2I1 2D  3F  2F 
  3p( 6)  3d( 1)  4d( 1)  4f( 3)
 1S0 2D1 2D1 2I1 2D  3G  2F 
  3p( 6)  3d( 1)  4d( 1)  4f( 3)
 1S0 2D1 2D1 2K1 2D  1G  2F 
  3p( 6)  3d( 1)  4d( 1)  4f( 3)
 1S0 2D1 2D1 2K1 2D  3G  2F 
  3p( 6)  3d( 1)  4d( 1)  4f( 3)
 1S0 2D1 2D1 4S1 2D  3F  2F 
  3p( 6)  3d( 1)  4d( 1)  4f( 3)
 1S0 2D1 2D1 4D1 2D  3P  2F 
  3p( 6)  3d( 1)  4d( 1)  4f( 3)
 1S0 2D1 2D1 4D1 2D  3D  2F 
  3p( 6)  3d( 1)  4d( 1)  4f( 3)
 1S0 2D1 2D1 4D1 2D  3F  2F 
  3p( 6)  3d( 1)  4d( 1)  4f( 3)
 1S0 2D1 2D1 4D1 2D  3G  2F 
  3p( 6)  3d( 1)  4d( 1)  4f( 3)
 1S0 2D1 2D1 4F1 2D  3S  2F 
  3p( 6)  3d( 1)  4d( 1)  4f( 3)
 1S0 2D1 2D1 4F1 2D  3P  2F 
  3p( 6)  3d( 1)  4d( 1)  4f( 3)
 1S0 2D1 2D1 4F1 2D  3D  2F 
  3p( 6)  3d( 1)  4d( 1)  4f( 3)
 1S0 2D1 2D1 4F1 2D  3F  2F 
  3p( 6)  3d( 1)  4d( 1)  4f( 3)
 1S0 2D1 2D1 4F1 2D  3G  2F 
  3p( 6)  3d( 1)  4d( 1)  4f( 3)
 1S0 2D1 2D1 4G1 2D  3P  2F 
  3p( 6)  3d( 1)  4d( 1)  4f( 3)
 1S0 2D1 2D1 4G1 2D  3D  2F 
  3p( 6)  3d( 1)  4d( 1)  4f( 3)
 1S0 2D1 2D1 4G1 2D  3F  2F 
  3p( 6)  3d( 1)  4d( 1)  4f( 3)
 1S0 2D1 2D1 4G1 2D  3G  2F 
  3p( 6)  3d( 1)  4d( 1)  4f( 3)
 1S0 2D1 2D1 4I1 2D  3F  2F 
  3p( 6)  3d( 1)  4d( 1)  4f( 3)
 1S0 2D1 2D1 4I1 2D  3G  2F 
  3p( 6)  4s( 2)  4f( 3)
 1S0 1S0 2F1 1S  2F 
  3p( 6)  4s( 2)  4f( 3)
 1S0 1S0 2F2 1S  2F 
  3p( 6)  4s( 1)  4d( 1)  4f( 3)
 1S0 2S1 2D1 2P1 2S  1D  2F 
  3p( 6)  4s( 1)  4d( 1)  4f( 3)
 1S0 2S1 2D1 2P1 2S  3D  2F 
  3p( 6)  4s( 1)  4d( 1)  4f( 3)
 1S0 2S1 2D1 2D1 2S  1D  2F 
  3p( 6)  4s( 1)  4d( 1)  4f( 3)
 1S0 2S1 2D1 2D1 2S  3D  2F 
  3p( 6)  4s( 1)  4d( 1)  4f( 3)
 1S0 2S1 2D1 2D2 2S  1D  2F 
  3p( 6)  4s( 1)  4d( 1)  4f( 3)
 1S0 2S1 2D1 2D2 2S  3D  2F 
  3p( 6)  4s( 1)  4d( 1)  4f( 3)
 1S0 2S1 2D1 2F1 2S  1D  2F 
  3p( 6)  4s( 1)  4d( 1)  4f( 3)
 1S0 2S1 2D1 2F1 2S  3D  2F 
  3p( 6)  4s( 1)  4d( 1)  4f( 3)
 1S0 2S1 2D1 2F2 2S  1D  2F 
  3p( 6)  4s( 1)  4d( 1)  4f( 3)
 1S0 2S1 2D1 2F2 2S  3D  2F 
  3p( 6)  4s( 1)  4d( 1)  4f( 3)
 1S0 2S1 2D1 2G1 2S  1D  2F 
  3p( 6)  4s( 1)  4d( 1)  4f( 3)
 1S0 2S1 2D1 2G1 2S  3D  2F 
  3p( 6)  4s( 1)  4d( 1)  4f( 3)
 1S0 2S1 2D1 2G2 2S  1D  2F 
  3p( 6)  4s( 1)  4d( 1)  4f( 3)
 1S0 2S1 2D1 2G2 2S  3D  2F 
  3p( 6)  4s( 1)  4d( 1)  4f( 3)
 1S0 2S1 2D1 2H1 2S  1D  2F 
  3p( 6)  4s( 1)  4d( 1)  4f( 3)
 1S0 2S1 2D1 2H1 2S  3D  2F 
  3p( 6)  4s( 1)  4d( 1)  4f( 3)
 1S0 2S1 2D1 2H2 2S  1D  2F 
  3p( 6)  4s( 1)  4d( 1)  4f( 3)
 1S0 2S1 2D1 2H2 2S  3D  2F 
  3p( 6)  4s( 1)  4d( 1)  4f( 3)
 1S0 2S1 2D1 4D1 2S  3D  2F 
  3p( 6)  4s( 1)  4d( 1)  4f( 3)
 1S0 2S1 2D1 4F1 2S  3D  2F 
  3p( 6)  4s( 1)  4d( 1)  4f( 3)
 1S0 2S1 2D1 4G1 2S  3D  2F 
  3p( 6)  4p( 2)  4f( 3)
 1S0 1S0 2F1 1S  2F 
  3p( 6)  4p( 2)  4f( 3)
 1S0 1S0 2F2 1S  2F 
  3p( 6)  4p( 2)  4f( 3)
 1S0 1D2 2P1 1D  2F 
  3p( 6)  4p( 2)  4f( 3)
 1S0 1D2 2D1 1D  2F 
  3p( 6)  4p( 2)  4f( 3)
 1S0 1D2 2D2 1D  2F 
  3p( 6)  4p( 2)  4f( 3)
 1S0 1D2 2F1 1D  2F 
  3p( 6)  4p( 2)  4f( 3)
 1S0 1D2 2F2 1D  2F 
  3p( 6)  4p( 2)  4f( 3)
 1S0 1D2 2G1 1D  2F 
  3p( 6)  4p( 2)  4f( 3)
 1S0 1D2 2G2 1D  2F 
  3p( 6)  4p( 2)  4f( 3)
 1S0 1D2 2H1 1D  2F 
  3p( 6)  4p( 2)  4f( 3)
 1S0 1D2 2H2 1D  2F 
  3p( 6)  4p( 2)  4f( 3)
 1S0 3P2 2D1 3P  2F 
  3p( 6)  4p( 2)  4f( 3)
 1S0 3P2 2D2 3P  2F 
  3p( 6)  4p( 2)  4f( 3)
 1S0 3P2 2F1 3P  2F 
  3p( 6)  4p( 2)  4f( 3)
 1S0 3P2 2F2 3P  2F 
  3p( 6)  4p( 2)  4f( 3)
 1S0 3P2 2G1 3P  2F 
  3p( 6)  4p( 2)  4f( 3)
 1S0 3P2 2G2 3P  2F 
  3p( 6)  4p( 2)  4f( 3)
 1S0 3P2 4D1 3P  2F 
  3p( 6)  4p( 2)  4f( 3)
 1S0 3P2 4F1 3P  2F 
  3p( 6)  4p( 2)  4f( 3)
 1S0 3P2 4G1 3P  2F 
  3p( 6)  4p( 1)  4f( 4)
 1S0 2P1 1D1 2P  2F 
  3p( 6)  4p( 1)  4f( 4)
 1S0 2P1 1D2 2P  2F 
  3p( 6)  4p( 1)  4f( 4)
 1S0 2P1 1D3 2P  2F 
  3p( 6)  4p( 1)  4f( 4)
 1S0 2P1 1D4 2P  2F 
  3p( 6)  4p( 1)  4f( 4)
 1S0 2P1 1F1 2P  2F 
  3p( 6)  4p( 1)  4f( 4)
 1S0 2P1 1G1 2P  2F 
  3p( 6)  4p( 1)  4f( 4)
 1S0 2P1 1G2 2P  2F 
  3p( 6)  4p( 1)  4f( 4)
 1S0 2P1 1G3 2P  2F 
  3p( 6)  4p( 1)  4f( 4)
 1S0 2P1 1G4 2P  2F 
  3p( 6)  4p( 1)  4f( 4)
 1S0 2P1 3D1 2P  2F 
  3p( 6)  4p( 1)  4f( 4)
 1S0 2P1 3D2 2P  2F 
  3p( 6)  4p( 1)  4f( 4)
 1S0 2P1 3F1 2P  2F 
  3p( 6)  4p( 1)  4f( 4)
 1S0 2P1 3F2 2P  2F 
  3p( 6)  4p( 1)  4f( 4)
 1S0 2P1 3F3 2P  2F 
  3p( 6)  4p( 1)  4f( 4)
 1S0 2P1 3F4 2P  2F 
  3p( 6)  4p( 1)  4f( 4)
 1S0 2P1 3G1 2P  2F 
  3p( 6)  4p( 1)  4f( 4)
 1S0 2P1 3G2 2P  2F 
  3p( 6)  4p( 1)  4f( 4)
 1S0 2P1 3G3 2P  2F 
  3p( 6)  4d( 2)  4f( 3)
 1S0 1S0 2F1 1S  2F 
  3p( 6)  4d( 2)  4f( 3)
 1S0 1S0 2F2 1S  2F 
  3p( 6)  4d( 2)  4f( 3)
 1S0 1D2 2P1 1D  2F 
  3p( 6)  4d( 2)  4f( 3)
 1S0 1D2 2D1 1D  2F 
  3p( 6)  4d( 2)  4f( 3)
 1S0 1D2 2D2 1D  2F 
  3p( 6)  4d( 2)  4f( 3)
 1S0 1D2 2F1 1D  2F 
  3p( 6)  4d( 2)  4f( 3)
 1S0 1D2 2F2 1D  2F 
  3p( 6)  4d( 2)  4f( 3)
 1S0 1D2 2G1 1D  2F 
  3p( 6)  4d( 2)  4f( 3)
 1S0 1D2 2G2 1D  2F 
  3p( 6)  4d( 2)  4f( 3)
 1S0 1D2 2H1 1D  2F 
  3p( 6)  4d( 2)  4f( 3)
 1S0 1D2 2H2 1D  2F 
  3p( 6)  4d( 2)  4f( 3)
 1S0 1G2 2P1 1G  2F 
  3p( 6)  4d( 2)  4f( 3)
 1S0 1G2 2D1 1G  2F 
  3p( 6)  4d( 2)  4f( 3)
 1S0 1G2 2D2 1G  2F 
  3p( 6)  4d( 2)  4f( 3)
 1S0 1G2 2F1 1G  2F 
  3p( 6)  4d( 2)  4f( 3)
 1S0 1G2 2F2 1G  2F 
  3p( 6)  4d( 2)  4f( 3)
 1S0 1G2 2G1 1G  2F 
  3p( 6)  4d( 2)  4f( 3)
 1S0 1G2 2G2 1G  2F 
  3p( 6)  4d( 2)  4f( 3)
 1S0 1G2 2H1 1G  2F 
  3p( 6)  4d( 2)  4f( 3)
 1S0 1G2 2H2 1G  2F 
  3p( 6)  4d( 2)  4f( 3)
 1S0 1G2 2I1 1G  2F 
  3p( 6)  4d( 2)  4f( 3)
 1S0 1G2 2K1 1G  2F 
  3p( 6)  4d( 2)  4f( 3)
 1S0 3P2 2D1 3P  2F 
  3p( 6)  4d( 2)  4f( 3)
 1S0 3P2 2D2 3P  2F 
  3p( 6)  4d( 2)  4f( 3)
 1S0 3P2 2F1 3P  2F 
  3p( 6)  4d( 2)  4f( 3)
 1S0 3P2 2F2 3P  2F 
  3p( 6)  4d( 2)  4f( 3)
 1S0 3P2 2G1 3P  2F 
  3p( 6)  4d( 2)  4f( 3)
 1S0 3P2 2G2 3P  2F 
  3p( 6)  4d( 2)  4f( 3)
 1S0 3P2 4D1 3P  2F 
  3p( 6)  4d( 2)  4f( 3)
 1S0 3P2 4F1 3P  2F 
  3p( 6)  4d( 2)  4f( 3)
 1S0 3P2 4G1 3P  2F 
  3p( 6)  4d( 2)  4f( 3)
 1S0 3F2 2P1 3F  2F 
  3p( 6)  4d( 2)  4f( 3)
 1S0 3F2 2D1 3F  2F 
  3p( 6)  4d( 2)  4f( 3)
 1S0 3F2 2D2 3F  2F 
  3p( 6)  4d( 2)  4f( 3)
 1S0 3F2 2F1 3F  2F 
  3p( 6)  4d( 2)  4f( 3)
 1S0 3F2 2F2 3F  2F 
  3p( 6)  4d( 2)  4f( 3)
 1S0 3F2 2G1 3F  2F 
  3p( 6)  4d( 2)  4f( 3)
 1S0 3F2 2G2 3F  2F 
  3p( 6)  4d( 2)  4f( 3)
 1S0 3F2 2H1 3F  2F 
  3p( 6)  4d( 2)  4f( 3)
 1S0 3F2 2H2 3F  2F 
  3p( 6)  4d( 2)  4f( 3)
 1S0 3F2 2I1 3F  2F 
  3p( 6)  4d( 2)  4f( 3)
 1S0 3F2 4S1 3F  2F 
  3p( 6)  4d( 2)  4f( 3)
 1S0 3F2 4D1 3F  2F 
  3p( 6)  4d( 2)  4f( 3)
 1S0 3F2 4F1 3F  2F 
  3p( 6)  4d( 2)  4f( 3)
 1S0 3F2 4G1 3F  2F 
  3p( 6)  4d( 2)  4f( 3)
 1S0 3F2 4I1 3F  2F 
  3p( 6)  4f( 5)
 1S0 2F1 2F 
  3p( 6)  4f( 5)
 1S0 2F2 2F 
  3p( 6)  4f( 5)
 1S0 2F3 2F 
  3p( 6)  4f( 5)
 1S0 2F4 2F 
  3p( 6)  4f( 5)
 1S0 2F5 2F 
  3p( 6)  4f( 5)
 1S0 2F6 2F 
  3p( 6)  4f( 5)
 1S0 2F7 2F 
*
